tree
version=v4
num_class=1
num_tree_per_iteration=1
label_index=0
max_feature_idx=133
objective=binary sigmoid:1
feature_names=Column_0 Column_1 Column_2 Column_3 Column_4 Column_5 Column_6 Column_7 Column_8 Column_9 Column_10 Column_11 Column_12 Column_13 Column_14 Column_15 Column_16 Column_17 Column_18 Column_19 Column_20 Column_21 Column_22 Column_23 Column_24 Column_25 Column_26 Column_27 Column_28 Column_29 Column_30 Column_31 Column_32 Column_33 Column_34 Column_35 Column_36 Column_37 Column_38 Column_39 Column_40 Column_41 Column_42 Column_43 Column_44 Column_45 Column_46 Column_47 Column_48 Column_49 Column_50 Column_51 Column_52 Column_53 Column_54 Column_55 Column_56 Column_57 Column_58 Column_59 Column_60 Column_61 Column_62 Column_63 Column_64 Column_65 Column_66 Column_67 Column_68 Column_69 Column_70 Column_71 Column_72 Column_73 Column_74 Column_75 Column_76 Column_77 Column_78 Column_79 Column_80 Column_81 Column_82 Column_83 Column_84 Column_85 Column_86 Column_87 Column_88 Column_89 Column_90 Column_91 Column_92 Column_93 Column_94 Column_95 Column_96 Column_97 Column_98 Column_99 Column_100 Column_101 Column_102 Column_103 Column_104 Column_105 Column_106 Column_107 Column_108 Column_109 Column_110 Column_111 Column_112 Column_113 Column_114 Column_115 Column_116 Column_117 Column_118 Column_119 Column_120 Column_121 Column_122 Column_123 Column_124 Column_125 Column_126 Column_127 Column_128 Column_129 Column_130 Column_131 Column_132 Column_133
feature_infos=[0:0.92151623964309692] [0:0.89883607625961304] [0:0.87250876426696777] [0:0.40507414937019348] [0:0.39883610606193542] [0:0.587890625] [0:0.32441803812980652] [0:0.31158322095870972] [0:0.4444754421710968] [0:0.41147160530090332] [0:0.39275750517845154] [0:0.34265387058258057] [0:0.33185186982154846] [0:0.41521844267845154] [0:0.40449616312980652] [0:0.98297989368438721] [0:0.99037390947341919] [0:0.91334503889083862] [0:0.67789381742477417] [0:0.41968271136283875] [0:0.51837533712387085] [0:0.39223933219909668] [9.9649238109122962e-05:0.5378069281578064] [7.9719386121723801e-05:0.36762595176696777] [1.992984653043095e-05:0.35977360606193542] [0:0.67590081691741943] [0:0.44034996628761292] [0:0.34386956691741943] [0:0.38032126426696777] [0:0.42360889911651611] [0:0.41318559646606445] [0:0.49836575984954834] [0:0.99137037992477417] [0:0.92315053939819336] [0:0.87155210971832275] [0:0.45894452929496765] [0:0.37015703320503235] [0:0.41208943724632263] [0:0.30966997146606445] [0:0.42426657676696777] [0:0.40676817297935486] [0:0.68016582727432251] [0:0.38831314444541931] [0:0.56660556793212891] [0:0.56953525543212891] [0:0.34558355808258057] [0:0.44377788901329041] [0:0.63946908712387085] [0:1] [0:0.97158002853393555] [0:0.87535876035690308] [0:0.56742268800735474] [0:0.53908240795135498] [0:0.37757095694541931] [0:0.51662147045135498] [0:0.28451848030090332] [0:0.83727282285690308] [0:0.95398199558258057] [0:0.8264508843421936] [0:0.43496891856193542] [0:0.39277741312980652] [0:0.31981426477432251] [0:0.2635323703289032] [0:0.73034918308258057] [0:1] [0:0.65565210580825806] [0:0.57447785139083862] [0:0.4910714328289032] [0:0.79149395227432251] [0:0.43506854772567749] [0:0.40134724974632263] [0:0.44355866312980652] [0:0.60536909103393555] [0:0.2848772406578064] [0:0.42346939444541931] [0:0.28148916363716125] [0:0.31036749482154846] [0:0.8623843789100647] [0:0.52222180366516113] [0:0.91709184646606445] [0:0.92151623964309692] [0:0.89987242221832275] [0:0.87266820669174194] [0:0.38777503371238708] [0:0.39883610606193542] [0:0.587890625] [0:0.34610173106193542] [0:0.34468671679496765] [0:0.32178729772567749] [0:0.68008607625961304] [0:0.38653936982154846] [0:0.5856584906578064] [0:0.56985414028167725] [0:0.41559711098670959] [0:0.44377788901329041] [0:0.98297989368438721] [5.2993464469909668:253.44329833984375] [3.5768337249755859:108.34662628173828] [-4.8801851272583008:7.7179093360900879] [1.6751633882522583:207.52664184570312] [4.1829171180725098:101.11313629150391] [-2.3006417751312256:13.935581207275391] [1.1069436073303223:214.71881103515625] [4.2191705703735352:107.223388671875] [-3.0516190528869629:20.510540008544922] [0:158.12294006347656] [0:86.234367370605469] [-8.0961408615112305:23.071588516235352] [0:249.99929809570312] [0:123.60355377197266] [-8.820094108581543:21.765176773071289] [5.4847736358642578:253.48068237304688] [3.578902006149292:108.34129333496094] [-4.8994731903076172:7.7232246398925781] [8.8926172256469727:169.335205078125] [18.607738494873047:184.22079467773438] [346.24789428710938:33937.30078125] [174.01148986816406:1139.9482421875] [0.010814868845045567:0.19448502361774445] [0.010084408335387707:0.18091064691543579] [0.0025971918366849422:0.074405483901500702] [0.017023781314492226:0.20172876119613647] [0.00044639233965426683:0.031389497220516205] [0.00030435840017162263:0.017409300431609154] [0.00097394693875685334:0.032241702079772949] [0.0037740443367511034:0.19247625768184662] [0.013980196788907051:0.2276398092508316] [0.0013188864104449749:0.054703351110219955] [0.00066958850948140025:0.017470173537731171] [0.0019884749781340361:0.041900008916854858] [0.011443876661360264:0.17401185631752014] [0.0023131240159273148:0.068318314850330353] [0.019864458590745926:0.22009171545505524] [0.13566268980503082:0.89381951093673706]
tree_sizes=3384 3425 3436 3434 3430 3426 3440 3441 3432 3438 3450 3447 3438 3445 3449 3442 3450 3447 3437 3460 3442 3447 3448 3455 2919 3448 3461 3350 3450 3442 3438 3428 3457 3451 3452 3444 3449 3450 3451 2616 3461 3455 2619 3149 2507 3330 2614 3455 3451 2817 2603 3451 2283 3464 2496 2596 2377 2278 2708 3349 1550 1223 2168 2911 1644 2710 3235 3022 2067 2281 1757 3434 3140 1976 2490 1540 2177 2707 2502 2086 1970 1868 3351 2405 2388 2078 2612 2487 2595 2911 2282 2498 2819 1659 2279 1959 3467 1538 2068 1423 2371 1974 1867 2383 2084 2494 2614 1766 2588 3452 3459 2601 1980 2380 1962 1966 2184 1643 2076 2282 2171 3457 2291 1863 2069 1971 2604 3462 3013 2712 2278 3032 1872 1858 2486 1954 1441 2812 2919 2722 2490 2158 1638 2283 2600 2175 2279 1646 2175 1551 1329 1657 1745 1327 2396 2304 3260 2824 1756 3135 2072 2382 2816 2805 3334 2710 3131 1546 2083 2480 3446 3231 1231 2514 2495 2930 2506 2924 2275 3258 3457 2510 1866 3442 1639 3121 3460 1237 2811 1649 2297 3452 3465 3011 1537 3023 3446 2811 2731 1855

Tree=0
num_leaves=31
num_cat=0
split_feature=76 113 108 15 63 100 58 122 57 104 12 120 40 132 40 94 122 57 45 89 65 25 66 37 80 95 72 46 53 6
split_gain=417.545 127.141 93.2874 69.3286 54.8079 50.3531 43.7745 45.5642 29.0137 27.1008 23.5539 30.583 21.5687 26.9607 21.3779 20.805 20.5297 18.3933 17.7822 16.4834 14.6336 12.596 10.9703 6.86515 14.388 12.7894 5.22653 4.9124 3.36925 3.9236
threshold=0.0038564254064112906 0.91335105895996105 113.64062500000001 0.00094666774384677421 0.0032983897253870968 77.537399291992202 0.15909000486135486 0.012143900617957117 0.050571987405419357 1.007928788661957 0.0339405294507742 0.01760206185281277 0.0060487084556370982 0.047307442873716361 0.10381457209587099 0.014219945762306454 0.01125111570581794 0.14173110574483874 0.0095563614740967768 0.024812659248709682 0.12056560814380647 0.023786272853612903 0.18471978604793551 0.04454320669174195 0.048319915309548385 0.035415338352322585 0.11188616231083871 0.0014050542376935484 0.0018634407315403225 0.060935508459806449
decision_type=2 2 2 2 2 2 2 2 2 2 2 2 2 2 2 2 2 2 2 2 2 2 2 2 2 2 2 2 2 2
left_child=1 4 3 8 15 12 7 9 19 -6 11 -7 -5 -14 -9 16 -1 23 27 -2 -10 -19 -8 28 26 -26 -25 -3 -4 -30
right_child=2 18 17 5 6 10 22 14 20 -11 -12 -13 13 -15 -16 -17 -18 21 -20 -21 -22 -23 -24 24 25 -27 -28 -29 29 -31
leaf_value=-0.57350708768573344 -0.64039431409284653 -0.71721528699606552 -0.77329653550741473 -0.77280910366984767 -0.61140029446905486 -0.59225163542186376 -0.55297734492711459 -0.67238021660367953 -0.65234129987882994 -0.72669055288465889 -0.57878616439509256 -0.74828733009019144 -0.6433082130650376 -0.72798588439539424 -0.74548575243416371 -0.55925032188113699 -0.67615580147882781 -0.75371260745583246 -0.67530039553055199 -0.74204195265765116 -0.57104351855469915 -0.66851682742910912 -0.6433082130650376 -0.77491094336942556 -0.74204195265765116 -0.6497604179320321 -0.73153836333928801 -0.76552056407516877 -0.7625077091645649 -0.72234772268572023
leaf_weight=9.7419635653495806 6.8636561483144787 7.3064726740121868 81.69964899122715 25.019133701920509 44.503060832619667 5.0923900455236462 13.948720559477808 38.525037735700607 11.070413142442705 5.7566148340702048 7.7492891997098914 8.1921057254075986 9.9633718281984311 166.2776053994894 13.505904033780096 31.882789850234985 9.7419635653495771 7.970697462558749 10.627596616744993 9.520555302500723 11.070413142442701 9.520555302500723 4.4281652569770804 25.683358490467072 9.520555302500723 6.1994313597679129 9.520555302500723 18.819702342152596 42.953202992677689 7.0850644111633292
leaf_count=42 25 21 189 58 175 21 63 128 39 16 33 21 36 460 35 142 32 20 35 25 48 32 16 59 25 22 26 45 104 20
internal_value=-0.704076 -0.645416 -0.730645 -0.710941 -0.627381 -0.721673 -0.645794 -0.658559 -0.649019 -0.624605 -0.648062 -0.688474 -0.729366 -0.723199 -0.691357 -0.584126 -0.624831 -0.756322 -0.72983 -0.69946 -0.611692 -0.70734 -0.574744 -0.761012 -0.745421 -0.705649 -0.763181 -0.752011 -0.767039 -0.756821
internal_weight=669.76 208.788 460.972 260.819 172.034 222.294 120.668 102.291 38.525 50.2597 21.0338 13.2845 201.26 176.241 52.0309 51.3667 19.4839 200.153 36.7538 16.3842 22.1408 17.4913 18.3769 182.662 50.9239 15.72 35.2039 26.1262 131.738 50.0383
internal_count=2013 750 1263 766 649 629 433 354 137 191 75 42 554 496 163 216 74 497 101 50 87 52 79 445 132 47 85 66 313 124
is_linear=0
shrinkage=1


Tree=1
num_leaves=31
num_cat=0
split_feature=76 104 74 104 38 121 15 64 132 12 15 85 0 48 76 113 57 122 14 43 14 57 3 49 57 67 121 18 72 73
split_gain=374.4 117.154 63.7952 56.2035 52.9855 46.5131 35.0931 31.7478 28.638 25.0763 23.8473 22.9773 21.9719 24.7747 20.8817 18.9472 18.7656 16.74 14.5816 15.849 18.6645 14.2049 12.5975 10.4729 9.98768 9.84915 6.67438 13.7605 6.26753 3.2845
threshold=0.0079420441761612909 0.94049456715583812 0.0027204242069274191 1.86113977432251 0.062430245801806457 0.084997158497571959 0.00032884247775655245 0.3303970098495484 0.043898629024624831 0.061473613604903228 0.00060786033282056462 0.035186145454645164 0.025131536647677425 0.064144212752580657 0.001285475096665323 0.70353606343269359 0.034508530050516135 0.012103319633752109 0.0036172671243548398 0.01263552298769355 0.015943877398967746 0.077845983207225813 0.049406090751290328 0.30551458895206457 0.25291971862316137 0.062370454892516143 0.048200227320194251 0.04649633169174195 0.070103235542774214 0.026137994602322582
decision_type=2 2 2 2 2 2 2 2 2 2 2 2 2 2 2 2 2 2 2 2 2 2 2 2 2 2 2 2 2 2
left_child=1 2 14 5 9 7 -6 12 -3 21 -7 -8 23 -14 15 17 -9 -1 -10 29 -21 -4 -11 -2 28 -18 27 -5 -12 -20
right_child=3 8 4 26 6 10 11 16 18 22 24 -13 13 -15 -16 -17 25 -19 19 20 -22 -23 -24 -25 -26 -27 -28 -29 -30 -31
leaf_value=0.13197702319252957 -0.054366143111478818 0.066227188255550101 0.063688949476131365 -0.0734225999055758 0.10996428038979644 0.047178376981398859 0.11982226158394596 -0.00015917973037669734 0.028366990370091123 0.077675262521442634 -0.061521286390386079 -0.002407688478943259 0.11018966749440384 -0.001394225072997312 -0.0089079019732587455 0.018825199705894219 0.11031755076698911 0.084293150017451565 -0.069407023367710721 0.06932212447768217 -0.042520690015698796 0.13187613361917017 -0.019907175435779158 -0.0068126160124972876 -0.0021386485647705211 0.025329346795316451 -0.062446073094636873 0.013299091824198013 -0.03168489160197515 -0.033034070906190018
leaf_weight=38.362518832087517 30.644787952303886 9.5528131425380689 12.155622586607931 9.120584189891817 8.836906358599661 6.924936816096305 4.0731422007083884 11.334262907505037 9.7140165418386442 6.1415738910436612 68.860490247607231 68.612553909420967 5.3776547610759726 66.348102763295174 4.4830476194620124 6.309800758957862 11.005528569221495 35.380735963582993 22.712399825453762 6.227908566594123 9.3014810532331449 20.550949558615685 7.1668267846107483 18.608975455164909 10.365880787372587 4.9387231469154349 114.748147174716 9.1765754669904691 23.645111605525017 8.5404116511344892
leaf_count=164 76 35 44 21 36 24 17 34 32 23 166 204 22 199 13 20 45 135 53 23 24 88 20 55 31 16 277 29 64 23
internal_value=-3.91024e-05 0.0443093 0.0624194 -0.0315766 0.0400928 -0.0179668 0.0158803 0.000301073 -0.0138395 0.082989 -0.0426338 0.0044418 -0.0106858 0.0069718 0.096103 0.101984 0.0490274 0.109099 -0.0273778 -0.0389528 0.00233277 0.106534 0.0251253 -0.0363995 -0.0486796 0.0839925 -0.0579741 -0.0299291 -0.0538949 -0.0594674
internal_weight=669.222 278.123 212.074 391.1 127.538 258.054 81.5226 148.258 66.049 46.015 109.796 72.6857 120.98 71.7258 84.5361 80.0531 27.2785 73.7433 56.4962 46.7822 15.5294 32.7066 13.3084 49.2538 102.871 15.9443 133.045 18.2972 92.5056 31.2528
internal_count=2013 954 764 1059 432 732 257 447 190 175 285 221 352 221 332 319 95 299 155 123 47 132 43 131 261 61 327 50 230 76
is_linear=0
shrinkage=0.05


Tree=2
num_leaves=31
num_cat=0
split_feature=76 104 74 104 38 0 110 120 132 15 2 73 104 65 12 57 108 123 92 50 40 129 14 78 3 57 43 109 82 64
split_gain=337.17 103.458 56.8516 52.9455 45.2176 41.5599 29.8886 29.4591 25.3992 24.6781 23.0961 29.7624 20.9338 20.8794 20.389 18.5422 17.3852 17.058 16.2522 14.8244 14.7984 13.5059 13.3751 13.2332 12.0014 11.1812 10.778 18.1372 10.0952 10.0466
threshold=0.0079420441761612909 0.99475815892219555 0.0034578284248709683 1.7684115767478945 0.061094945296645171 0.057228554040193565 0.93528473377227794 0.014862835872918369 0.044365311041474349 0.00032884247775655245 0.0068658322561532268 0.00070750957820564519 0.60540670156478893 0.12989278137683871 0.061473613604903228 0.14338528364896777 69.858528137207045 0.006908935960382224 0.043855627998709686 0.0082708862610161322 0.076391104608774199 0.0242573656141758 0.0036172671243548398 0.030602280050516132 0.049406090751290328 0.077845983207225813 0.01263552298769355 43.242712020874031 0.044792331755161292 0.32128906250000006
decision_type=2 2 2 2 2 2 2 2 2 2 2 2 2 2 2 2 2 2 2 2 2 2 2 2 2 2 2 2 2 2
left_child=1 2 10 5 14 15 19 -8 -3 -6 11 -1 -12 -9 25 21 -11 -14 -17 -7 -13 -2 -10 -21 -16 -4 -24 -28 -23 -5
right_child=3 8 4 29 9 6 7 13 22 16 12 20 17 -15 24 18 -18 -19 -20 23 -22 28 26 -25 -26 -27 27 -29 -30 -31
leaf_value=0.10504923309613967 -0.053238619970833206 0.062923477136244743 0.06141064650962922 -0.060907783180567568 0.096668478000817404 0.057095122323475515 0.11960003255713579 -0.039159987196949381 0.025818733352561542 -0.006627740124945135 0.11431117220163874 0.053493500681763409 0.085437766411480626 0.062911596794287747 0.080119167086403417 -0.035906342031464526 0.060617102242982127 -0.02186206991919688 0.043386486075478653 0.0040383418941110014 -0.05105525838820224 -0.052056466716284368 -0.058706975642782447 -0.038415636478372969 -0.019038029488300589 0.1247494826175316 0.062028724416466868 -0.054968378162478231 0.013415819490961566 -0.02355657585099797
leaf_weight=11.040896564722063 86.183454558253288 8.6011177152395231 11.480863690376284 117.10393404960632 7.9352075308561316 7.5566603094339362 9.8680362254381198 9.6026273965835589 8.9078459441661817 61.778822705149651 56.681911244988441 6.0302016735076887 11.564769521355631 10.475798383355139 5.3401805609464628 13.118319258093836 11.382689803838728 5.4493230432271949 12.736345231533049 38.038555964827538 7.7150256484746933 9.5012225508689898 29.065730556845665 35.473072692751884 7.1205206662416458 17.724572777748108 5.8111279010772687 7.704098254442215 15.480483517050741 21.273767575621605
leaf_count=44 217 31 41 289 31 27 41 25 29 181 231 21 44 38 20 35 41 15 44 116 19 24 72 94 20 74 21 19 49 60
internal_value=-7.04278e-05 0.0415687 0.0573704 -0.0303866 0.0346692 -0.0165625 0.00617547 0.0488615 -0.0166115 0.0129181 0.0856687 0.0439166 0.0997111 0.0140953 0.0770042 -0.0349851 0.00383442 0.0510715 0.00315434 -0.00959265 -0.00518842 -0.0438555 -0.0298977 -0.0164478 0.023457 0.0998505 -0.0415535 -0.00466325 -0.0114851 -0.0551655
internal_weight=667.747 281.335 221.245 386.412 122.763 248.035 111.015 29.9465 60.0899 81.0967 98.4821 24.7861 73.696 20.0784 41.6661 137.02 73.1615 17.0141 25.8547 81.0683 13.7452 111.165 51.4888 73.5116 12.4607 29.2054 42.581 13.5152 24.9817 138.378
internal_count=2013 954 782 1059 408 710 341 104 172 253 374 84 290 63 155 369 222 59 79 237 40 290 141 210 40 115 112 40 73 349
is_linear=0
shrinkage=0.05


Tree=3
num_leaves=31
num_cat=0
split_feature=76 104 74 104 121 38 132 0 15 70 15 58 132 122 105 12 14 108 15 78 108 50 15 77 133 57 43 107 114 121
split_gain=304.36 91.982 50.129 49.8945 41.1531 32.3443 27.0766 26.1481 21.4635 21.3762 20.5064 19.665 25.0138 19.3051 22.7153 18.8737 18.823 17.9064 17.6943 17.6131 15.3454 14.245 11.7499 9.1494 9.02883 8.88866 8.68021 8.62452 8.51655 6.24518
threshold=0.0079420441761612909 0.90160053968429577 0.0034578284248709683 1.86113977432251 0.084997158497571959 0.061094945296645171 0.073441684246063246 0.060247927904129035 0.00060786033282056462 0.038215480744838722 8.9684312115423395e-05 0.015246333088725807 0.043898629024624831 0.012103319633752109 62.401994705200202 0.061473613604903228 0.014678332488983871 73.193939208984389 0.00094666774384677421 0.030602280050516132 22.928959846496586 0.0719268172979355 0.0062280769925564536 0.014518893323838713 0.49586072564125067 0.25291971862316137 0.047781808301806457 1.3954006433486941 39.633230209350593 0.048200227320194251
decision_type=2 2 2 2 2 2 2 2 2 2 2 2 2 2 2 2 2 2 2 2 2 2 2 2 2 2 2 2 2 2
left_child=1 2 13 4 7 15 11 18 -6 21 -7 28 -13 27 20 24 -14 -12 -2 -11 -15 -9 -8 -20 -4 -10 -16 -1 -3 -5
right_child=3 6 5 29 8 10 22 9 25 19 17 12 16 14 26 -17 -18 -19 23 -21 -22 -23 -24 -25 -26 -27 -28 -29 -30 -31
leaf_value=0.11158137598000484 0.062162619065135365 -0.06075207050900111 0.11039269114843385 -0.027373675099477662 0.044455375644948586 0.10787626723684658 0.010635687432761618 0.071138418081149554 -0.051132973322438637 0.017557586690673494 -0.0019072941812826553 0.1330026130662281 0.070693529617920414 0.066403892063279762 0.049836132537381818 0.020095189511147568 -0.040014959984710913 0.073922628710532942 -0.0047527983671276693 -0.052252176431667796 -0.01124366713747183 -0.023876194572136723 -0.056235511538047206 -0.043786256475009222 0.037950404919998397 -0.0022295961664903644 0.12362493577794864 0.050758257943155617 0.012313023280410625 -0.059272972184169027
leaf_weight=44.615110456943512 5.7872044444084159 7.4313631802797344 20.613445058465008 17.844215035438538 7.0113040357828131 5.4997937679290763 8.6642092019319517 23.573028296232227 89.383160457015038 37.533827185630798 61.806053519248962 6.5650183409452465 7.8291063755750638 12.808695137500765 5.7961886078119305 12.284587264060972 7.5342579185962677 8.9071035683155042 24.037224128842354 11.899916157126425 12.644399747252463 4.7375767678022376 27.163302525877953 39.986970379948616 5.4353008717298499 10.369751676917074 12.758566707372664 6.7040127962827674 8.6080012768506986 109.48323418200016
leaf_count=180 21 18 83 50 24 22 27 87 230 119 184 28 29 46 20 39 20 33 72 30 36 13 68 105 18 31 53 23 27 277
internal_value=-9.65013e-05 0.0391296 0.0560127 -0.0292523 -0.0164603 0.0337205 -0.00888572 0.000648321 -0.0401057 0.0205936 0.0148774 0.020535 0.0513102 0.0827994 0.0585013 0.0711837 0.0164016 0.00764432 -0.0215635 0.000752662 0.0278307 0.0552384 -0.040064 -0.0291315 0.095277 -0.0460493 0.100575 0.103636 -0.0215395 -0.0548025
internal_weight=665.316 283.669 209.873 381.647 254.32 114.546 73.7953 147.556 106.764 77.7443 76.213 37.9677 21.9284 95.327 44.0079 38.3333 15.3634 70.7132 69.8114 49.4337 25.4531 28.3106 35.8275 64.0242 26.0487 99.7529 18.5548 51.3191 16.0394 127.327
internal_count=2013 954 737 1059 732 379 217 447 285 249 239 122 77 358 155 140 49 217 198 149 82 100 95 177 101 261 73 203 45 327
is_linear=0
shrinkage=0.05


Tree=4
num_leaves=31
num_cat=0
split_feature=76 104 41 74 15 38 121 15 50 108 132 85 37 62 45 124 12 97 35 2 122 0 115 27 3 121 84 64 75 67
split_gain=275.273 82.4387 47.243 45.3907 37.4444 37.2263 30.27 25.187 23.2162 21.3729 20.3151 19.3115 18.3184 17.1029 15.0318 23.785 14.8453 14.6779 14.5793 12.1645 23.7175 11.7061 11.4384 10.1969 9.61476 8.4963 9.85827 19.6842 8.24175 7.71144
threshold=0.0079420441761612909 1.0563246011734011 0.013362962286919357 0.0027204242069274191 0.00074736925307661306 0.062430245801806457 0.091885805130004897 0.00032884247775655245 0.045360330492258079 67.133350372314467 0.058933934196829803 0.035186145454645164 0.031060665845870975 0.017348932102322582 0.015804369002580646 0.017236831597983841 0.061473613604903228 54.245740890502937 0.078742824494838728 0.0068658322561532268 0.012316370382905008 0.16035554558038714 99.181304931640639 0.028549505397677425 0.049406090751290328 0.072305414825677886 0.036949934437870986 0.34292291104793554 0.021574059501290325 0.12978316098451617
decision_type=2 2 2 2 2 2 2 2 2 2 2 2 2 2 2 2 2 2 2 2 2 2 2 2 2 2 2 2 2 2
left_child=1 3 9 14 8 16 13 -7 -4 -2 12 -9 -3 18 15 17 23 -1 -6 20 -16 -21 -14 -5 -18 26 -11 -28 -15 -12
right_child=2 10 4 5 6 7 -8 11 -10 25 29 -13 22 28 19 -17 24 -19 -20 21 -22 -23 -24 -25 -26 -27 27 -29 -30 -31
leaf_value=0.11854595955121133 0.022229897283004226 -0.03705060536506373 0.1014903804090104 0.048213442946734283 0.043211463337922404 0.089065203291355144 -0.04711995342615944 0.10607025499138203 -0.00078152500151423962 -0.064422439857880931 -0.05444625196018598 -0.0034790532845982236 0.10621292155667483 0.0032258562380802196 0.10483276722805222 -0.014577776364952817 0.065245018033039767 0.03591547255945586 -0.0049503946474077336 0.11430650631749413 -0.022053361525754617 0.036196881083745282 0.0095251465352377464 0.10205034096145925 -0.019084241758037707 -0.059736030707702871 -0.03762843106791644 0.052550762472784299 -0.044708723582325444 -0.0010422359328354409
leaf_weight=11.189987286925321 10.749719336628912 7.9202888607978847 11.083827152848245 14.02979803085327 24.391390144824982 9.4458677023649198 60.547233551740646 4.2578100264072409 11.112352773547171 22.966014295816422 26.176452055573463 72.906970456242561 6.468291759490965 13.417393758893011 9.0674865245819074 9.9620574563741666 6.4323493242263776 10.340836152434347 44.166199147701263 39.840662613511086 6.2016770243644705 5.4532566964626303 5.8032141774892807 23.573539614677429 7.1230036914348602 101.74187777936459 42.527059197425842 7.0551543086767188 27.037076532840729 9.1130140870809537
leaf_count=46 35 21 44 48 84 36 160 17 33 57 67 216 26 41 36 28 23 34 133 162 17 18 18 93 20 260 116 25 71 28
internal_value=-0.000116922 0.0369329 -0.0281708 0.0501384 -0.010779 0.0319747 -0.0187731 0.0119994 0.0502887 -0.0461938 -0.0177694 0.00256568 0.0222289 -0.00302868 0.0773219 0.0493032 0.0657924 0.0788601 0.0121846 0.0918916 0.0532971 0.104902 0.0604891 0.0819638 0.0209321 -0.050414 -0.0373407 -0.0247966 -0.0288104 -0.0406554
internal_weight=662.102 285.307 376.795 229.825 191.755 137.769 169.559 86.6106 22.1962 185.04 55.4813 77.1648 20.1918 109.012 92.056 31.4929 51.1587 21.5308 68.5576 60.5631 15.2692 45.2939 12.2715 37.6033 13.5554 174.29 72.5482 49.5822 40.4545 35.2895
internal_count=2013 954 1059 794 566 453 489 269 77 493 160 233 65 329 341 108 184 80 217 233 53 180 44 141 43 458 198 141 112 95
is_linear=0
shrinkage=0.05


Tree=5
num_leaves=31
num_cat=0
split_feature=76 104 104 57 109 0 129 76 120 107 132 122 102 87 35 48 110 101 15 68 115 51 119 114 117 16 63 58 121 18
split_gain=249.399 73.6776 45.0426 38.9554 39.8111 37.2563 31.1467 28.6664 24.9699 21.6263 19.7457 19.3173 18.8234 18.303 16.1183 15.8476 13.7954 12.2731 11.6482 14.473 11.5858 16.7282 9.04211 8.27237 7.62947 8.05334 7.27775 6.37054 5.85131 12.6317
threshold=0.0079420441761612909 0.99475815892219555 1.86113977432251 0.23028937727212909 28.228940963745121 0.025131536647677425 0.022370343096554283 0.030074139125645164 0.014862835872918369 0.8598507046699525 0.044365311041474349 0.012996104080229999 135.371940612793 0.072963166981935515 0.077337771654129042 0.072295520454645171 1.1334027051925661 0.63576635718345653 0.0062280769925564536 0.047981107607483871 84.944152832031264 0.055325254797935493 0.077256307005882277 67.10278701782228 788.52645874023449 0.0146584021858871 0.021733498200774196 0.039770010858774192 0.048200227320194251 0.04649633169174195
decision_type=2 2 2 2 2 2 2 2 2 2 2 2 2 2 2 2 2 2 2 2 2 2 2 2 2 2 2 2 2 2
left_child=1 3 5 4 16 12 9 8 14 -6 -3 -10 24 -8 -7 -9 17 -1 19 -12 26 23 -17 -22 -2 -26 -5 -20 29 -4
right_child=2 10 28 20 6 7 13 15 11 -11 18 -13 -14 -15 -16 22 -18 -19 27 -21 21 -23 -24 -25 25 -27 -28 -29 -30 -31
leaf_value=0.071922964634201392 -0.055500377854523143 0.053711126814812583 -0.069272976859397012 0.1109791262291383 0.062709334538941786 0.10941966888131323 0.035170570395165801 0.062561795837734815 -0.016301503720757407 0.012946982600697939 -0.043234533337276053 0.041977233022046222 0.045623512244213328 -0.035883912926004666 0.019019624733851825 -0.020999001985324173 0.10486241401866377 -0.016564919271975707 -0.059018681940509299 0.056342693474600816 0.043105077686351898 -0.028435252677085333 -0.070222368059945958 0.12209359750048426 -0.044571775692994704 0.0019698578035977116 0.056457074621311922 -0.014929816050541445 -0.056556020292682918 0.015883234237021229
leaf_weight=14.229471877217295 56.466975659132004 8.8877496570348722 8.4268352687358874 30.066714376211166 46.249373152852058 11.169683277606966 13.297873944044111 4.9868237972259513 38.632293328642845 41.357242926955223 6.7948955893516523 22.500358924269676 6.2820194214582434 28.46019671857357 8.8279837071895582 50.522495150566101 22.57272469997406 5.4077735245227805 22.243295446038246 7.881742000579834 7.0603354126214999 4.8310006260871878 11.442748218774794 6.247982069849968 24.386516243219376 15.018941789865492 7.6849866062402716 12.971239373087881 104.31538890302181 9.0120419114828092
leaf_count=52 146 31 21 122 166 45 44 18 111 128 18 77 22 75 28 145 90 15 57 28 24 13 28 26 65 47 27 38 277 29
internal_value=-0.000133525 0.0349517 -0.0271313 0.0478467 0.0360369 -0.0149952 0.0222793 0.00102883 0.0210134 0.0392176 -0.0149501 0.00514845 -0.0382235 -0.0132566 0.0695125 -0.0231878 0.0782014 0.0475549 -0.0271816 0.0102411 0.0841003 0.051259 -0.0300888 0.0801886 -0.0437175 -0.026833 0.0998803 -0.0427786 -0.0520744 -0.0252661
internal_weight=658.236 286.245 371.991 227.466 171.575 250.237 129.365 148.082 81.1303 87.6066 58.7789 61.1327 102.154 41.7581 19.9977 66.9521 42.21 19.6372 49.8912 14.6766 55.891 18.1393 61.9652 13.3083 95.8724 39.4055 37.7517 35.2145 121.754 17.4389
internal_count=2013 954 1059 782 570 732 413 452 261 294 172 188 280 119 73 191 157 67 141 46 212 63 173 50 258 112 149 95 327 50
is_linear=0
shrinkage=0.05


Tree=6
num_leaves=31
num_cat=0
split_feature=76 104 104 74 0 38 76 120 128 14 132 37 102 30 132 48 35 76 122 115 12 115 10 75 113 117 16 15 121 18
split_gain=226.167 65.9629 42.4854 36.3372 34.3741 30.9436 25.9483 22.1 22.0194 18.3482 17.4179 19.3729 17.2649 15.8432 14.7667 14.2962 14.0427 13.2886 13.1426 15.2419 12.8966 12.6342 10.2158 8.88718 8.48098 7.28595 7.48677 7.2221 5.6229 11.8631
threshold=0.0079420441761612909 1.0563246011734011 1.86113977432251 0.0027204242069274191 0.025131536647677425 0.062430245801806457 0.030074139125645164 0.014862835872918369 0.0060364417731761941 0.014269770588725807 0.058274490758776672 0.031060665845870975 135.371940612793 0.00044842156057711696 0.078453455120325102 0.072295520454645171 0.077337771654129042 0.0011260363971814515 0.012103319633752109 77.489070892333999 0.071847099810838713 99.181304931640639 0.023935746401548389 0.062529893592000022 0.7927214801311494 788.52645874023449 0.0146584021858871 0.0062280769925564536 0.048200227320194251 0.053491709753870971
decision_type=2 2 2 2 2 2 2 2 2 2 2 2 2 2 2 2 2 2 2 2 2 2 2 2 2 2 2 2 2 2
left_child=1 3 4 17 12 20 7 16 14 -9 11 -3 25 -10 -7 -8 -6 18 24 -20 22 -13 -5 -17 -1 -2 -27 -12 29 -4
right_child=2 10 28 5 6 8 15 9 13 -11 27 21 -14 -15 -16 23 -18 -19 19 -21 -22 -23 -24 -25 -26 26 -28 -29 -30 -31
leaf_value=0.099031835446685326 -0.054032682129944547 -0.041281503208680945 -0.062994757671404097 0.025608802507501412 0.10184495877419385 0.028189949928560071 0.058388343016565369 0.035520674738171061 0.076328901007728725 -0.019577637025578666 0.0026347135741918368 0.11061054938752042 0.042641036545307501 -0.0091541898469971912 0.12731024047583953 -0.042231602401849838 0.01796544605299235 -0.0023110289492631617 0.090646021617249162 0.027768593775407548 0.0095006998938446975 0.0080562881413812609 0.084987466844512957 -0.0016192934273855644 0.029694573546732897 -0.043152860347715864 0.0018698388837223735 -0.050480022030662923 -0.055214194526982688 0.020189623418545605
leaf_weight=42.12984924018383 55.134801238775253 7.5850643813610104 9.2193236947059649 9.3541800975799543 11.394110500812532 11.082844749093058 5.0737445801496497 27.168915584683418 5.9180159568786612 34.04192166030407 8.4455220103263837 6.179066598415373 6.3826280087232581 64.446193411946297 5.6848739981651297 41.192950561642647 8.8773814737796766 6.1317955106496802 16.030886590480804 24.168616816401482 10.477147758007048 5.8430512696504593 32.103013902902603 20.016241550445557 4.9257698804140082 23.940423384308815 15.03088830411434 26.422650098800659 101.57782123982906 8.0097476094961149
leaf_count=167 146 20 24 30 45 36 18 91 22 97 26 25 22 187 24 111 28 18 62 78 32 18 122 62 16 65 47 71 277 26
internal_value=-0.000148333 0.0331086 -0.026145 0.0447141 -0.0143772 0.0285143 0.000965773 0.0198634 0.0103054 0.00487819 -0.0164137 0.0212892 -0.0369386 -0.00196459 0.0617954 -0.0222653 0.0651121 0.0688379 0.0738378 0.0528431 0.0590639 0.0607666 0.0715896 -0.0289508 0.0917736 -0.042336 -0.025788 -0.0376149 -0.0507344 -0.0243226
internal_weight=653.989 286.929 367.061 232.453 248.254 139.066 147.765 81.4823 87.1319 61.2108 54.4754 19.6072 100.489 70.3642 16.7677 66.2829 20.2715 93.3869 87.2551 40.1995 51.9343 12.0221 41.4572 61.2092 47.0556 94.1061 38.9713 34.8682 118.807 17.2291
internal_count=2013 954 1059 794 732 453 452 261 269 188 160 63 280 209 60 191 73 341 323 140 184 43 152 173 183 258 112 97 327 50
is_linear=0
shrinkage=0.05


Tree=7
num_leaves=31
num_cat=0
split_feature=76 113 108 15 100 78 122 80 46 57 40 120 12 120 89 45 109 57 26 107 50 60 79 118 50 80 37 101 125 72
split_gain=205.476 62.874 59.8846 39.8016 33.1851 28.1322 27.5645 33.462 19.7483 18.0249 17.7875 18.7303 16.4596 19.6788 15.485 13.9161 13.4347 12.7068 11.3839 11.2648 10.0187 9.64507 9.40201 6.3164 5.19309 4.491 8.40505 3.76315 2.15161 0.854076
threshold=0.0039760044310241946 0.91335105895996105 115.08109664916994 0.00094666774384677421 77.537399291992202 0.003537547774612904 0.010845304932445289 0.00012954400881426412 0.010792012326419355 0.050571987405419357 0.0060487084556370982 0.015836782753467563 0.0339405294507742 0.01760206185281277 0.024812659248709682 0.0095563614740967768 30.198651313781742 0.14173110574483874 0.025918765924870971 1.1038631796836855 0.018624442629516128 0.022142060101032261 0.054418446496129043 0.15541554987430575 0.079400509595870986 0.0743682235479355 0.042121730744838722 1.9493687152862551 0.074395343661308302 0.027622767724096779
decision_type=2 2 2 2 2 2 2 2 2 2 2 2 2 2 2 2 2 2 2 2 2 2 2 2 2 2 2 2 2 2
left_child=1 5 3 9 10 6 18 16 -9 14 29 -12 13 -6 -2 27 -8 23 19 -1 -19 -20 24 25 -11 28 -27 -3 -4 -5
right_child=2 15 17 4 12 -7 7 8 -10 22 11 -13 -14 -15 -16 -17 -18 20 21 -21 -22 -23 -24 -25 -26 26 -28 -29 -30 -31
leaf_value=0.070015113216433639 0.057017609893675825 -0.026238872633612888 -0.067240939722874857 -0.04758784925289046 0.082366803097766672 -0.053264389264125744 0.038547513074798812 0.023499566889496684 0.078011200645500489 0.10883441779000694 0.019730842235416067 -0.022756561696121745 0.10001016787436033 -0.040775897234549024 -0.040616893816014563 0.024822337595065247 -0.025499225377512369 0.042857407239469861 0.095970586729910656 -0.016107823420368102 -0.03553694364545381 0.040906310747049666 0.021152829819195224 -0.0032348558200577999 0.048409404301159711 -0.048244753665845887 0.00027263003248146755 -0.065793064906447749 -0.050573602489544303 -0.068397883198312734
leaf_weight=11.099820822477342 7.0304602235555675 13.773391366004946 36.451399117708206 7.2158307880163219 5.5577763020992297 6.3531250804662696 12.831208407878874 26.847983136773109 43.58967998623848 11.143458873033529 31.957400009036064 137.75298461318016 8.3414120078086835 7.7939077764749527 9.6154115945100767 10.718414232134817 22.626629427075386 7.1459177583456066 49.535122737288475 5.7709031552076331 9.485173821449278 9.4734287261962873 7.24929255247116 7.5471853762865058 5.2220654487609854 58.884734988212585 10.521602466702459 10.672717437148092 41.303193673491478 15.567837774753569
leaf_count=41 25 39 96 20 21 16 43 86 164 45 104 397 33 21 25 35 62 25 196 16 26 32 23 24 18 165 33 27 115 40
internal_value=-0.00015923 0.0386881 -0.0205316 -0.00514443 -0.0137181 0.0501589 0.0537736 0.0372919 0.0572336 0.0404674 -0.0203249 -0.0147559 0.0449082 0.0104835 0.000619486 -0.02268 -0.00232249 -0.0433825 0.0767751 0.0405554 -0.00185307 0.0871304 0.0685558 -0.0478469 0.0895534 -0.0501348 -0.0408898 -0.0435075 -0.0583873 -0.0618071
internal_weight=649.079 223.292 425.787 254.448 214.187 188.128 181.775 105.896 70.4377 40.2607 192.494 169.71 21.6931 13.3517 16.6459 35.1645 35.4578 171.339 75.8793 16.8707 16.6311 59.0086 23.6148 154.708 16.3655 147.161 69.4063 24.4461 77.7546 22.7837
internal_count=2013 757 1256 772 636 656 640 355 250 136 561 501 75 42 50 101 105 484 285 57 51 228 86 433 63 409 198 66 211 60
is_linear=0
shrinkage=0.05


Tree=8
num_leaves=31
num_cat=0
split_feature=77 104 103 63 104 0 132 126 110 55 14 78 40 67 70 25 114 58 11 124 48 34 129 41 115 90 14 55 0 48
split_gain=187.53 64.4425 34.2677 33.6776 29.9479 28.2516 25.8338 21.7675 21.5983 20.5545 19.294 17.326 17.9371 15.0496 20.6279 13.1503 21.7817 16.7465 12.7204 12.2241 12.0836 10.309 10.0531 11.5862 8.9704 8.90593 8.72019 6.97651 5.74552 5.36176
threshold=0.010871731676161291 0.40147240459918981 62.921812057495124 0.040876116603612907 1.9604731202125552 0.057228554040193565 0.039647756144404418 0.071006815880537047 1.7302405834198 0.0064772004261612901 0.00038863201916683471 0.001285475096665323 0.10381457209587099 0.02737364545464516 0.038215480744838722 0.064502950757741942 52.324962615966804 0.067900989204645171 0.021912867203354839 0.016607823781669143 0.11058075726032258 0.037209024652838714 0.023466033861041073 0.022789780050516132 108.57797241210939 0.027832031250000003 0.0034179687500000004 0.0045838649384677419 0.00012954400881426412 0.1236846297979355
decision_type=2 2 2 2 2 2 2 2 2 2 2 2 2 2 2 2 2 2 2 2 2 2 2 2 2 2 2 2 2 2
left_child=1 3 7 15 5 21 -4 26 20 24 -7 12 27 -12 -15 25 -17 -18 -11 -10 -9 -2 29 -24 -8 -1 -3 -5 -27 -23
right_child=4 2 6 11 -6 10 9 8 19 18 13 -13 -14 14 -16 16 17 -19 -20 -21 -22 22 23 -25 -26 28 -28 -29 -30 -31
leaf_value=0.043780461429999556 0.044589429177201274 0.011089200359446149 0.10847232319149387 0.035436618927513965 -0.050583670736878077 0.10176132297079461 0.014553994379285104 0.034643296975304098 0.093828280066287989 0.0048568207507566231 -0.041842505408803854 -0.035617147636612674 -0.025532293740862189 0.047263572658548594 -0.010106839529622845 0.080764063251945295 0.0043636841162980359 0.074594591406347402 0.077159081613464797 0.012096563693993428 -0.019106013463921059 -0.012726480793680293 -0.044891348969856956 0.025988457975450477 -0.042780311613386031 0.053614503630880564 -0.0499070943863546 0.11152005435088025 0.10499100240991288 -0.054957515638648285
leaf_weight=11.075174152851103 3.7316710799932471 7.0797545462846747 10.121607184410093 5.9449113905429858 104.28809341788292 4.534552961587905 17.39794705808163 13.06312085688114 9.1723310500383395 9.1805907934904116 20.46237251162529 14.562926679849623 7.2490536570549002 22.02102817595005 54.310883745551109 30.384658679366112 29.016000330448151 11.997715726494787 18.031165242195129 9.1271089762449247 52.405196592211723 8.5798679739236814 12.296499237418177 10.855223670601843 11.222979709506033 6.725657805800437 33.995313957333565 6.1092948913574219 28.506766259670258 60.612193629145622
leaf_count=38 13 22 41 20 299 18 55 44 36 28 56 39 20 77 162 117 88 45 68 29 153 26 34 37 29 24 90 25 116 164
internal_value=-0.000168708 0.0251579 0.00582339 0.0494959 -0.02891 -0.0174599 0.0349766 -0.00957822 0.00504163 0.021653 0.000958525 0.00555721 0.0366203 -0.00376382 0.00644398 0.0621378 0.0486786 0.0249083 0.052766 0.0530634 -0.00838123 -0.0368855 -0.0401779 -0.0116577 -0.00792822 0.0828897 -0.0393937 0.0739971 0.0951835 -0.0497208
internal_weight=644.062 342.369 190.797 151.572 301.692 197.404 65.9543 124.843 83.7678 55.8327 101.329 33.8662 19.3033 96.7943 76.3319 117.706 71.3984 41.0137 27.2118 18.2994 65.4683 96.0755 92.3438 23.1517 28.6209 46.3076 41.0751 12.0542 35.2324 69.1921
internal_count=2013 1127 595 532 886 587 221 374 262 180 313 104 65 295 239 428 250 133 96 65 197 274 261 71 84 178 112 45 140 190
is_linear=0
shrinkage=0.05


Tree=9
num_leaves=31
num_cat=0
split_feature=77 104 103 63 104 0 130 55 126 64 83 102 78 40 105 60 75 19 40 105 127 120 40 57 117 130 76 15 52 6
split_gain=170.884 58.0315 30.8807 30.1812 28.4079 26.3885 23.3722 20.9675 20.2417 17.3731 16.2527 16.4012 15.7042 16.0998 13.6565 13.422 12.7455 15.73 11.6424 12.4071 11.3812 10.9178 10.254 8.88159 8.791 7.74959 12.2893 7.6853 7.40538 5.51906
threshold=0.010871731676161291 0.40147240459918981 62.921812057495124 0.040876116603612907 1.9604731202125552 0.048499282449483878 0.039252091199159629 0.0066665338817983874 0.067273356020450606 0.3665995746850968 0.13943917304277423 92.660644531250014 0.001285475096665323 0.10121372714638711 28.435715675354007 0.0036571269156411295 0.0063875161577016124 0.046157525852322585 0.087870694696903243 62.401994705200202 0.026874847710132602 0.028011118993163112 0.071119658648967757 0.040108816698193557 788.52645874023449 0.077804155647754683 0.021245216950774196 0.054418446496129043 0.030731824226677421 0.076480787247419371
decision_type=2 2 2 2 2 2 2 2 2 2 2 2 2 2 2 2 2 2 2 2 2 2 2 2 2 2 2 2 2 2
left_child=1 3 8 16 5 24 -4 27 23 20 11 21 13 -5 -11 -9 18 -18 28 -20 -10 -7 -19 -3 -2 26 -26 -8 -1 -27
right_child=4 2 6 12 -6 10 7 15 9 14 -12 -13 -14 -15 -16 -17 17 22 19 -21 -22 -23 -24 -25 25 29 -28 -29 -30 -31
leaf_value=0.091004179844582603 -0.052343980145463466 -0.061348774390388078 0.08820478823849956 0.073539865053236508 -0.049360529584928467 -0.0019914145466964797 0.0079796452952198994 -0.00072299769111923884 -0.016021020153995005 -0.0033333040306028835 0.068991488686376029 0.050829410607824067 -0.034237391285820505 -0.018956411691196818 0.07948724210804152 0.075177897095942595 -0.011746295226769829 0.028352453654225663 0.018130091508865357 0.086119590704616861 0.04644421276115504 -0.040809076416744118 0.10040249272463733 -0.0085949471523074691 0.063112851353956528 -0.067800562534929623 -0.021932251589016811 -0.047818753008924159 0.044695449849545404 -0.010101332952150722
leaf_weight=45.865458205342293 45.908704116940498 21.606312453746796 14.921842217445372 11.217799142003061 101.59753170609474 64.285442993044853 14.921357095241548 8.9072047621011752 61.245691552758217 8.7144176810979861 7.8399769365787497 11.367378085851668 14.396617487072943 8.1024418175220472 11.606879398226736 16.8297458589077 12.483454734086989 11.341733932495119 18.174546852707866 10.637453526258467 8.2776193022727949 25.220732569694519 8.746217876672743 12.649633467197416 5.5815575718879726 10.775670498609545 17.776885524392128 10.523034200072287 10.634706646203993 6.7346521914005271
leaf_count=183 128 56 58 42 299 197 46 27 181 26 29 40 39 23 44 63 36 37 58 42 29 70 35 38 21 28 53 27 37 21
internal_value=-0.000176852 0.0239312 0.0055381 0.0470078 -0.0279134 -0.0167673 0.0331426 0.0170893 -0.00916566 0.00330326 -0.000354739 -0.00574439 0.00529289 0.0347492 0.0439712 0.0489096 0.058939 0.0323312 0.0690977 0.043232 -0.00858375 -0.0129293 0.0597228 -0.0418685 -0.0373287 -0.0204617 -0.00161051 -0.0150969 0.0822877 -0.0456088
internal_weight=638.893 341.804 190.204 151.6 297.089 195.491 66.1032 51.1813 124.101 89.8446 108.714 100.874 33.7169 19.3202 20.3213 25.737 117.884 32.5714 85.3122 28.812 69.5233 89.5062 20.088 34.2559 86.7775 40.8688 23.3584 25.4444 56.5002 17.5103
internal_count=2013 1127 595 532 886 587 221 163 374 280 336 307 104 65 70 90 428 108 320 100 210 267 72 94 251 123 74 73 220 49
is_linear=0
shrinkage=0.05


Tree=10
num_leaves=31
num_cat=0
split_feature=77 43 0 74 41 15 115 132 101 123 50 66 76 67 7 9 123 70 95 108 29 121 72 123 9 45 132 15 75 64
split_gain=155.801 53.0966 30.6295 40.6647 27.2162 26.358 23.1408 22.7394 20.1126 18.4551 18.1698 14.9832 14.2314 14.0272 13.7897 13.6568 13.6266 12.6407 12.0141 11.6302 10.8 10.5935 12.8528 10.3582 6.81257 6.34531 4.38523 3.87586 4.47592 3.76279
threshold=0.010871731676161291 0.012755102012306454 0.0022520727943629031 0.00040856187115423387 0.0087990276515483874 0.0016043527284637096 82.50717926025392 0.063550036400556578 1.5243360400199892 0.006908935960382224 0.0393116232007742 0.078354191035032286 0.00034877232974395161 0.15171595662832263 0.02639708295464516 0.032884247601032264 0.0082278223708271998 0.048439493402838714 0.049675144255161292 65.772998809814467 0.0070053411182016143 0.10542975366115571 0.066615514457225813 0.0088771204464137572 0.028469786979258064 0.019880022853612903 0.075673647224903121 0.00036870216717943555 0.13469587266445163 0.3303970098495484
decision_type=2 2 2 2 2 2 2 2 2 2 2 2 2 2 2 2 2 2 2 2 2 2 2 2 2 2 2 2 2 2
left_child=1 8 3 23 19 10 24 11 12 15 25 17 -1 18 -14 -8 -11 -7 -5 -2 -16 22 -9 -3 -4 -6 -10 -21 29 -29
right_child=4 2 6 13 5 7 9 21 26 16 -12 -13 14 -15 20 -17 -18 -19 -20 27 -22 -23 -24 -25 -26 -27 -28 28 -30 -31
leaf_value=0.059725441043832109 0.034029958756814138 0.08045710995093118 0.039011986574555846 0.010394728091063177 0.047242044738072815 0.037157370540918014 0.014054039305589395 -0.034457539817015811 -0.021922435710251164 -0.029352690444079135 -0.013392173124650042 0.094675425127539681 0.073082650050314335 0.046630884152420053 -0.023966514928218607 0.067212601953657511 0.036292311851407306 -0.046011589816631032 -0.036042855091775086 -0.015147676955644783 0.019711541202672773 -0.056725622529261902 0.0079094471619735162 -0.0014976336654126672 0.087016257893808568 0.11843303816102742 -0.062920826974953922 -0.056241063802261917 -0.013090348553375531 -0.028183023789002511
leaf_weight=10.640761241316794 4.5481991916894904 22.069221585989002 9.0377053469419462 24.096229255199432 8.8956609964370745 10.439077839255338 16.827026024460793 62.417021900415421 11.845530137419702 15.102037623524668 11.26619406044483 5.5065065473318091 5.5566832572221747 10.422264784574507 41.534810915589333 42.846518009901047 16.589508831501007 8.1242056190967542 33.006770148873329 8.648324176669119 21.467484623193741 30.025200396776199 25.099748209118843 4.6715871244668952 40.558422893285751 4.8291527926921836 14.513586759567259 91.420127809047699 7.7036273628473273 13.745738148689268
leaf_count=39 16 87 31 76 31 36 53 180 35 41 33 22 21 37 117 159 56 22 89 26 71 84 83 14 161 20 40 265 26 42
internal_value=-0.000182995 0.0227967 0.0360178 0.0139546 -0.0269408 -0.0136774 0.0507723 -0.0220321 -0.00666506 0.0358463 0.0336642 0.0222441 0.00592595 -0.00671134 -0.00242405 0.0522227 0.00501036 0.000758544 -0.0164472 -0.044469 -0.0090836 -0.0310988 -0.0223067 0.0661397 0.0782686 0.072291 -0.0444965 -0.0474071 -0.0498789 -0.0525737
internal_weight=633.455 340.786 235.227 94.2661 292.669 166.603 140.961 141.612 105.559 91.3651 24.991 24.0698 79.1997 67.5253 68.559 59.6735 31.6915 18.5633 57.103 126.066 63.0023 117.542 87.5168 26.7408 49.5961 13.7248 26.3591 121.518 112.869 105.166
internal_count=2013 1127 804 303 886 511 501 427 323 309 84 80 248 202 209 212 97 58 165 375 188 347 263 101 192 51 75 359 333 307
is_linear=0
shrinkage=0.05


Tree=11
num_leaves=31
num_cat=0
split_feature=76 108 113 15 100 63 80 74 107 40 78 40 120 62 3 57 45 57 20 111 102 50 118 122 32 80 6 101 74 72
split_gain=143.046 46.5261 45.9258 30.4689 26.2948 22.4596 19.9228 21.1145 15.8848 15.089 16.0353 14.5973 15.6487 14.2112 11.4559 11.3005 11.2643 11.0865 10.7049 10.5316 10.3461 8.39906 6.14383 5.49241 8.82876 4.52828 8.28291 3.3913 2.24831 0.87452
threshold=0.0039760044310241946 115.08109664916994 0.91335105895996105 0.001036352012306452 77.537399291992202 0.0046536193694919356 0.00012954400881426412 0.00040856187115423387 1.4964032769203188 0.10381457209587099 0.0023816167376935486 0.0060487084556370982 0.015836782753467563 0.010951451025903227 0.11526427045464517 0.064732141792774214 0.0095563614740967768 0.14173110574483874 0.057397959753870971 121.41117095947267 79.071098327636733 0.018624442629516128 0.15541554987430575 0.013239590916782619 0.0012655452592298391 0.0743682235479355 0.063386876136064543 1.9493687152862551 0.081004861742258086 0.027622767724096779
decision_type=2 2 2 2 2 2 2 2 2 2 2 2 2 2 2 2 2 2 2 2 2 2 2 2 2 2 2 2 2 2
left_child=2 3 5 8 11 20 7 -7 14 10 -8 29 -13 -6 19 -15 27 22 -9 -2 -1 -19 25 -22 -25 28 -27 -4 -3 -5
right_child=1 17 16 4 13 6 9 18 -10 -11 -12 12 -14 15 -16 -17 -18 21 -20 -21 23 -23 -24 24 -26 26 -28 -29 -30 -31
leaf_value=0.016838619598039173 0.019559707275316956 -0.061999645556209931 -0.024285702326869524 -0.043277683257588739 0.090703060440045891 0.071121196912043369 0.061026484644354076 -0.048883187170689173 -0.017008702848780668 -0.0077594949460083997 -0.026971317757474439 0.018294392438070236 -0.020898577536690541 -0.032518027907201562 0.11619924435055017 0.060895047793332692 0.021073645537901885 0.040837491200817852 0.0076283515115871912 0.094006575138623483 0.087582486344818689 -0.031743719583255219 0.0015322035015985559 0.011234557265343547 0.075402226426182425 -0.044089457806813295 0.0050681209516961418 -0.062787115647354619 -0.043821459672004973 -0.065337319632752522
leaf_weight=9.4303663074970228 18.95488806068898 41.973285302519798 13.471438348293306 6.6601057648658779 8.4173422604799288 8.7899478077888471 60.506954178214073 14.255364730954168 11.071597620844839 11.853810876607893 5.6613132804632178 31.515930995345116 132.72456316649914 7.5421543568372709 5.7871723175048819 5.672656387090683 10.811717376112936 7.1189717352390316 20.332713097333908 6.3392758518457404 30.950152009725571 9.0565626472234708 7.1930712759494773 7.6349005252122906 17.994846671819687 53.897131040692329 10.189240828156469 9.9392081946134549 28.599620446562767 13.805906862020491
leaf_count=30 61 123 39 20 33 34 222 36 32 35 16 103 393 21 24 21 35 25 63 25 126 26 24 24 70 164 34 27 88 39
internal_value=-0.000189406 -0.0178072 0.0321252 -0.00431792 -0.0122314 0.0418513 0.0290878 0.00192284 0.0344184 0.0441907 0.0534975 -0.0183397 -0.0133779 0.0399248 0.0527375 0.00758094 -0.0211375 -0.0390185 -0.0156627 0.0382177 0.0653249 0.000199805 -0.0434906 0.0734062 0.0562872 -0.0458955 -0.0362738 -0.0406318 -0.0546329 -0.0581586
internal_weight=628.152 406.519 221.633 248.492 206.339 187.41 121.4 43.378 42.1529 78.0221 66.1683 184.707 164.24 21.6322 31.0813 13.2148 34.2224 158.028 34.5881 25.2942 66.0103 16.1755 141.852 56.5799 25.6297 134.659 64.0864 23.4106 70.5729 20.466
internal_count=2013 1256 757 772 630 656 406 133 142 273 238 555 496 75 110 42 101 484 99 86 250 51 433 220 94 409 198 66 211 59
is_linear=0
shrinkage=0.05


Tree=12
num_leaves=31
num_cat=0
split_feature=75 104 45 15 120 12 73 65 13 58 63 103 80 126 48 15 62 102 100 86 118 132 5 38 16 0 17 69 68 117
split_gain=131.472 60.0643 32.5155 24.728 28.1898 22.0686 26.5932 20.9527 19.5747 19.2012 27.4599 16.9588 16.1735 14.8789 13.6506 10.3382 9.86284 9.47023 9.16194 8.36994 8.20686 7.04776 4.33725 4.62487 8.52957 3.11123 6.93739 2.85462 2.61149 1.24926
threshold=0.021574059501290325 2.1810032129287724 0.022909359075129036 8.9684312115423395e-05 0.019448502920567993 0.026377152651548389 0.0050123564433306464 0.053013391792774207 0.014578682836145164 0.0066565689630806455 0.012525908648967745 36.935836791992195 0.017388790845870975 0.077712848782539382 0.47239716351032263 0.00074736925307661306 0.00513193546794355 101.72674942016603 66.045394897460952 0.076540578156709685 0.088892947882413878 0.071645971387624754 0.059659997001290328 0.012944435700774195 0.14003706723451617 0.2108876779675484 0.049196828156709678 0.040726643055677421 0.089385360479354872 829.00784301757824
decision_type=2 2 2 2 2 2 2 2 2 2 2 2 2 2 2 2 2 2 2 2 2 2 2 2 2 2 2 2 2 2
left_child=1 2 3 14 8 20 17 -6 -5 22 11 -11 -8 -13 28 21 -17 -7 -18 -15 -4 -12 -2 -24 27 -3 -27 -25 -1 -22
right_child=9 25 5 4 7 6 12 -9 -10 10 15 13 -14 19 -16 16 18 -19 -20 -21 29 -23 23 24 -26 26 -28 -29 -30 -31
leaf_value=0.09280187514211409 -0.058537751352482806 -0.061223995889552789 0.029020083045881391 0.0088637312132030799 0.050096288080781017 0.01384244765801557 -0.0093932133684399965 -0.019391264681784023 0.061961012466215618 -0.042649508382141627 -0.017603823843370708 0.090422830371140558 0.051581291074693031 -0.01105195425876364 0.0039853194937636309 0.026111952415614415 -0.043805205057225405 0.071566453926864088 -0.010963824337646534 0.060148676914586897 0.083359476360628459 0.057796659062410508 -0.059739682947645326 -0.016888987622451116 0.018616166399666643 -0.064712901201200518 0.0062179908725763667 -0.053464238964201119 0.051184797003454234 0.10542554320024995
leaf_weight=13.415216267108923 40.721912428736687 17.40840503573418 6.2185943573713294 44.198387086391449 12.338009670376776 8.7649810910224897 36.853802666068077 89.852868899703026 28.582629501819611 8.0862490683794004 7.1641856729984266 9.4925832301378268 15.428322315216063 12.064918011426927 8.2854582667350751 6.7833504378795615 88.356133505702019 37.52641761302948 27.955827489495277 6.2739941179752341 14.782047048211099 5.4619159400463104 14.29004682600498 8.1788168996572548 8.1475951522588712 6.9300146102905256 6.85912024974823 15.341315329074858 5.242622345685958 11.330840364098547
leaf_count=55 121 52 21 139 44 28 109 260 105 24 21 38 55 37 26 24 261 148 87 23 61 20 44 27 29 20 24 44 19 47
internal_value=-0.000192573 0.0191668 0.0253851 0.0128015 0.00593523 0.0447947 0.0330373 -0.0110017 0.0297161 -0.0274734 -0.017786 0.0210899 0.00860021 0.039609 0.0573916 -0.0280742 -0.0324938 0.0606368 -0.0359117 0.0133068 0.0806411 0.0150136 -0.0466559 -0.0361277 -0.0254728 -0.0471711 -0.0294298 -0.0407457 0.081108 0.0929343
internal_weight=622.337 364.018 332.82 201.915 174.972 130.905 98.5735 102.191 72.781 258.319 171.639 35.9177 52.2821 27.8315 26.9433 135.721 123.095 46.2914 116.312 18.3389 32.3315 12.6261 86.6797 45.9578 31.6677 31.1975 13.7891 23.5201 18.6578 26.1129
internal_count=2013 1213 1117 648 548 469 340 304 244 800 535 122 164 98 100 413 372 176 348 60 129 41 265 144 100 96 44 71 74 108
is_linear=0
shrinkage=0.05


Tree=13
num_leaves=31
num_cat=0
split_feature=75 104 57 120 109 58 15 58 63 7 41 75 122 40 121 15 122 62 104 121 109 68 85 80 52 0 17 70 126 19
split_gain=120.102 54.9262 30.0722 22.831 33.2589 20.6436 18.6301 18.2456 25.1014 16.9198 15.3996 13.5109 13.4181 11.5279 9.87728 9.53989 9.15295 13.6973 8.93396 7.33797 6.69127 4.74572 4.24857 5.50305 4.0741 3.04449 6.58607 2.79918 1.99259 1.37211
threshold=0.021574059501290325 2.1810032129287724 0.30829480290412908 0.019448502920567993 29.111851692199711 0.020208864472806457 8.9684312115423395e-05 0.0066565689630806455 0.012525908648967745 0.076929211616516127 0.0073042886797338733 0.03498684614896775 0.012316370382905008 0.027772241272032264 0.098358497023582472 0.00074736925307661306 0.014497605618089439 0.013641980011016132 0.75095075368881237 0.060273110866546638 78.382564544677749 0.05291374400258065 0.061692841351032264 0.076789703220129027 0.00030891262576915329 0.2108876779675484 0.049196828156709678 0.098722495138645186 0.068531367927789702 0.036989796906709678
decision_type=2 2 2 2 2 2 2 2 2 2 2 2 2 2 2 2 2 2 2 2 2 2 2 2 2 2 2 2 2 2
left_child=1 2 3 5 18 12 -6 22 10 -7 -9 -12 -1 -13 21 20 19 -18 -5 -17 -10 -4 29 24 -24 -3 -27 -23 -26 -2
right_child=7 25 14 4 6 9 -8 8 15 -11 11 13 -14 -15 -16 16 17 -19 -20 -21 -22 27 23 -25 28 26 -28 -29 -30 -31
leaf_value=0.023110784909636525 -0.041171576497167739 -0.060292126974702126 0.035844818442102293 0.066020911602380078 0.069812500219202156 0.066365027205335422 -0.0091672042292659968 -0.029815120600318479 0.051048266954287186 0.01873276164244023 0.002209242175319781 0.032021454735253828 -0.04178462149384702 0.12476791508834176 0.014368509971831759 -0.0098797640225715307 0.041055939489457814 -0.032901100029984046 -0.0054810466748985041 -0.045489627449776783 -0.021612232844793001 0.090896330608684725 -0.011661376745919407 0.00040700787403081628 -0.031645411646044681 -0.063798953575897224 0.0058880107705251011 0.056352999249294301 -0.062021374827517628 -0.062098339591868938
leaf_weight=28.966654434800148 10.444266274571417 16.808814480900768 6.9387191385030738 24.927792266011242 7.9323090463876715 51.723754853010178 127.17958261072636 10.871544659137724 6.2470442950725538 29.151342496275902 11.748991236090662 7.130573168396948 10.986405819654463 6.3198530226945877 8.8695376068353635 17.849327981472015 9.9070128947496432 17.009583026170731 5.2969680726528159 76.342885613441467 6.4295200556516647 22.07658672332764 7.6717669814825049 8.9547509700059873 7.6378232836723354 6.6840592324733716 6.8807744830846786 7.9861836433410636 18.416737377643585 31.328371316194534
leaf_count=98 33 52 25 96 30 194 381 34 22 95 36 25 29 27 29 57 36 51 16 228 19 93 27 31 25 20 24 31 54 95
internal_value=-0.000196822 0.0182866 0.0241739 0.0181494 0.00607618 0.03467 -0.00453037 -0.026537 -0.0170935 0.049196 0.0199237 0.041382 0.00526566 0.0755996 0.0617576 -0.027074 -0.0313937 -0.00568022 0.05349 -0.0387416 0.0141951 0.0731171 -0.0455303 -0.0344357 -0.0436868 -0.0460716 -0.0284502 0.0817199 -0.0531167 -0.0568661
internal_weight=616.72 362.409 332.036 286.165 165.337 120.828 135.112 254.31 169.856 80.8751 36.071 25.1994 39.9531 13.4504 45.871 133.785 121.109 26.9166 30.2248 94.1922 12.6766 37.0015 84.4537 42.6811 33.7263 30.3736 13.5648 30.0628 26.0546 41.7726
internal_count=2013 1213 1117 939 523 416 411 800 535 289 122 88 127 52 178 413 372 87 112 285 41 149 265 137 106 96 44 124 79 128
is_linear=0
shrinkage=0.05


Tree=14
num_leaves=31
num_cat=0
split_feature=76 65 113 15 100 78 122 16 28 42 15 71 115 62 40 37 80 102 78 45 57 109 28 128 60 32 121 6 107 46
split_gain=110.663 39.1332 37.6683 25.4287 22.1438 19.6647 20.2575 19.412 14.5286 14.3415 14.242 15.9556 14.108 13.5286 13.2024 11.688 15.4852 11.5759 12.0908 9.66502 9.22818 8.78129 10.2215 8.67834 8.27951 7.01035 3.51624 3.77746 5.71796 3.32091
threshold=0.0039760044310241946 0.031070631928741935 0.91335105895996105 0.0013851244002580645 77.537399291992202 0.003537547774612904 0.012103319633752109 0.00010961416046484375 0.0097755901515483874 0.0048927774187177428 0.051548548042774207 0.080217633396387114 79.468009948730483 0.010951451025903227 0.076391104608774199 0.046416614204645164 0.0024115114938467745 77.82389068603517 0.00028898278833366936 0.0095563614740967768 0.064732141792774214 78.041843414306655 0.051120057702064521 0.0073756189085543164 0.029765225946903232 0.003537547774612904 0.038125963881611831 0.068518813699483885 4.7202847003936776 0.0014050542376935484
decision_type=2 2 2 2 2 2 2 2 2 2 2 2 2 2 2 2 2 2 2 2 2 2 2 2 2 2 2 2 2 2
left_child=2 15 5 8 10 6 17 14 9 -3 11 -5 -9 -6 -8 26 -17 18 -1 29 -15 22 -10 -18 -19 -12 -2 -28 -29 -4
right_child=1 3 19 4 13 -7 7 12 21 -11 25 -13 -14 20 -16 16 23 24 -20 -21 -22 -23 -24 -25 -26 -27 27 28 -30 -31
leaf_value=-0.011014614384515259 -0.012064915081879447 0.049234880720648758 -0.010323559422918757 -0.014224268294647594 0.085696633261161073 -0.051352932214493358 0.02996671657592679 0.069695961763731537 0.096838185455201189 -0.03305847346064316 0.0031269712268119049 0.044208144727326523 0.020927139967435799 -0.031225672654020889 -0.050311218816092719 -0.051521275440741546 -0.0095847726552791834 0.071914446135475332 0.074542442715789789 0.018337335746935687 0.054244902787444219 -0.0013208400494394757 0.022714052926098662 0.060062872776398858 0.016925708775138468 -0.045171154323928459 -0.054584289650075904 -0.0021540962148380058 -0.054955496933048922 -0.051758612565557797
leaf_weight=11.098992973566057 6.8393798917531958 8.6153203547000903 6.987755790352824 117.95870557427406 8.3536565005779284 6.0705509632825843 8.5302923470735568 21.702373296022415 12.567280292510992 13.734018355607985 8.8279079645872098 12.967007815837858 46.825122952461243 7.6264651864767057 12.816601082682608 14.374908089637755 11.554892838001253 63.759336620569229 6.5759612619876853 10.872255921363829 5.3900831788778305 5.6262125074863425 7.3833074867725363 7.2972269505262366 7.6687107384204856 50.444456726312637 72.422308638691902 9.6122509241104144 10.98901644349098 15.701892361044882
leaf_count=33 23 31 21 366 33 16 29 88 51 38 29 47 152 22 32 44 37 256 25 35 20 17 24 28 25 147 230 35 34 45
internal_value=-0.000200294 -0.0160767 0.0283108 -0.00477128 -0.0122208 0.0371498 0.0401517 0.0234025 0.0281144 -0.00133567 -0.017643 -0.00843707 0.036372 0.0360372 -0.0182319 -0.0381195 -0.0124318 0.0570458 0.0208169 -0.0204243 0.00416724 0.0538483 0.0694063 0.0173742 0.0660107 -0.0379777 -0.0466664 -0.0492105 -0.0303191 -0.0389978
internal_weight=611.194 392.584 218.61 259.494 211.568 185.048 178.977 89.8744 47.9261 22.3493 190.198 130.926 68.5275 21.3702 21.3469 133.09 33.227 89.103 17.675 33.5619 13.0165 25.5768 19.9506 18.8521 71.428 59.2724 99.863 93.0236 20.6013 22.6896
internal_count=2013 1256 757 825 664 656 640 301 161 69 589 413 240 75 61 431 109 339 58 101 42 92 75 65 281 176 322 299 69 66
is_linear=0
shrinkage=0.05


Tree=15
num_leaves=31
num_cat=0
split_feature=75 104 45 15 120 12 73 65 41 29 121 46 10 48 48 64 76 102 118 75 57 11 0 101 72 72 48 117 110 76
split_gain=101.487 46.7324 26.6518 20.0082 22.7625 19.1278 22.6391 18.2179 17.2217 16.9326 15.5917 14.2238 13.138 11.7285 11.0291 9.54156 8.58549 8.33267 7.36278 4.82382 3.99447 3.96263 3.03837 6.51465 2.74917 2.60523 1.78068 1.07973 0.163623 0.0133017
threshold=0.021574059501290325 2.1810032129287724 0.022909359075129036 8.9684312115423395e-05 0.019448502920567993 0.026377152651548389 0.0050123564433306464 0.053013391792774207 0.0091876592487096804 0.007473692763596774 0.10542975366115571 0.079938616603612914 0.082748722285032286 0.47239716351032263 0.064144212752580657 0.40954838693141943 0.019302057102322582 101.72674942016603 0.088892947882413878 0.13469587266445163 0.12583705037832263 0.0061981822364032277 0.2108876779675484 3.2790094614028935 0.056022800505161292 0.032884247601032264 0.31966479122638708 829.00784301757824 -2.7492086887359615 0.050651704892516143
decision_type=2 2 2 2 2 2 2 2 2 2 2 2 2 2 2 2 2 2 2 2 2 2 2 2 2 2 2 2 2 2
left_child=1 2 3 13 9 18 17 -6 16 -5 12 -8 14 25 -10 -16 -2 -7 -4 21 26 -18 28 -24 -23 -1 -12 -20 -3 -28
right_child=8 22 5 4 7 6 11 -9 10 -11 20 -13 -14 -15 15 -17 19 -19 27 -21 -22 24 23 -25 -26 -27 29 -29 -30 -31
leaf_value=0.084822823794154525 0.0073980669786257091 -0.0521056721128694 0.024829800037789687 0.0049370688904391349 0.046137752303957419 0.01097978422950577 -0.0045289399991906149 -0.018684011975936454 0.058784972429879734 0.053574176971958314 -0.034841951206168169 0.06820737639852191 -0.05140536332706476 0.0017611376301324524 -0.0080364213338402265 0.060200302821351109 -0.01577069741138086 0.065359969400206955 0.076527745284247758 -0.0058846111538501059 -0.010454686775868249 -0.060148160433147857 0.007239341374874148 -0.06341397682133941 -0.040285693776760695 0.041589607308181134 -0.064648312050899923 0.0973281320910587 -0.062697231562936662 -0.061870299906141152
leaf_weight=13.507323518395429 8.3190667331218702 5.694765016436576 6.1770711243152645 41.585398077964783 12.346465989947317 8.7322068661451322 44.290422469377518 88.785660713911057 7.5029100179672232 31.411958992481232 8.1425949633121508 7.9237508177757254 13.879196509718893 8.2361859679222089 90.32992035150528 5.4310017228126517 8.0494774132966977 36.445214346051216 14.11905011534691 7.0084290504455558 6.5996442288160315 46.474355146288872 6.8679831922054273 6.2150638997554779 27.86722631752491 4.6960722357034674 8.3124105632305163 11.178503647446631 10.137606948614122 8.9469976723194105
leaf_count=57 29 20 21 130 44 28 134 260 28 114 26 30 39 26 291 20 28 148 61 26 21 147 25 19 92 17 24 47 32 29
internal_value=-0.00020199 0.016792 0.0221414 0.0107419 0.00458823 0.0398837 0.0289327 -0.0107704 -0.0248707 0.0258664 -0.014181 0.00650914 -0.00573135 0.0512694 0.000407471 -0.00416643 -0.041186 0.054849 0.0737692 -0.045707 -0.0451114 -0.0490944 -0.044154 -0.0263243 -0.0527026 0.0736696 -0.0541154 0.085719 -0.0588875 -0.0632082
internal_weight=605.214 358.351 329.435 200.569 174.129 128.866 97.3916 101.132 246.863 72.9974 149.145 52.2142 117.143 26.4396 103.264 95.7609 97.7186 45.1774 31.4746 89.3995 32.0016 82.3911 28.9154 13.083 74.3416 18.2034 25.402 25.2976 15.8324 17.2594
internal_count=2013 1213 1117 648 548 469 340 304 800 244 478 164 378 100 339 311 322 176 129 293 100 267 96 44 239 74 79 108 52 53
is_linear=0
shrinkage=0.05


Tree=16
num_leaves=31
num_cat=0
split_feature=43 75 104 95 76 123 16 77 117 16 64 126 133 12 88 28 92 82 57 78 73 38 62 127 71 121 53 125 75 127
split_gain=93.8499 42.0239 30.5674 24.4711 22.2408 20.2329 19.3046 23.6777 15.6422 15.353 15.0786 30.1407 13.9096 11.123 11.091 13.9673 13.3578 10.9286 11.0639 10.78 11.8567 10.3841 10.271 12.8078 9.77839 8.12655 7.31426 7.05206 6.6491 6.39924
threshold=0.012954400386661293 0.0070252709556370982 1.2485106587409975 0.0063974810764193544 0.028469786047935489 0.0045552309602499017 0.00010961416046484375 0.0019830197561532263 956.00103759765636 0.25002989172935491 0.34292291104793554 0.066339988261461272 0.270148515701294 0.061473613604903228 0.039770010858774192 0.018514827825129036 0.0024912308435887103 0.0034378985874354844 0.10221021994948389 0.0073042886797338733 0.039959343150258071 0.039919484406709678 0.01312380423769355 0.025292184203863147 0.0018435108941048386 0.063621055334806456 0.0086694830097258108 0.073238778859376921 0.0053113040048629054 0.019529664888978008
decision_type=2 2 2 2 2 2 2 2 2 2 2 2 2 2 2 2 2 2 2 2 2 2 2 2 2 2 2 2 2 2
left_child=2 5 4 13 14 17 24 9 22 -8 -4 -12 -10 19 21 16 -16 18 -2 -3 -21 -1 23 -5 -7 -6 -14 -26 -9 -24
right_child=1 3 10 8 25 6 7 28 12 -11 11 -13 26 -15 15 -17 -18 -19 -20 20 -22 -23 29 -25 27 -27 -28 -29 -30 -31
leaf_value=0.00088816860588497809 -0.020582855317296197 0.081819561445541852 -0.043015458674124166 -0.011104891324804848 0.00950000019117281 0.049212188947884268 0.061871890849904715 -0.042224891643193353 -0.023077844359359057 -0.0089324815994627389 -0.040766914323770803 0.064799920990054424 0.096321353959422262 -0.011929086981896505 0.068065756700410401 0.071048266794898021 -0.012963906421519088 0.074865743276731039 0.066399034335399287 -0.0044799109929125882 0.084873197087767804 0.079998835798591281 -0.013477779109276864 0.067420104412010795 -0.056061906829328545 -0.05229126200629132 0.015518325273173948 0.00042937107420963334 0.02131808734684898 -0.048276768428687923
leaf_weight=7.0711881369352367 7.0841266214847547 13.671531498432161 131.1150535941124 45.701978132128716 6.8592503070831325 5.1899138689041164 50.755531623959541 9.889458894729616 7.3157910853624371 9.0162512063980085 19.158105731010441 10.44926495850086 7.1628757715225202 10.058967322111128 5.6087648868560782 6.6305497139692298 54.583249062299728 39.599587023258209 7.5544697344303131 12.242783486843111 5.3285640031099311 10.034016638994215 23.089572459459305 5.8584254831075659 10.756688982248308 23.726693689823151 4.5986643880605698 11.357653513550757 7.0529332458972922 30.878469750285149
leaf_count=22 21 55 437 144 23 20 200 26 22 27 60 40 29 30 22 25 163 163 32 38 21 39 72 22 27 72 15 35 23 88
internal_value=-0.000201673 0.0180288 -0.021673 0.000446213 -0.00193256 0.0364615 0.0235518 0.0364024 -0.0106093 0.0511914 -0.0357379 -0.00350944 0.0310562 0.0338002 0.0113697 0.00217354 -0.00541346 0.0612198 0.0243055 0.0485232 0.0226167 0.047295 -0.0181415 -0.00218268 -0.0125532 -0.0384339 0.064728 -0.0270487 -0.0157726 -0.0333884
internal_weight=599.4 324.164 275.236 165.908 114.514 158.257 104.018 76.7142 124.606 59.7718 160.722 29.6074 19.0773 41.3018 83.9278 66.8226 60.192 54.2382 14.6386 31.2429 17.5713 17.1052 105.528 51.5604 27.3043 30.5859 11.7615 22.1143 16.9424 53.968
internal_count=2013 1110 903 536 366 574 358 276 392 227 537 100 66 144 271 210 185 216 53 114 59 61 326 166 82 95 44 62 49 160
is_linear=0
shrinkage=0.05


Tree=17
num_leaves=31
num_cat=0
split_feature=43 75 104 95 76 123 16 77 32 64 126 117 133 34 89 49 70 12 82 57 78 9 71 127 121 45 31 75 125 129
split_gain=85.7814 38.3106 28.5316 22.1528 20.4535 18.6841 17.516 21.516 15.0544 14.1988 27.2003 14.1817 12.4379 10.5634 10.0438 17.1792 15.7819 10.0356 10.0241 10.1884 9.95293 11.1717 8.89773 8.32921 7.67717 7.46306 6.99047 6.90979 6.50133 6.04759
threshold=0.012954400386661293 0.0070252709556370982 1.2485106587409975 0.0063974810764193544 0.028469786047935489 0.0045552309602499017 0.00010961416046484375 0.0019232302438467743 0.2505281418561936 0.34292291104793554 0.066339988261461272 956.00103759765636 0.270148515701294 0.021374761126935485 0.034727759659290321 0.42364874482154852 0.039889588952064521 0.061473613604903228 0.0034378985874354844 0.10221021994948389 0.0073042886797338733 0.059390943497419364 0.0018435108941048386 0.025292184203863147 0.063621055334806456 0.022680166177451614 0.035086495801806457 0.013143734075129034 0.073238778859376921 0.014659930486232044
decision_type=2 2 2 2 2 2 2 2 2 2 2 2 2 2 2 2 2 2 2 2 2 2 2 2 2 2 2 2 2 2
left_child=2 5 4 17 14 18 22 8 -8 -4 -11 13 -13 -5 16 27 -1 20 19 -2 -3 -22 -7 -15 -6 -9 -14 -16 -24 -12
right_child=1 3 9 11 24 6 7 25 -10 10 29 12 26 23 15 -17 -18 -19 -20 -21 21 -23 28 -25 -26 -27 -28 -29 -30 -31
leaf_value=0.07151721872160878 -0.019594555867714011 0.078322032665776101 -0.041936403642631986 0.053489628960933878 0.0089874377284735636 0.047169410438631633 0.06019180214789991 -0.040070737596475642 -0.010855645279178832 -0.039580455868350961 0.096047588282675747 -0.022147458640524538 0.025388266480466923 -0.025708444424887147 -0.025408085059157166 0.067348045491032169 -0.0062696572432335094 -0.011369115918919939 0.072043635125797367 0.064297870853117792 0.051129599009311633 -0.031795496803062907 -0.054027144660604334 0.023000145340046147 -0.051174340778203264 0.025395248409931171 0.10241251989926403 0.013876418810158185 0.00040786780669100562 0.020416023602622006
leaf_weight=14.438906088471414 7.0697328597307187 13.570408895611765 127.84811283648014 5.0047698318958274 6.8871792256832149 5.1450878679752376 49.565781846642494 10.556860312819483 8.7761671096086484 18.756110116839412 5.6365571320056898 7.2438332885503796 6.3677394986152631 89.902884542942047 32.435008004307747 7.9455093294382086 11.890151515603064 10.027511700987814 39.105697646737099 7.4148255884647369 11.31889094412327 6.3344418704509726 10.60753506422043 9.726249545812605 23.049608901143074 7.4083913862705222 5.4814338684082031 17.091837987303734 11.358602449297903 4.9768996089696884
leaf_count=56 21 55 437 18 23 20 197 28 26 60 23 22 21 275 93 30 36 30 163 32 41 18 27 33 72 25 23 56 35 17
internal_value=-0.000202833 0.0172429 -0.0209343 0.000417799 -0.00185857 0.0349221 0.0225059 0.0347713 0.0495044 -0.0347345 -0.00338409 -0.0101615 0.0294663 -0.0173926 0.0108144 -0.00090171 0.0363888 0.0321489 0.0588828 0.023351 0.0461247 0.0213741 -0.0120161 -0.0209533 -0.0373337 -0.0130743 0.0610197 -0.0118509 -0.025879 0.0605822
internal_weight=592.943 321.987 270.956 164.978 113.738 157.009 103.418 76.3072 58.3419 157.218 29.3696 123.727 19.093 104.634 83.8014 57.4724 26.3291 41.2513 53.5903 14.4846 31.2237 17.6533 27.1112 99.6291 29.9368 17.9653 11.8492 49.5268 21.9661 10.6135
internal_count=2013 1110 903 536 366 574 358 276 223 537 100 392 66 326 271 179 92 144 216 53 114 59 82 308 95 53 44 149 62 40
is_linear=0
shrinkage=0.05


Tree=18
num_leaves=31
num_cat=0
split_feature=75 104 57 120 109 58 58 63 15 7 39 47 75 122 5 121 122 19 15 104 5 38 16 105 68 78 68 52 15 37
split_gain=78.5716 37.1956 23.1271 16.8435 25.0875 16.941 16.1645 21.6295 14.1046 13.7032 12.0502 12.9364 11.7196 11.077 9.53398 8.43108 7.98384 13.164 8.0782 7.6029 4.50751 4.6947 8.2572 7.12744 4.12003 3.04109 2.88813 2.68658 1.74632 1.00079
threshold=0.021574059501290325 2.1810032129287724 0.30829480290412908 0.019448502920567993 29.111851692199711 0.020208864472806457 0.0066565689630806455 0.012525908648967745 0.0017438615905120971 0.076929211616516127 0.027184311300516132 0.001783721265383065 0.03498684614896775 0.012316370382905008 0.13367944955825808 0.098358497023582472 0.014497605618089439 0.13453643023967746 0.00074736925307661306 0.76307952404022228 0.059659997001290328 0.012944435700774195 0.086973853409290328 19.530901908874515 0.05291374400258065 0.10636559501290323 0.042042013257741935 0.0096360808238387125 0.0056002871133387097 0.072813693434000029
decision_type=2 2 2 2 2 2 2 2 2 2 2 2 2 2 2 2 2 2 2 2 2 2 2 2 2 2 2 2 2 2
left_child=1 2 3 5 19 13 20 10 -6 -7 11 -8 -12 -1 16 24 18 -18 -9 -5 29 -22 26 -24 -4 28 -23 -26 -3 -2
right_child=6 25 15 4 8 9 7 14 -10 -11 12 -13 -14 -15 -16 -17 17 -19 -20 -21 21 22 23 -25 27 -27 -28 -29 -30 -31
leaf_value=0.018029240080373564 -0.059121940836747558 -0.03107586152542623 0.029144338586860215 0.057492249350135319 0.026656588845407243 0.057504441032775425 -0.048980682947108188 0.012481555517422397 -0.013752209725099536 0.014343696348001639 0.0065270100175643447 0.039999828750178747 0.086295590892346272 -0.041545251574773595 0.038206332691456707 0.0093515621365224781 -0.019467231120767921 0.068917250866519439 -0.03816758526702374 -0.010335701971459934 -0.05623469462082667 -0.017840990580719945 -0.023279984458912394 0.056459207988439009 0.08069873213606682 -0.0093541349488609742 -0.058751810694673168 0.041715062883987603 -0.061062503067020935 -0.038587598989571419
leaf_weight=28.376982972025871 27.416744664311409 7.5370616316795411 6.6172134429216376 24.061031222343448 27.167604297399521 50.644733935594559 9.2647702544927615 8.6959439963102323 105.27623800933361 28.875210151076317 8.6559073328971881 7.3057097792625418 9.8379910588264448 10.76172751188278 6.0129074901342383 8.6216721981763822 21.979503169655803 5.2117899954318991 83.132844671607018 4.9878998249769202 12.19386552274227 7.7215619683265748 5.9606609940528852 5.2890380322933197 22.440078258514408 5.7368682771921149 9.7755365520715696 5.5033894330263129 13.645133852958677 7.5725311189889899
leaf_count=98 96 26 25 97 93 194 29 29 318 95 27 27 39 29 23 29 70 21 270 15 44 28 20 22 102 23 30 22 47 25
internal_value=-0.000202246 0.0148237 0.0195251 0.014275 0.00376601 0.0285777 -0.0224999 -0.0134887 -0.00546334 0.041832 0.0212154 -0.00975033 0.0489606 0.00164841 -0.0232211 0.0535853 -0.0263245 -0.00252646 -0.0333712 0.0458457 -0.0415 -0.0302379 -0.0192105 0.0142093 0.0646201 -0.0416467 -0.0406976 0.073021 -0.0503926 -0.0546778
internal_weight=586.28 350.253 323.334 280.151 161.493 118.659 236.027 160.097 132.444 79.5199 35.0644 16.5705 18.4939 39.1387 125.033 43.1824 119.02 27.1913 91.8288 29.0489 75.9299 40.9407 28.7468 11.2497 34.5607 26.9191 17.4971 27.9435 21.1822 34.9893
internal_count=2013 1213 1117 939 523 416 800 535 411 289 122 56 66 127 413 178 390 91 299 112 265 144 100 42 149 96 58 124 73 121
is_linear=0
shrinkage=0.05


Tree=19
num_leaves=31
num_cat=0
split_feature=43 75 76 101 95 123 91 45 13 25 16 117 120 50 131 62 121 82 57 35 82 60 78 67 121 101 127 122 63 117
split_gain=74.3086 32.4614 25.3535 20.4549 18.8979 16.8313 16.4573 16.1132 13.581 12.5407 13.4523 12.4464 10.4031 9.79683 12.0207 9.30075 12.0065 9.28875 9.4122 9.22098 11.8628 9.39684 8.15348 7.73561 6.62303 7.94423 6.16725 4.94433 4.84252 4.4801
threshold=0.012954400386661293 0.0070252709556370982 0.028469786047935489 1.9493687152862551 0.0063974810764193544 0.0045552309602499017 0.0044543209951370963 0.022909359075129036 0.022849569097161296 0.041105309501290328 6.9754463766003041e-05 956.00103759765636 0.027037172578275207 0.15366908162832263 0.022694992832839492 0.01312380423769355 0.092748153954744353 0.0034378985874354844 0.10221021994948389 0.12191087380051614 0.10511001572012903 0.0033183195628225808 0.001285475096665323 0.049356266856193549 0.063621055334806456 0.84882307052612316 0.019529664888978008 0.010561236646026375 0.023935746401548389 780.53955078125011
decision_type=2 2 2 2 2 2 2 2 2 2 2 2 2 2 2 2 2 2 2 2 2 2 2 2 2 2 2 2 2 2
left_child=2 5 3 6 19 17 27 8 22 -9 -11 15 23 14 -8 16 -6 18 -2 20 21 -3 -7 -13 25 -4 -17 -1 -27 -5
right_child=1 4 24 29 11 7 13 9 -10 10 -12 12 -14 -15 -16 26 -18 -19 -20 -21 -22 -23 -24 -25 -26 28 -28 -29 -30 -31
leaf_value=0.028971324786709603 -0.019969344037274503 -0.016559616075715402 0.025761239400848474 -0.018261301892438419 0.017012708057924576 0.026961520590658886 0.0081581254794819338 -0.0086307598891375605 -0.045076341054673369 0.0072243675681809465 0.068426345490714066 0.017855597975680995 -0.019273056006347211 0.063274077014683919 -0.026801602766907823 -0.011336824569341659 -0.033879816776965541 0.06839050919970735 0.061355138739067186 -0.028044018757303946 0.10794695408859925 0.045315213765390806 -0.036494847986431482 0.099174959729203038 -0.04502748420698615 -0.049946585961153867 -0.04605209063439545 0.094690544645631897 -0.0034243858076459829 -0.057183249703007977
leaf_weight=6.0351737886667234 7.050888463854788 8.6677277088165301 7.7790077328681972 12.001940846443178 32.787023976445198 28.064161345362663 59.258685395121574 11.03771887719631 12.669878855347632 12.561208277940748 31.479631558060646 6.0768401175737399 7.2324784994125357 5.318112075328826 42.027073383331299 22.528563156723976 17.924871265888214 38.197393134236336 7.1817490607500076 5.8782630860805503 5.3787545561790457 21.008827939629555 6.1761535108089438 5.6375005841255188 82.51324662566185 14.858425393700601 29.606498286128044 5.4431709498167038 8.9706889539957029 19.253833130002022
leaf_count=22 21 26 28 44 110 96 194 34 33 42 136 21 22 21 128 72 56 163 32 18 23 77 17 23 297 49 88 22 33 65
internal_value=-0.000203592 0.0160997 -0.0198291 -0.00627006 0.000516994 0.0325209 0.00325036 0.0206852 -0.000849647 0.0390264 0.0509705 -0.00936112 0.0278787 -0.0028747 -0.00634791 -0.0162216 -0.000976009 0.055544 0.0210668 0.0299083 0.0396261 0.0272432 0.0155155 0.0569904 -0.0375724 -0.0181108 -0.031051 0.0601362 -0.0324329 -0.0422376
internal_weight=580.605 317.146 263.459 149.338 162.727 154.419 118.082 101.989 46.9102 55.0786 44.0408 121.794 18.9468 106.604 101.286 102.847 50.7119 52.43 14.2326 40.9336 35.0553 29.6766 34.2403 11.7143 114.121 31.6081 52.1351 11.4783 23.8291 31.2558
internal_count=2013 1110 903 496 536 574 387 358 146 212 178 392 66 343 322 326 166 216 53 144 126 103 113 44 407 110 160 44 82 109
is_linear=0
shrinkage=0.05


Tree=20
num_leaves=31
num_cat=0
split_feature=43 75 76 15 101 0 74 91 78 105 82 20 102 117 124 87 67 79 11 50 131 64 5 49 121 86 86 75 24 122
split_gain=67.9091 29.6972 23.8013 19.486 18.9982 17.2859 17.0062 14.805 14.1976 14.3648 12.986 12.954 12.2615 11.6705 10.9072 10.751 10.4216 9.47215 9.04003 8.73239 10.9711 8.09832 8.01426 11.671 6.37949 7.45786 5.6294 5.23131 4.73107 4.42098
threshold=0.012954400386661293 0.0066366391256451615 0.028469786047935489 0.0077427455689758071 1.9493687152862551 0.00014947385352570566 0.00040856187115423387 0.0044543209951370963 0.0019232302438467743 39.690090179443366 0.12847775965929034 0.070790816098451628 115.37304687500001 956.00103759765636 0.017115088179707531 0.061662945896387107 0.048628825694322593 0.052236128598451621 0.034369021654129035 0.15366908162832263 0.022532667964696888 0.192193478345871 0.064333543181419386 0.31255979835987097 0.063621055334806456 0.083705358207225813 0.11144770681858064 0.036471620202064521 0.061244420707225806 0.010561236646026375
decision_type=2 2 2 2 2 2 2 2 2 2 2 2 2 2 2 2 2 2 2 2 2 2 2 2 2 2 2 2 2 2
left_child=2 5 4 10 7 6 14 29 9 12 11 17 -7 22 -2 16 -15 -3 -13 20 -9 -8 27 -24 25 -4 -11 -5 -23 -1
right_child=1 3 24 13 -6 8 21 19 -10 26 -12 18 -14 15 -16 -17 -18 -19 -20 -21 -22 28 23 -25 -26 -27 -28 -29 -30 -31
leaf_value=0.027476488742650525 0.074174867279719184 0.071322158266148947 -0.029165666090075839 -0.020583534290327402 -0.041208705372965532 0.0041505499068335006 0.018318293739393122 0.0081218850926447327 -0.008573831697872283 0.070822549244557317 0.099965741025238863 0.029070854818521192 0.078949253782559403 0.0082964200690889764 -0.011271455215153312 -0.028002232372952407 0.10165354401702265 0.0046276037801148556 -0.029495802664384216 0.059241980888264628 -0.025219668655798146 -0.0019906299382455445 -0.015759061557962275 0.047823952590909845 -0.044058708832897392 0.033399263200531347 0.028710850952895425 -0.055904013634692745 -0.054462996348781482 0.089519056582765807
leaf_weight=6.045068606734274 11.456711426377298 13.754877179861071 25.381290227174762 29.243484288454056 30.459009513258934 23.082385495305065 10.702541038393976 58.031679153442383 11.702390015125273 50.337944999337196 5.2600585371255866 11.08058273792267 7.1842146813869467 6.2150600403547305 5.5411579161882392 6.1797447502613059 5.7597010582685471 8.6850553005933744 16.253871768712997 5.3940127938985816 42.920982748270035 6.6048572063446072 38.738778591156006 8.8696229755878431 80.171119138598442 5.8634857684373847 9.4211796969175321 16.341387063264847 12.287290215492247 5.4689655303955078
leaf_count=22 54 54 88 90 109 75 36 190 36 222 22 40 32 21 17 18 24 28 47 21 132 21 124 33 297 22 35 50 31 22
internal_value=-0.000202838 0.0154152 -0.0191261 0.000913352 -0.00600781 0.0316831 0.00646122 0.00308924 0.043235 0.0499695 0.0252523 0.0173567 0.0219051 -0.0111163 0.0463201 0.025559 0.0532 0.045509 -0.0057546 -0.00274173 -0.00605359 -0.0164319 -0.0182609 -0.00391331 -0.0365896 -0.0174245 0.0641835 -0.0332453 -0.0361182 0.0569456
internal_weight=574.439 314.703 259.736 166.382 148.32 148.321 46.5926 117.861 101.728 90.0257 55.0344 49.7744 30.2666 111.348 16.9979 18.1545 11.9748 22.4399 27.3345 106.347 100.953 29.5947 93.1933 47.6084 111.416 31.2448 59.7591 45.5849 18.8921 11.514
internal_count=2013 1110 903 551 496 559 159 387 400 364 191 169 107 360 71 63 45 82 87 343 322 88 297 157 407 110 257 140 52 44
is_linear=0
shrinkage=0.05


Tree=21
num_leaves=31
num_cat=0
split_feature=43 75 104 15 76 123 45 1 64 126 13 16 106 131 108 25 16 65 81 75 25 40 73 82 63 100 78 121 100 36
split_gain=62.062 27.2807 22.6217 16.2868 15.8082 15.3731 14.3651 13.5601 12.9439 23.5571 11.9293 11.5957 12.3571 12.9347 12.0571 11.3278 11.7043 10.2625 9.05228 13.3281 11.7108 17.115 10.5299 8.59726 8.91796 7.16799 6.95101 6.6985 6.34526 5.79813
threshold=0.012954400386661293 0.0070252709556370982 1.2485106587409975 0.0017438615905120971 0.028469786047935489 0.0045552309602499017 0.022909359075129036 0.074726957827806487 0.34292291104793554 0.066339988261461272 0.022849569097161296 0.027602838352322582 37.289279937744148 0.020828261040151123 48.633728027343757 0.041105309501290328 6.9754463766003041e-05 0.16081393510103228 0.054478237405419357 0.0011957908282056453 0.040168607607483871 0.0291772959753871 0.020318478345870975 0.0034378985874354844 0.0069355866871774205 50.313005447387702 0.001285475096665323 0.063621055334806456 68.168731689453139 0.045898437500000007
decision_type=2 2 2 2 2 2 2 2 2 2 2 2 2 2 2 2 2 2 2 2 2 2 2 2 2 2 2 2 2 2
left_child=2 5 4 7 18 23 10 17 -4 -10 26 25 13 -13 -14 -8 -17 -3 19 -1 21 -20 -21 24 -2 -5 -7 -6 -27 -11
right_child=1 3 8 11 27 6 15 -9 9 29 -12 12 14 -15 -16 16 -18 -19 20 22 -22 -23 -24 -25 -26 28 -28 -29 -30 -31
leaf_value=0.057071185744869246 0.061707380512918034 -0.014623711391215334 -0.038721463595113692 0.011780127698783744 0.0089364898952771759 0.024174286633410261 -0.0090857455348975734 0.075973340478600215 -0.036578469234529808 0.092974677448314558 -0.043519750497483682 0.0089310960326448793 0.063146126717188472 0.11601576595675496 -0.011033182032480082 0.0070201455194458008 0.064593978156558499 0.060750690088733052 0.058602305065696352 -0.031398139979762256 0.101364632818139 -0.030361564515659467 0.016273123172948281 0.064971648223544093 -0.018620169004321178 -0.04152856190784053 -0.03481962858323983 -0.048009016421624834 0.0053783376201742492 0.018770450506818439
leaf_weight=8.180904343724249 6.4741112440824491 14.791575387120249 117.23126935958862 11.248329758644102 6.8458306342363384 27.957071498036385 10.967950001358984 11.392723545432089 17.440876394510273 5.5899874567985517 12.474268704652784 6.8232409209012967 6.1196677982807151 4.8063720464706421 52.239667102694511 12.443002358078955 30.379675284028053 6.5005082786083213 11.657106682658201 28.431123837828636 5.1248726695775977 10.081706061959265 19.54860582947731 37.032636553049088 7.4098635017871857 38.10757665336132 6.0788192898035041 21.022327452898026 8.8919818103313428 4.9757806360721588
leaf_count=33 30 44 437 39 23 96 34 47 60 23 33 22 24 21 168 42 136 25 43 81 21 28 65 163 23 116 17 72 30 17
internal_value=-0.000200529 0.0147674 -0.0184415 0.000438359 -0.00143598 0.030016 0.0186573 0.0319459 -0.0314257 -0.000886777 -0.00169204 -0.00759224 0.00612407 0.0531878 -0.0032546 0.0362525 0.0478647 0.00838822 0.00950136 -0.00191724 0.0333729 0.017344 -0.0119752 0.0523915 0.0188366 -0.0240734 0.013638 -0.0340203 -0.0326541 0.0580294
internal_weight=568.269 312.139 256.13 160.922 110.892 151.217 100.301 32.6848 145.238 28.0066 46.5102 128.237 69.9889 11.6296 58.3593 53.7906 42.8227 21.2921 83.0243 56.1606 26.8637 21.7388 47.9797 50.9166 13.884 58.2479 34.0359 27.8682 46.9996 10.5658
internal_count=2013 1110 903 536 366 574 358 116 537 100 146 420 235 43 192 212 178 69 271 179 92 71 146 216 53 185 113 95 146 40
is_linear=0
shrinkage=0.05


Tree=22
num_leaves=31
num_cat=0
split_feature=78 104 110 110 51 121 14 40 45 45 122 122 105 77 131 48 54 106 78 27 117 124 80 0 35 78 30 56 67 75
split_gain=57.6436 30.7203 23.045 16.6533 15.368 14.6238 14.5401 12.4966 12.3548 12.3513 11.3646 10.8859 10.9667 10.7374 10.695 10.4063 10.0184 11.5047 8.74076 11.7814 8.61228 8.18689 7.80374 7.25982 7.15191 5.49159 5.07742 4.8947 4.26839 2.86293
threshold=0.0033581792376935486 0.40147240459918981 -0.59144088625907887 1.5816177129745486 0.021733498200774196 0.04136230796575547 0.00025908801762852823 0.10381457209587099 0.021574059501290325 0.0079420441761612909 0.011778670828789474 0.012570002581924202 75.281826019287124 0.0023716518189758067 0.022532667964696888 0.18041494488716128 0.011090959887951614 54.561506271362312 0.0015844228328205647 0.16590601205825808 690.45925903320324 0.018007872626185421 0.080157846212387099 0.030811543576419357 0.059799505397677429 4.9824617235572084e-05 0.0069654814433306464 0.042261241003870971 0.12397361174225809 0.1271823197603226
decision_type=2 2 2 2 2 2 2 2 2 2 2 2 2 2 2 2 2 2 2 2 2 2 2 2 2 2 2 2 2 2
left_child=1 7 29 5 24 25 -4 18 11 -6 26 14 -13 -11 -8 20 17 -10 19 28 -7 -12 -18 -20 -5 -3 -9 -17 -1 -2
right_child=2 3 6 4 9 15 8 10 16 13 21 12 -14 -15 -16 27 22 -19 23 -21 -22 -23 -24 -25 -26 -27 -28 -29 -30 -31
leaf_value=0.049992464911052185 -0.051488716545791124 0.0023170291441456641 0.069915564186468604 0.028723280604257106 -0.044401230682706544 -0.032317512797888547 -0.014123104667133422 0.075618058314779454 0.051532111962008714 0.063214679644014393 -0.05169255635959237 0.0075084454054208175 -0.04614164925928961 -0.028904190797800766 -0.045086113241845992 -0.036414596375235024 -0.033486939242176501 -0.014186959083705439 -0.021801096828963442 -0.023838835898953074 0.025053944693429545 0.019143254294997483 0.027961151508025379 0.047263441775848042 0.089607166512863545 0.063504716931269731 0.0046696694644796054 -0.0012030794200947664 0.078203215631449358 -0.02215751746769145
leaf_weight=51.174848318099976 41.287016332149506 6.5114001184701911 5.720266565680503 9.1198974400758761 9.2017168104648608 9.5303844660520571 72.199670866131783 6.2377909719944018 19.979397967457775 8.8787153065204603 9.0276658385992068 58.732273191213608 11.36908347904682 4.914092853665351 45.442540973424911 46.542188450694084 16.164974659681324 9.9887595772743207 8.1057975441217405 4.7718080878257743 20.856627061963081 7.4411550760269156 7.5942134261131278 7.1713940352201453 10.238527581095694 8.3944720774888975 4.2329690158367157 12.525681257247923 18.168707683682442 10.418787524104117
leaf_count=217 163 21 23 33 27 29 255 29 75 36 24 205 34 14 151 141 48 33 23 15 73 26 27 27 43 35 16 42 86 42
internal_value=-0.000199542 0.0168709 -0.0152225 0.00165555 0.0280986 -0.00907589 -0.0088728 0.0360599 -0.0107392 0.000463576 0.006208 -0.0167894 -0.00119256 0.0303946 -0.0260834 -0.0167162 0.0104025 0.0296271 0.0450561 0.0521546 0.00706033 -0.0196866 -0.0138461 0.0106191 0.0609243 0.0367758 0.0469361 -0.0289478 0.057384 -0.0455784
internal_weight=561.943 263.046 298.897 146.714 42.3529 104.361 247.191 116.332 241.471 22.9945 26.9396 187.744 70.1014 13.7928 117.642 89.4549 53.7273 29.9682 89.3926 74.1154 30.387 16.4688 23.7592 15.2772 19.3584 14.9059 10.4708 59.0679 69.3436 51.7058
internal_count=2013 957 1056 494 153 341 851 463 828 77 95 645 239 50 406 285 183 108 368 318 102 50 75 50 76 56 45 183 303 205
is_linear=0
shrinkage=0.05


Tree=23
num_leaves=31
num_cat=0
split_feature=43 75 76 15 101 123 0 77 80 92 82 84 79 39 117 5 112 85 55 63 41 105 44 2 38 121 101 63 117 6
split_gain=53.1777 22.9307 20.1013 16.5368 16.2036 15.1646 13.3559 15.212 13.2573 13.0739 11.3579 11.635 10.1219 9.94192 12.9807 9.83153 9.02404 12.8474 12.6416 8.53824 7.94167 7.67846 6.87372 6.97505 6.32121 5.88611 7.68281 4.58176 4.54364 5.26985
threshold=0.012954400386661293 0.0066366391256451615 0.028469786047935489 0.0077427455689758071 1.9493687152862551 0.0045552309602499017 8.9684312115423395e-05 0.0020228794310241942 0.24791733175516131 0.0024912308435887103 0.10511001572012903 0.058015784248709686 0.052236128598451621 0.073600925505161299 983.50125122070324 0.064333543181419386 69.012725830078139 0.098074778914451613 0.0072245693299919376 0.10127351805567743 0.06332708522677423 25.205367088317875 0.021374760195612911 0.006507095182314516 0.10465162619948389 0.062089117243886001 0.84882307052612316 0.023935746401548389 780.53955078125011 0.036481585353612907
decision_type=2 2 2 2 2 2 2 2 2 2 2 2 2 2 2 2 2 2 2 2 2 2 2 2 2 2 2 2 2 2
left_child=2 5 4 10 9 19 22 8 -8 -1 11 12 -3 14 15 -5 17 -11 -18 21 -13 -2 -7 -24 -15 26 -4 -28 29 -6
right_child=1 3 25 13 28 6 7 -9 -10 16 -12 20 -14 24 -16 -17 18 -19 -20 -21 -22 -23 23 -25 -26 -27 27 -29 -30 -31
leaf_value=0.062057092596443569 0.010705014367355548 0.07138866060326414 0.031189150135491839 -0.026172826967335694 0.01806513915426437 -0.050025915316311335 0.051099364772938832 -0.021392333795103885 -0.014459988098977319 -0.031082752849870516 0.075236860805835096 -0.022605185190450221 -0.0025563286148244263 -0.053604435819954804 0.059821699770952697 0.010292448977472529 -0.0022918899496075841 0.0095501771888502063 0.066171369694149454 -0.012137755531796088 0.045553062613070905 0.067913882927235755 -0.031058996984491508 0.028938635321897971 -0.0031141896844488256 -0.041424321207274593 -0.047436551941324817 -0.00086237520571576557 -0.054958670908352672 -0.050541041102119225
leaf_weight=8.6782660633325559 7.0182504206895819 11.894264459609987 6.8865649402141598 37.081618934869766 5.9562265574932116 8.354035824537279 46.085005789995193 12.276429131627081 9.2608392983674985 38.744197711348534 8.8688344657421094 20.633276909589771 7.5754526704549781 18.064098134636883 7.8003308326005927 36.856106594204903 19.1925502717495 39.071230217814445 10.394242718815802 4.7516980767250052 5.3903107643127433 35.701914861798286 8.2903344482183474 11.653477028012274 9.4378215670585615 75.46133117377758 13.533175438642504 8.6594771891832334 17.411563888192177 5.2806144058704376
leaf_count=35 25 48 25 119 24 22 197 36 28 116 36 62 24 51 31 128 64 131 41 15 21 170 24 42 31 301 48 33 65 20
internal_value=-0.000196621 0.0137338 -0.017353 0.000940517 -0.00528562 0.0283302 0.0168912 0.0289606 0.0401295 0.00302568 0.0234748 0.0133839 0.0426175 -0.0102734 -0.00152392 -0.0079958 -0.00174415 -0.0106809 0.0217602 0.0514433 -0.00848745 0.0585154 -0.0119505 0.00399855 -0.0362777 -0.0340594 -0.0149471 -0.0292635 -0.0389622 -0.0141755
internal_weight=556.264 306.994 249.269 163.602 144.729 143.392 95.9201 67.6223 55.3458 116.08 54.3621 45.4933 19.4697 109.24 81.7381 73.9377 107.402 77.8154 29.5868 47.4719 26.0236 42.7202 28.2978 19.9438 27.5019 104.541 29.0792 22.1927 28.6484 11.2368
internal_count=2013 1110 903 551 496 559 349 261 225 387 191 155 72 360 278 247 352 247 105 210 83 195 88 66 82 407 106 81 109 44
is_linear=0
shrinkage=0.05


Tree=24
num_leaves=26
num_cat=0
split_feature=108 57 101 64 48 126 131 90 63 27 37 80 18 23 57 84 63 56 71 122 31 72 8 123 121
split_gain=48.8725 26.4991 21.4252 16.0687 18.7024 13.1986 11.328 10.3168 9.8374 9.39099 9.04126 12.0797 8.48418 5.63574 5.24257 5.12195 4.90433 6.88136 3.60743 2.0706 1.85715 1.41596 0.984004 0.325546 0.00764106
threshold=115.08109664916994 0.37960380315780645 2.1867674589157109 0.34032207727432257 0.031040736474096779 0.06575156003236772 0.035569353029131896 0.024593431502580646 0.038653938099741943 0.047183912247419364 0.04454320669174195 0.042002152651548393 0.092743542045354857 0.055125957354903228 0.35161232948303228 0.1174067258834839 0.014150191564112903 0.041623484343290336 0.0035973372869193558 0.012651164550334217 0.0010861766058951618 0.10513990744948389 0.041862644255161292 0.007030679378658534 0.060831101611256606
decision_type=2 2 2 2 2 2 2 2 2 2 2 2 2 2 2 2 2 2 2 2 2 2 2 2 2
left_child=1 2 3 4 6 9 -1 -7 -6 -5 14 13 -13 -12 15 18 22 -18 -2 -20 -4 -15 -3 -24 -22
right_child=10 16 20 5 8 7 -8 -9 -10 -11 11 12 -14 21 -16 -17 17 -19 19 -21 24 -23 23 -25 -26
leaf_value=0.080347720262721856 -0.014439231092873367 0.09023118702304278 -0.024437249198354875 -0.019156419470824172 0.0035415526804878292 0.05558510264040567 -0.0075973341513894859 0.020025238866709399 -0.018049974235522855 0.049347937618071769 0.0025731640608614428 0.063311000380008503 -0.0091205181388878225 -0.060378552175347371 0.013762591844651223 -0.00395959017664197 0.06439950674927529 -0.016830301241046054 -0.054175270290896207 -0.033365276215099736 -0.060599812921179178 -0.028243575841459659 0.071887751545366724 0.054753601260723775 -0.058089549933250786
leaf_weight=10.94085179269314 8.7180046960711461 5.3609697967767778 5.3959020376205471 27.191890314221382 145.33427777886391 27.943764641880989 5.5034577846527091 75.524973347783089 82.813763335347176 6.1307750195264807 8.0480829402804392 7.6489473432302502 8.5756421387195569 9.8703689277172071 4.7856503278017035 8.7218179404735547 5.9949194192886335 4.6138838827610016 46.113450020551682 16.13625131547451 7.2561179101467115 5.2519300878047934 6.1656015515327436 5.0369726419448853 5.2067950814962387
leaf_count=53 38 25 21 83 492 111 17 279 268 25 32 31 30 36 17 38 29 14 184 64 26 20 31 27 22
internal_value=-0.000194576 0.00783653 0.0045848 0.00709125 -0.000583896 0.0208149 0.0509149 0.0296289 -0.0042958 -0.00655284 -0.0278411 -0.00806028 0.0250267 -0.0312288 -0.0370659 -0.0401184 0.0556142 0.0290718 -0.0445622 -0.0487809 -0.0489417 -0.0492182 0.0726143 0.0641838 -0.0595511
internal_weight=550.285 426.415 399.243 381.384 244.592 136.791 16.4443 103.469 228.148 33.3227 123.87 39.395 16.2246 23.1704 84.4752 79.6895 27.1723 10.6088 70.9677 62.2497 17.8588 15.1223 16.5635 11.2026 12.4629
internal_count=2013 1523 1397 1328 830 498 70 390 760 108 490 149 61 88 341 324 126 43 286 248 69 56 83 58 48
is_linear=0
shrinkage=0.05


Tree=25
num_leaves=31
num_cat=0
split_feature=41 57 76 121 63 98 122 83 59 15 54 108 29 30 48 63 92 73 120 0 4 29 33 7 14 94 35 41 121 117
split_gain=45.7077 25.7648 16.049 18.9943 15.2874 14.5008 17.6643 13.3975 13.3065 13.2729 14.1933 12.8839 14.3849 11.7562 11.6916 10.1015 10.0185 8.0812 7.9035 7.68311 11.5387 7.59412 6.48473 6.45688 5.83529 5.03939 5.95653 8.7327 4.48958 4.43406
threshold=0.013362962286919357 0.20163025707006457 0.0039760044310241946 0.084997158497571959 0.0416135210543871 0.90303251147270214 0.012103319633752109 0.0915975756943226 0.033810984343290336 0.001036352012306452 0.022112164646387104 82.372608184814467 0.007782605243846775 0.0026008449494838719 0.46992586553096777 0.016651387326419357 0.043855627998709686 0.0085698342882096785 0.0199963478371501 0.019840163178741935 0.079121492803096785 2.9894769795646429e-05 0.060756137594580657 0.065379861742258086 0.0041155132930725822 0.042380820959806449 0.11714763939380647 0.0082609215751290339 0.078686792403459563 794.89996337890636
decision_type=2 2 2 2 2 2 2 2 2 2 2 2 2 2 2 2 2 2 2 2 2 2 2 2 2 2 2 2 2 2
left_child=11 2 5 4 8 6 17 -8 -4 -3 15 12 13 14 24 28 -17 -2 -14 -5 -21 -13 -6 -7 -1 26 29 -28 -11 -23
right_child=1 9 3 19 22 23 7 -9 -10 10 -12 21 18 -15 -16 16 -18 -19 -20 20 -22 25 -24 -25 -26 -27 27 -29 -30 -31
leaf_value=0.075606315569463178 0.058012068685029741 0.0692568879221864 0.010286790548201028 -0.04328555525706989 -0.049806847282457989 6.9841763038831837e-05 -0.0051822855493891991 0.06353209979487448 0.072457368709331837 0.074334526186029037 -0.028124784834242279 0.024488880245133952 0.070325360309817037 -0.050223092492232252 -0.034564702342073532 -0.026653966175124499 0.041776168839041755 0.016538589594983107 -0.0020576575728355785 -0.029050926843847226 0.039356282650135528 -0.021630595150697696 -0.0056134901400538501 -0.059643831011222254 0.0024132372767325426 -0.055145955239357031 -0.029167533723690044 0.047559795903555781 0.030594050904522857 -0.049263903017328352
leaf_weight=5.8285717517137545 34.512439429759979 20.573829010128975 64.312568634748459 37.260515838861465 12.649619504809378 10.766894638538362 52.034926950931549 8.2132663875818235 9.93642909824848 14.579765677452089 11.172671809792517 5.4822258949279776 8.5230727493762952 16.839122608304024 9.4275459200143796 10.063878223299982 11.416002184152601 17.805249020457268 6.7642980813980094 21.342290207743648 8.6681269407272321 26.313956744968891 24.144559666514397 7.8114562928676596 5.110887199640274 25.501573488116264 10.804636389017107 5.6463987678289405 9.8162926137447339 32.381056427955627
leaf_count=24 157 99 216 124 36 35 165 32 40 74 34 22 36 57 30 30 45 62 23 73 33 109 79 21 18 102 43 24 39 131
internal_value=-0.000192175 0.00907119 0.00261056 -0.00715449 0.00554707 0.0158879 0.0226424 0.00418512 0.0186068 0.0348279 0.0224115 -0.0227971 -0.00253542 -0.019313 0.00624296 0.0347192 0.00971488 0.0438974 0.0382976 -0.0281208 -0.00929238 -0.0328189 -0.0208069 -0.0250374 0.0414107 -0.0359404 -0.0294228 -0.00283283 0.0567346 -0.0368754
internal_weight=545.704 387.081 309.458 178.314 111.043 131.144 112.566 60.2482 74.249 77.6224 57.0486 158.623 52.4935 37.2061 20.367 45.8759 21.4799 52.3177 15.2874 67.2709 30.0104 106.13 36.7942 18.5784 10.9395 100.648 75.146 16.451 24.3961 58.695
internal_count=2013 1394 1073 601 371 472 416 197 256 321 222 619 188 129 72 188 75 219 59 230 106 431 115 56 42 409 307 67 113 240
is_linear=0
shrinkage=0.05


Tree=26
num_leaves=31
num_cat=0
split_feature=43 75 110 95 0 74 101 90 34 78 105 102 39 31 48 126 127 124 73 57 81 12 78 72 92 43 86 15 75 96
split_gain=42.1864 18.5722 17.4204 13.8788 13.6986 13.7184 11.2549 14.2579 11.1629 10.7986 12.3731 11.0747 9.83485 9.8936 9.29695 11.1122 14.0024 9.23898 9.21569 8.23363 7.8456 7.57667 8.3653 9.11419 7.54097 7.9552 5.26448 4.8317 3.15129 2.37167
threshold=0.012954400386661293 0.0066366391256451615 -0.62185105681419361 0.0063974810764193544 0.00014947385352570566 0.00040856187115423387 1.5824530720710757 0.0079619740135967749 0.023547114804387096 0.0019232302438467743 39.690090179443366 115.37304687500001 0.073600925505161299 0.00018933355022454637 0.38973812758922582 0.072670642286539092 0.018849930725991729 0.017115088179707531 0.0758330672979355 0.017707669176161293 0.0096958703361451643 0.061473613604903228 0.0073042886797338733 0.052465321496129043 0.10189134255051614 0.049894372001290328 0.11144770681858064 0.031419403851032264 0.1271823197603226 140.75953674316409
decision_type=2 2 2 2 2 2 2 2 2 2 2 2 2 2 2 2 2 2 2 2 2 2 2 2 2 2 2 2 2 2
left_child=2 4 28 21 5 17 7 -4 -9 10 11 -6 13 -5 -8 19 -17 -2 -15 -16 -10 22 -3 -24 25 -7 -12 -14 -1 -29
right_child=1 3 6 12 9 24 14 8 20 -11 26 -13 27 18 15 16 -18 -19 -20 -21 -22 -23 23 -25 -26 -27 -28 29 -30 -31
leaf_value=-0.051456034397861727 0.068827389770590733 0.067932477821272957 0.06082556472057387 -0.055082306741507825 -0.00047851044474872436 -0.021467123812046289 -0.053915587054054616 0.047132823325527422 -0.035645214852056017 -0.009461825904990874 0.063575601604762874 0.073272235951660089 -0.006040862509054265 -0.00089541071801690951 -0.048218791236665191 0.080686079623552912 -0.031529907411305548 -0.011982378722314786 0.049782245243716911 0.025526325960551904 -0.00382776418565706 -0.011828154523606823 -0.0070042682624166814 0.073506101479215463 -0.061520651611635016 0.046687175471314103 0.021666698722089796 -0.067143477158673887 -0.017095289023380505 -0.031762749319164368
leaf_weight=34.423087403178215 10.119318500161169 13.374972969293596 8.4729475378990156 7.3718588054180136 22.441532418131832 15.598047137260442 21.968448981642723 9.1759731918573362 24.063686490058899 11.301848217844961 45.478619858622551 6.5835753083229056 10.898334011435511 72.642069950699806 17.621149212121967 5.9936656802892667 5.1846150159835815 5.4376297146081916 10.234817788004873 4.8204074949026099 99.430640853941441 10.045533195137976 12.627217561006548 4.8713494241237631 7.3183647096157065 5.901523455977439 8.9717240631580335 8.6432083547115344 8.277215436100958 10.479177966713904
leaf_count=153 54 59 34 22 75 47 85 35 77 36 222 32 35 248 72 27 21 17 40 19 343 31 40 19 19 22 35 24 37 33
internal_value=-0.000191165 0.0122894 -0.0158467 0.000736996 0.0256713 0.00274435 -0.00956339 -0.00205813 -0.00607418 0.0364057 0.0426158 0.0162499 -0.00782085 0.000425587 -0.0286199 -0.0120907 0.028639 0.0405819 0.00536299 -0.0323785 -0.0100276 0.0258902 0.0381629 0.0154087 -0.0176817 -0.00275911 0.0566703 -0.0326114 -0.0447954 -0.0477546
internal_weight=539.773 300.341 239.432 161.189 139.152 44.3749 196.732 141.143 132.67 94.7773 83.4755 29.0251 120.269 90.2487 55.5883 33.6198 11.1783 15.5569 82.8769 22.4416 123.494 40.9191 30.8735 17.4986 28.8179 21.4996 54.4503 30.0207 42.7003 19.1224
internal_count=2013 1110 903 551 559 159 713 489 455 400 364 107 402 310 224 139 48 71 288 91 420 149 118 59 88 69 257 92 190 57
is_linear=0
shrinkage=0.05


Tree=27
num_leaves=30
num_cat=0
split_feature=76 57 101 14 46 74 120 29 86 122 77 68 86 20 13 63 62 117 6 66 50 50 113 59 56 75 102 63 85
split_gain=39.5058 22.3354 17.4287 13.1649 12.0961 11.9834 11.1364 9.54359 11.5273 6.66424 5.75631 7.32016 8.71616 11.5773 5.94847 4.82567 4.99831 4.33377 4.94558 2.419 0.91084 0.862499 0.493933 0.47365 0.0453342 0.0170582 0.00728179 0.00296074 0.000763883
threshold=0.029326769523322586 0.37960380315780645 1.9493687152862551 2.9894769795646429e-05 0.015814333222806457 0.0017239317530766132 0.037446230649948127 0.028788663446903232 0.056192204356193549 0.011738089378923179 0.11155731603503229 0.073730468750000014 0.077457349747419371 0.10367506369948389 0.019401705823838714 0.014150191564112903 0.015226402785629036 780.53955078125011 0.036481585353612907 0.056271921843290336 0.0065868145320564517 0.12615592777729037 0.13517048954963687 0.013721699826419355 0.0395906399935484 0.046655772253870971 42.57042312622071 0.040876116603612907 0.073471378535032286
decision_type=2 2 2 2 2 2 2 2 2 2 2 2 2 2 2 2 2 2 2 2 2 2 2 2 2 2 2 2 2
left_child=1 2 3 -1 6 -6 -5 10 9 -9 11 12 14 -14 -2 21 -17 18 -4 -13 -12 22 24 27 -3 -21 28 -19 -22
right_child=7 15 17 4 5 -7 -8 8 -10 -11 20 19 13 -15 -16 16 -18 23 -20 25 26 -23 -24 -25 -26 -27 -28 -29 -30
leaf_value=0.070029999123446499 -0.010691993716812917 0.064071990093462858 0.020812571770867899 0.0018356621668028377 0.047047121777459532 0.010047521748661761 -0.042847730810258354 -0.047649089825648354 0.06073613478954687 0.023675923036392942 -0.032841014776191467 -0.024213422198404069 0.061538034216388066 -0.018941580507974912 -0.042891694137198365 -0.0035244299053067947 0.064135787702435318 -0.058914014077302707 -0.048119916704231831 -0.063511254614527571 -0.056428600998719228 0.045934349579925537 0.087934347472194307 -0.038841842430503301 0.071544115715766604 -0.059994443599213833 -0.059033953418632601 -0.057236343255570102 -0.057250372826713782
leaf_weight=8.2421426177024824 30.268989786505699 4.3541281372308784 5.7324631363153475 191.68332436680794 28.011531919240952 100.03897087275982 15.038169547915457 8.018483981490137 6.9356125295162192 5.5360276550054541 4.8624099642038372 6.1513411104679134 7.4766172468662289 11.107232362031935 27.260505765676498 6.196180582046507 4.8788390457630157 5.5546993762254697 4.7647926509380341 7.4551659375429136 7.4224674850702304 3.1901881396770468 4.678959682583808 4.5650695264339438 3.8027908056974411 6.4150557219982147 4.872346654534339 4.9943599700927734 4.5684394091367722
leaf_count=39 124 26 24 649 131 353 44 28 29 21 21 25 33 43 108 24 22 22 20 23 37 19 21 19 20 24 20 23 21
internal_value=-0.000188227 0.00785243 0.00463158 0.00760236 0.00606538 0.0181413 -0.00141488 -0.023187 0.00830836 -0.018518 -0.0286625 -0.0234096 -0.0163332 0.0134368 -0.0259499 0.051662 0.0262817 -0.0351562 -0.0104765 -0.0503107 -0.0519066 0.0692013 0.0749841 -0.052297 0.0675555 -0.0618847 -0.057404 -0.0581197 -0.0567417
internal_weight=534.077 395.727 368.626 343.014 334.772 128.051 206.721 138.351 20.4901 13.5545 117.861 96.1349 76.1133 18.5838 57.5295 27.1011 11.075 25.6114 10.4973 20.0216 21.7257 16.0261 12.8359 15.1141 8.15692 13.8702 16.8633 10.5491 11.9909
internal_count=2013 1456 1324 1216 1177 484 693 557 78 49 479 380 308 76 232 132 46 108 44 72 99 86 67 64 46 47 78 45 58
is_linear=0
shrinkage=0.05


Tree=28
num_leaves=31
num_cat=0
split_feature=41 57 121 73 15 54 103 108 29 14 124 130 109 81 52 64 0 68 61 126 21 94 133 129 117 35 37 20 58 75
split_gain=36.5113 21.2373 13.3546 24.7782 12.3465 12.4498 11.7698 10.8885 12.406 10.7348 11.4274 10.1158 9.64066 9.24424 11.4764 8.67951 8.27705 10.0374 7.51864 5.99891 5.06028 4.88159 5.5172 6.12005 8.41721 3.65267 1.50257 1.48201 1.07805 0.28342
threshold=0.013362962286919357 0.20163025707006457 0.084794253110885634 0.0050123564433306464 0.001036352012306452 0.022112164646387104 82.330219268798842 82.372608184814467 0.007782605243846775 0.0073840084951370963 0.01048007467761636 0.091652464121580138 81.97601699829103 0.066396284848451628 0.0014449139125645163 0.24556561559438708 0.019840163178741935 0.098901864141225829 0.0036770568694919352 0.077428780496120467 0.11065050959587099 0.042380820959806449 0.24099098891019824 0.017013635486364368 767.85025024414074 0.11944953724741937 0.073252152651548399 0.081911668181419386 0.023606903851032261 0.01704001892358065
decision_type=2 2 2 2 2 2 2 2 2 2 2 2 2 2 2 2 2 2 2 2 2 2 2 2 2 2 2 2 2 2
left_child=7 2 6 19 28 13 11 8 9 10 -1 12 -2 14 -6 -12 20 -18 -10 -4 -5 22 -9 24 -24 -25 -23 -11 -3 -30
right_child=1 4 3 16 5 -7 -8 21 18 27 15 -13 -14 -15 -16 -17 17 -19 -20 -21 -22 26 23 25 -26 -27 -28 -29 29 -31
leaf_value=-0.036073949031635986 0.0025942172515277919 0.042323471243225781 0.0090696236776989566 -0.025228802522799611 -0.015804655008199817 -0.027731367729479425 0.065604434958198496 0.014045680151945718 0.0068602017919975836 -0.033511456576650382 -0.0055408442666545071 0.073056679361664587 0.05803684096154324 -0.015379505954893239 0.056289847175590838 0.080171404910823238 -0.018396371253401936 0.048855511647182139 0.078865665720145264 0.07368945234375622 -0.05909227968158795 -0.056024331670370943 0.029338489022637134 -0.046315490514651558 -0.034797812273060232 -0.011827677010014404 -0.024342286603258441 -0.065884394302749824 0.067888037100210727 0.08291338764161893
leaf_weight=9.6838004589080828 183.38214913010597 3.7826760262250927 6.1641884446144095 32.986805081367493 6.800950974225997 10.987032577395437 8.9257271438837034 8.3462310358881933 8.9853208512067777 6.308847874402999 5.9239052981138212 5.6142584234476081 8.1909941583871824 8.4514583200216276 29.308087661862373 5.8905314952135086 26.761381328105927 6.9993217587470999 6.0774161815643302 8.6054891347885114 16.575265184044838 19.765022948384289 9.1627509370446223 36.824736788868904 11.581935957074164 9.6997501850128156 4.6164701282978049 8.0415605753660184 11.266531273722647 4.350376456975936
leaf_count=34 623 18 23 115 26 34 39 37 33 25 20 25 31 28 134 25 94 27 26 45 51 88 42 157 49 40 18 25 62 19
internal_value=-0.000186877 0.00809198 0.00221835 -0.0129674 0.0319326 0.0199396 0.00944549 -0.0209873 -0.00216446 -0.0181635 0.00419085 0.00690344 0.00496475 0.0316936 0.0427112 0.0371942 -0.0235475 -0.00445361 0.0359125 0.0467201 -0.0365539 -0.0305705 -0.0242974 -0.0290547 -0.00646936 -0.0391252 -0.0500256 -0.0516523 0.0662727 0.0720736
internal_weight=530.061 379.153 304.206 98.0925 74.9471 55.5475 206.113 150.908 50.9114 35.8486 21.4982 197.187 191.573 44.5605 36.109 11.8144 83.3228 33.7607 15.0627 14.7697 49.5621 99.9969 75.6154 67.2692 20.7447 46.5245 24.3815 14.3504 19.3996 15.6169
internal_count=2013 1394 1073 355 321 222 718 619 188 129 79 679 654 188 160 45 287 121 59 68 166 431 325 288 91 197 106 50 99 81
is_linear=0
shrinkage=0.05


Tree=29
num_leaves=31
num_cat=0
split_feature=78 104 110 110 63 75 16 48 121 40 58 80 120 48 97 46 60 11 78 6 0 114 78 64 109 57 42 53 117 126
split_gain=34.5149 21.3077 16.8657 13.31 15.1974 13.0477 11.1456 12.5909 10.948 10.7632 9.49303 9.37894 13.9998 8.36289 8.83899 8.28803 8.2302 7.45413 9.73541 6.87162 5.8219 4.91407 4.79896 4.78838 4.60864 4.53042 3.17584 3.15977 6.28615 2.57277
threshold=0.0033581792376935486 0.40147240459918981 -0.59144088625907887 1.5816177129745486 0.020547672174870971 0.0021025987807661299 0.017169563099741939 0.045639349147677429 0.04136230796575547 0.10381457209587099 0.066256776452064528 0.58464208245277416 0.014862835872918369 0.18041494488716128 64.75354385375978 0.046037945896387107 0.0025211255997419362 0.16884566843509677 0.0015844228328205647 0.11026187986135484 0.030811543576419357 65.700763702392592 4.9824617235572084e-05 0.20588528364896777 47.925838470458991 0.14543806016445163 0.015096859075129034 0.0019033004064112904 779.81985473632824 0.11026905477046968
decision_type=2 2 2 2 2 2 2 2 2 2 2 2 2 2 2 2 2 2 2 2 2 2 2 2 2 2 2 2 2 2
left_child=1 9 27 8 5 -5 15 -8 22 17 16 12 -9 14 -10 25 -11 18 23 26 -20 -15 -3 -1 -7 29 -6 -2 -29 -4
right_child=2 3 6 4 19 24 7 11 13 10 -12 -13 -14 21 -16 -17 -18 -19 20 -21 -22 -23 -24 -25 -26 -27 -28 28 -30 -31
leaf_value=0.070793904349641765 -0.049849940028512896 -0.0010411119184423397 -0.051518381660728578 0.05743291235639672 0.039030474230170586 -0.056773619842509754 0.05934616314466476 0.027479540504508067 0.018921085231644805 0.027470481149948135 0.04522658604165198 -0.053807756006440832 -0.0087223515403507933 -0.0166561024603489 -0.050516166548752586 0.024689188781246065 -0.04520445219741806 -0.013780944448082012 -0.022077890433882998 0.0097788243497491916 0.041162912069759881 -0.047804221576784073 0.057459328444923234 0.041589191804818688 0.00030757170620455943 -0.0029839924649406177 0.089604187974784838 0.026819096017520666 -0.046113508158515955 -0.017416910411190811
leaf_weight=21.706236287951469 30.278299391269684 6.3223252892494184 26.895195052027702 5.7632825970649746 4.5186772346496609 8.0295210629701597 8.1454235613346082 33.288409024477005 23.805194437503818 6.0031403899192872 8.3967040777206403 9.05233186483383 135.04222000390291 36.963768467307091 5.6758136600255957 6.3859035223722449 11.096776202321051 6.2157032489776602 8.0273070484399778 5.913220837712287 6.6574132442474356 19.260353043675423 7.8688275814056396 39.715513706207275 6.3188964128494254 8.1510271653532964 9.9166131168603879 4.5712058916687957 8.3536338061094266 6.9627481848001471
leaf_count=116 144 21 98 27 20 21 32 130 85 28 37 38 477 127 17 23 30 23 23 20 26 56 35 180 21 29 44 22 39 24
internal_value=-0.000184736 0.0133587 -0.0123133 0.000517951 0.0247117 -0.00611183 -0.00701233 -0.00143817 -0.00928106 0.0300745 0.00168806 -0.00422939 -0.00156321 -0.0160165 0.00555272 -0.0283816 -0.019691 0.0388663 0.0431661 0.0551765 0.00659274 -0.0273263 0.0313967 0.05191 -0.0316356 -0.0364491 0.0737731 -0.0410153 -0.020319 -0.0445056
internal_weight=525.302 248.175 277.126 140.356 40.4602 20.1117 233.923 185.528 99.8963 107.819 25.4966 177.383 168.331 85.7051 29.481 48.3949 17.0999 82.3222 76.1065 20.3485 14.6847 56.2241 14.1912 61.4217 14.3484 42.009 14.4353 43.2031 12.9248 33.8579
internal_count=2013 957 1056 494 153 69 851 677 341 463 95 645 607 285 102 174 58 368 345 84 49 183 56 296 42 151 64 205 61 122
is_linear=0
shrinkage=0.05


Tree=30
num_leaves=31
num_cat=0
split_feature=41 57 15 121 73 54 103 132 40 91 130 109 63 0 49 115 125 69 104 126 124 75 121 132 25 52 6 126 58 75
split_gain=31.8274 18.2101 11.7459 11.7357 21.7714 11.5444 10.5653 9.88087 10.3917 11.3182 8.98985 8.66458 8.44318 9.21378 8.08448 10.1025 8.07689 12.0963 6.30525 5.67012 5.35265 4.91508 4.46906 3.84029 3.15795 3.03896 2.48326 6.17769 1.0956 0.227864
threshold=0.013362962286919357 0.20163025707006457 0.001036352012306452 0.084794253110885634 0.0050123564433306464 0.022112164646387104 82.330219268798842 0.073248926550149931 0.0030990911182016139 0.0061383927240967759 0.091652464121580138 85.43320465087892 0.016651387326419357 0.0055006379261612901 0.2370456010103226 98.365676879882827 0.079437546432018294 0.031588807702064521 0.35736440122127539 0.077428780496120467 0.011190244462341072 0.1271823197603226 0.078686792403459563 0.12213903293013574 0.015296157449483873 0.036003269255161292 0.03596340864896775 0.058649865910410888 0.023606903851032261 0.01704001892358065
decision_type=2 2 2 2 2 2 2 2 2 2 2 2 2 2 2 2 2 2 2 2 2 2 2 2 2 2 2 2 2 2
left_child=7 3 28 6 19 12 10 8 26 -10 11 -2 22 -14 20 -16 17 -11 -9 -5 -6 23 -4 25 -18 -20 27 -1 -3 -30
right_child=1 2 5 4 14 -7 -8 18 9 16 -12 -13 13 -15 15 -17 24 -19 21 -21 -22 -23 -24 -25 -26 -27 -28 -29 29 -31
leaf_value=-0.057740075650987183 0.0027330622597134934 0.039804109313098239 0.069717390998998277 0.008056658071953415 0.0012232378980896017 -0.027781015939664339 0.062868311574639832 0.018048061786530036 0.057857162554218688 -0.025948279960437106 0.069426465781420185 0.06386650383926129 -0.036800382251599491 0.031874828925964119 -0.024363281241392355 0.03286859935882052 -0.052435998895791883 0.044742028428068181 -0.047261049898073379 0.071692509736506663 -0.042924464015196943 0.011499297431737762 0.024710482015821131 -0.005238508423088626 -0.0082192514391557139 -0.005564760058061672 -0.057704275547494077 0.018055753775943553 0.066321171279263541 0.080022194242353184
leaf_weight=5.6159448921680468 184.44583666324615 3.6969165205955532 13.178213626146318 6.1049063056707373 8.2853846251964551 10.919174522161482 8.6735136061906797 5.7860905975103369 8.674001067876814 10.95182476937771 5.5119494646787635 5.9840605258941642 7.6683607995510128 13.451133862137793 20.956431731581688 12.199328809976576 8.8793643563985842 13.525189876556395 54.943793095648289 8.2053284049034101 40.072956591844559 5.0219934657216063 9.4859493225812894 7.1789962798357001 7.4061163961887351 4.7474666982889167 8.4173175096511823 5.156776636838913 10.705341987311838 4.235223099589347
leaf_count=25 631 18 74 23 33 34 39 24 37 41 25 23 24 51 74 48 30 54 241 45 132 26 39 37 31 20 31 22 62 19
internal_value=-0.000181766 0.0075567 0.0298937 0.002104 -0.0123363 0.0182141 0.00886662 -0.019952 -0.00612774 0.00599447 0.0064762 0.00465412 0.0296848 0.00693928 -0.0223221 -0.00330539 -0.00504159 0.0131128 -0.0321653 0.0445447 -0.0353605 -0.0362067 0.05088 -0.0397894 -0.0323276 -0.0439448 -0.0373564 -0.0214575 0.0641747 0.070205
internal_weight=520.085 373.78 73.3403 300.44 95.8243 54.7028 204.615 146.305 68.6265 49.4365 195.942 190.43 43.7837 21.1195 81.5141 33.1558 40.7625 24.477 77.6783 14.3102 48.3583 71.8922 22.6642 66.8703 16.2855 59.6913 19.19 10.7727 18.6375 14.9406
internal_count=2013 1394 321 1073 355 222 718 619 271 193 679 654 188 75 287 122 156 95 348 68 165 324 113 298 61 261 78 47 99 81
is_linear=0
shrinkage=0.05


Tree=31
num_leaves=31
num_cat=0
split_feature=76 57 126 64 130 15 25 25 100 29 19 131 132 94 125 96 81 1 93 1 63 56 0 2 30 50 113 108 56 102
split_gain=30.1073 17.484 14.3828 14.9282 12.9293 12.0762 10.732 9.24006 11.082 8.26185 10.5986 12.1194 6.68937 6.19969 6.0157 5.57448 6.07716 6.17156 9.26139 5.1054 4.53565 5.0356 4.30077 2.34622 0.760084 0.742841 0.321333 0.248701 0.0321077 0.0100788
threshold=0.029326769523322586 0.37960380315780645 0.065061684697866454 0.40954838693141943 0.095335200428962721 0.0020029495935887103 0.10799984261393548 0.024135043844580654 58.633012771606452 0.028788663446903232 0.061832349747419364 0.02766617946326733 0.042437708005309112 0.010233976412564518 0.06486892327666284 136.60501861572268 0.147201843559742 0.11690848320722581 0.025639748200774196 0.061712771654129035 0.014150191564112903 0.041623484343290336 4.9824617235572084e-05 0.07836415991187097 0.0088388873264193552 0.12440210208296777 0.13517048954963687 192.87161254882815 0.0395906399935484 72.755580902099624
decision_type=2 2 2 2 2 2 2 2 2 2 2 2 2 2 2 2 2 2 2 2 2 2 2 2 2 2 2 2 2 2
left_child=1 2 6 4 5 -4 12 13 -9 15 -11 -12 -1 -5 -6 16 17 19 -19 -2 25 -22 -14 -18 -25 26 28 29 -3 -17
right_child=9 20 3 7 14 -7 -8 8 -10 10 11 -13 22 -15 -16 27 23 18 -20 -21 21 -23 -24 24 -26 -27 -28 -29 -30 -31
leaf_value=0.01880570138636848 -0.0064967203352589561 0.061146289562601513 0.022555786170409192 0.023826901093337183 0.081036635447286995 -0.0072614096049479536 0.048668978787703147 0.05313988020241487 0.0023130336657017012 -0.032344906004405136 0.087017838289215971 -0.017459920632553954 -0.063124341007986404 0.078558935030611204 0.016395905023789174 -0.057157291501795854 -0.012675102401296188 0.046391520948548655 -0.041841863307498069 -0.03578746534815868 0.053203433396833991 -0.015765479404898409 -0.023231385898326996 -0.058001213191333459 -0.033876481408816814 0.043087796827937973 0.081566918571161773 -0.044136061745370637 0.06787767314178686 -0.060204534230119469
leaf_weight=8.4370725899934751 28.809447020292282 3.6357066258788127 43.09555521607399 8.7870261222124117 7.0605645403265935 160.14406104385853 5.7676247507333747 15.090177759528158 37.067652523517609 8.85579861700535 6.2716607302427274 4.9795211404561996 7.9112925082445136 12.583405897021292 7.3419986963272095 5.5252809524536115 4.6741869896650341 8.6800559684634191 4.5241966545581809 30.761691637337208 5.9245550781488401 4.7833786606788635 46.266967996954918 14.00114853680134 4.2578464299440375 2.9944533333182326 4.450345516204834 4.0504735410213462 3.4548834264278412 5.3322876989841461
leaf_count=33 117 25 160 34 33 556 25 72 136 32 27 19 26 58 28 26 22 41 19 126 31 15 163 64 21 20 21 23 20 20
internal_value=-0.000179346 0.00686344 0.00403943 0.00888573 0.00230528 -0.000938879 -0.0165958 0.0283637 0.0170181 -0.0209104 0.00857236 0.0407783 -0.0226075 0.0560544 0.0480847 -0.0262696 -0.0218396 -0.0147669 0.01616 -0.021622 0.0470873 0.0223941 -0.0290567 -0.0442839 -0.0523755 0.0652783 0.0710359 -0.0547094 0.0644261 -0.0586538
internal_weight=515.52 384.797 359.553 291.17 217.642 203.24 68.383 73.5283 52.1578 130.724 20.107 11.2512 62.6153 21.3704 14.4026 110.617 95.7086 72.7754 13.2043 59.5711 25.2433 10.7079 54.1783 22.9332 18.259 14.5354 11.5409 14.908 7.09059 10.8576
internal_count=2013 1456 1324 1077 777 716 247 300 208 557 78 46 222 92 61 479 410 303 60 243 132 46 189 107 85 86 66 69 45 46
is_linear=0
shrinkage=0.05


Tree=32
num_leaves=31
num_cat=0
split_feature=78 104 110 110 63 77 74 40 53 101 120 76 124 121 122 48 97 124 11 78 124 0 64 114 78 30 53 77 59 49
split_gain=28.3842 18.1071 14.7577 11.8986 13.785 10.2531 10.1022 9.98278 9.67588 9.44754 10.2583 12.9769 11.74 9.11981 8.83424 7.48642 8.01616 6.949 6.86354 8.61395 6.51258 5.11738 4.62854 4.54426 4.47682 4.31192 3.21867 6.10177 1.86027 2.62139
threshold=0.0033581792376935486 0.40147240459918981 -0.59144088625907887 1.5816177129745486 0.023935746401548389 0.004842952825129033 0.0024015465751290326 0.10381457209587099 0.0061682874802500018 3.179692387580872 0.014862835872918369 0.030074139125645164 0.015613586176186802 0.04136230796575547 0.011778670828789474 0.18041494488716128 64.75354385375978 0.018007872626185421 0.16884566843509677 0.0015844228328205647 0.015654168091714386 0.030811543576419357 0.20588528364896777 65.700763702392592 4.9824617235572084e-05 0.0069654814433306464 0.0019033004064112904 0.070123169571161284 4.9824617235572084e-05 0.32315251231193548
decision_type=2 2 2 2 2 2 2 2 2 2 2 2 2 2 2 2 2 2 2 2 2 2 2 2 2 2 2 2 2 2
left_child=1 7 26 13 6 -4 -5 18 -8 10 11 -7 -12 24 25 16 -15 -16 19 22 -6 -21 -1 -17 -3 -9 28 -28 29 -2
right_child=2 3 5 4 20 9 8 14 -10 -11 12 -13 -14 15 17 23 -18 -19 -20 21 -22 -23 -24 -25 -26 -27 27 -29 -30 -31
leaf_value=0.068524635882036986 -0.00013135413325539254 -0.0028647527001420792 -0.058002550381821727 0.052082263464908796 0.082911022900213363 0.041508172834109999 -0.055290461065595313 0.068924876476887831 0.023026454041959122 -0.058017750788053893 -0.021347591536363647 -0.016536622275918556 0.0049136538042756917 0.017938721644596856 -0.052392720634440164 -0.015741239004896154 -0.048853170787268391 0.014200550972784144 -0.014397548576471126 -0.020794969672244465 0.020145787279887507 0.038931274824122793 0.039097479992959358 -0.046080459533700484 0.054101573899594385 -0.0008877543790969365 -0.056874178225746579 0.013984347873934048 -0.057078617820523703 -0.055829377993012255
leaf_weight=20.457834325730801 4.073277525603773 6.2705670893192273 9.2500271797180158 6.1913872510194805 10.126357376575472 26.081114917993546 9.5536559671163577 5.2686181291937846 6.7164638489484778 7.8811588436365119 81.788568869233131 15.264813631772993 88.72410161793232 23.656062424182895 8.6576373130083066 36.24123840034008 5.5452106297016135 7.1549012064933768 6.0941043049097052 7.9179172813892347 6.982805833220481 6.5558272004127502 38.527693457901478 18.716234356164932 7.6641537323594093 3.8121279329061508 5.5236820131540281 6.7518662512302399 19.555697202682495 4.3883534520864487
leaf_count=116 23 21 26 30 46 102 25 29 25 36 296 61 330 85 24 127 17 26 23 23 27 26 180 56 35 16 27 34 97 24
internal_value=-0.000175951 0.0122471 -0.0113454 0.000336728 0.0234808 -0.00643544 -0.00227537 0.0279453 -0.0229605 -0.00426471 -0.00226509 0.0200782 -0.00768289 -0.00899955 0.00031177 -0.0152031 0.0052552 -0.0222604 0.0365922 0.0408223 0.0572945 0.0062578 0.0493036 -0.0260735 0.028467 0.0396173 -0.0392496 -0.0179002 -0.0486037 -0.0290173
internal_weight=511.393 242.111 269.283 137.664 39.5707 228.99 22.4615 104.447 16.2701 219.74 211.859 41.3459 170.513 98.0935 24.8933 84.1587 29.2013 15.8125 79.5534 73.4593 17.1092 14.4737 58.9855 54.9575 13.9347 9.08075 40.2929 12.2755 28.0173 8.46163
internal_count=2013 957 1056 494 153 851 80 463 50 825 789 163 626 341 95 285 102 50 368 345 73 49 296 183 56 45 205 61 144 47
is_linear=0
shrinkage=0.05


Tree=33
num_leaves=31
num_cat=0
split_feature=43 110 75 123 80 16 77 32 101 92 122 104 111 114 71 82 64 48 91 103 54 57 19 52 125 40 105 76 75 115
split_gain=26.6618 12.6561 12.3088 11.2897 10.5474 10.4169 11.2631 10.1667 8.88951 14.9685 8.63729 13.1974 12.5391 9.91983 10.5116 7.8053 7.30674 14.0796 8.22614 6.52243 6.6714 6.46092 6.39624 6.17861 5.51596 6.92296 4.73037 4.34449 3.43917 2.89729
threshold=0.012954400386661293 -0.62185105681419361 0.0070252709556370982 0.0045552309602499017 0.0019232302438467743 0.00010961416046484375 0.0019232302438467743 0.2505281418561936 3.179692387580872 0.0024912308435887103 0.012914942111819984 -0.083020877093076692 72.593688964843764 71.605197906494155 0.056152343750000007 0.0034378985874354844 0.34292291104793554 0.54790139198303234 0.083007812500000014 49.868810653686531 0.018734056502580646 0.10221021994948389 0.13588169217109683 0.016521843150258068 0.073238778859376921 0.087870694696903243 22.76215744018555 0.006507095182314516 0.1271823197603226 104.9294776916504
decision_type=2 2 2 2 2 2 2 2 2 2 2 2 2 2 2 2 2 2 2 2 2 2 2 2 2 2 2 2 2 2
left_child=1 28 3 15 19 24 7 -7 9 27 11 -6 -13 -12 -15 21 18 -18 -11 -4 22 -2 -21 -8 -5 -26 -17 -3 -1 -28
right_child=2 8 4 5 10 6 23 -9 -10 16 13 12 -14 14 -16 26 17 -19 -20 20 -22 -23 -24 -25 25 -27 29 -29 -30 -31
leaf_value=-0.048445078163537596 -0.026367905691279281 0.08858350934034756 0.020245212008876461 -0.04141227247845277 0.057712206025486504 0.043579242345549107 0.018938414346507077 -0.017005339724624504 -0.057246237772528213 -0.017346254523505175 0.075695292380801221 0.046015155398861841 -0.019930366513870722 -0.0068616746006330415 0.057529426853256328 0.0096131609056286996 0.037935284208471656 -0.02174347125366758 0.048743069983581244 -0.0033372500524852565 -0.061142704010191951 0.04786723212246808 -0.061406048014198078 -0.042259614937523567 0.041199833770397723 -0.030999186038202727 0.070096083947875212 0.020695356161360329 -0.0098264263140291682 0.021105406820398357
leaf_weight=28.245786257088184 6.4198391288518888 4.8692083880305272 8.7042845189571363 11.751689881086351 8.1806883066892606 41.128006257116795 7.615150302648547 8.3265508711338025 8.7240726649761182 122.9164922311902 8.5644845440983755 8.4587128162384015 48.765093579888344 19.219461679458622 9.4566080272197706 4.7966666668653515 20.928360104560852 18.726227611303329 4.8959471434354773 23.345038384199146 10.777148053050039 5.3933472037315369 5.9510623812675467 8.9972505718469602 6.7364919781684858 6.547152578830719 22.792680203914646 4.5669859647750854 7.2433785870671263 3.4784729033708564
leaf_count=153 21 24 34 36 33 197 28 26 42 462 39 32 163 63 36 19 82 65 20 83 32 32 21 25 27 19 128 18 37 16
internal_value=-0.000172337 -0.0132051 0.00992472 0.0209634 0.000157386 0.0110058 0.0214136 0.0333788 -0.00797469 -0.00554484 0.00925417 -0.00169028 -0.0101824 0.0284756 0.0143728 0.0421187 -0.00899728 0.00975297 -0.0148147 -0.0189854 -0.0275067 0.00752438 -0.0151331 -0.0142063 -0.0164599 0.00561487 0.0552727 0.0557266 -0.040563 0.0636094
internal_weight=506.522 221.116 285.406 133.983 151.423 91.1023 66.067 49.4546 185.627 176.903 102.645 65.4045 57.2238 37.2406 28.6761 42.881 167.467 39.6546 127.812 48.7775 40.0732 11.8132 29.2961 16.6124 25.0353 13.2836 31.0678 9.43619 35.4892 26.2712
internal_count=2013 903 1110 574 536 358 276 223 713 671 366 228 195 138 99 216 629 147 482 170 136 53 104 53 82 46 163 42 190 144
is_linear=0
shrinkage=0.05


Tree=34
num_leaves=31
num_cat=0
split_feature=41 48 80 74 99 25 121 115 40 109 18 121 84 126 126 123 124 63 104 54 55 54 77 75 129 30 128 53 56 77
split_gain=24.471 15.1202 14.6335 17.6181 12.6023 10.1182 9.53081 11.7186 8.96279 8.57731 8.55428 8.42618 9.46046 12.6434 19.8131 9.76518 7.84262 7.2829 6.89786 6.42084 5.59129 4.86439 4.59296 4.90339 4.40224 4.11467 3.60063 1.6806 1.13728 0.800368
threshold=0.013362962286919357 0.018395248800516132 0.0019232302438467743 0.00040856187115423387 116.18298339843751 0.11466637253761293 0.10542975366115571 111.72847366333009 0.10121372714638711 57.227182388305671 0.092145647853612914 0.072305414825677886 0.036949934437870986 0.089562535285949721 0.078575197607278838 0.005772664677351714 0.016546952538192276 0.017239317297935489 1.1134948134422304 0.021016024053096775 0.025968590751290325 0.0089883613400161284 0.0026407046243548398 0.1271823197603226 0.015451262239366772 0.0091776945628225821 0.0088162487372756022 0.017538265325129036 0.00028898278833366936 0.0019232302438467743
decision_type=2 2 2 2 2 2 2 2 2 2 2 2 2 2 2 2 2 2 2 2 2 2 2 2 2 2 2 2 2 2
left_child=11 26 3 16 6 10 7 -4 -7 20 -5 12 21 14 15 -14 -3 25 -19 22 -6 28 -13 27 -8 -15 29 -24 -1 -2
right_child=1 2 4 5 9 8 24 -9 -10 -11 -12 19 13 17 -16 -17 -18 18 -20 -21 -22 -23 23 -25 -26 -27 -28 -29 -30 -31
leaf_value=-0.032100244103143119 0.064448338125731572 0.064432686403546685 0.01874923288651438 -0.030837598965310398 0.072509701501263332 0.077044167087205614 0.0046449120661112798 -0.01114897999550976 -0.01166164556500388 0.0023670258984670803 0.00097847226512454599 0.011144659310011115 0.035518736178507489 -0.062765119618737639 0.10780121970724715 -0.034443013216567196 0.0017934235049394554 0.042739889938927307 -0.022916583790654883 0.016438041685240292 0.01780161493260744 0.00044887303466521343 -0.049872524956392689 0.0067702807511751464 -0.051111404253548688 -0.0031742160467317475 0.026905387570210815 -0.01671244364125966 -0.062248578671907445 0.09642112355548263
leaf_weight=4.6425218284130123 3.7730225250124914 10.535472400486471 125.09514698386192 70.239436596632004 16.974091134965423 5.1747952848672849 5.6254191547632209 44.408447429537773 6.3319848626852036 10.118555217981337 30.214606940746307 4.4651521891355506 11.422030881047254 9.8247661292552966 6.0913561880588523 8.8539686948060972 9.5054054111242277 6.7545468658208874 9.8107478171586973 6.1493232771754256 6.4431452900171271 6.2686002999544135 41.278943568468094 4.7136665806174269 9.550465449690817 4.1079979836940756 5.0515987426042557 4.2107297182083121 9.5892654508352262 4.0674388036131859
leaf_count=22 26 62 476 225 90 23 24 146 22 35 119 19 48 38 29 31 36 26 37 28 26 26 212 26 33 18 32 18 41 19
internal_value=-0.000168708 0.0066462 0.0046886 -0.00845238 0.0126378 -0.0161807 0.00751746 0.0109162 0.0282309 0.040835 -0.0212679 -0.0180764 -0.00712936 0.00336869 0.0287247 0.00496837 0.0347228 -0.0185531 0.00385503 -0.0320021 0.057457 -0.0362496 -0.0374508 -0.041773 -0.0304436 -0.0451951 0.059825 -0.0468031 -0.052414 0.081035
internal_weight=501.293 363.109 350.217 132.002 218.215 111.961 184.679 169.504 11.5068 33.5358 100.454 138.184 77.3658 56.8654 26.3674 20.276 20.0409 30.4981 16.5653 60.8178 23.4172 20.5004 54.6685 50.2033 15.1759 13.9328 12.8921 45.4897 14.2318 7.84046
internal_count=2013 1394 1317 487 830 389 679 622 45 151 344 619 316 227 108 79 98 119 63 303 116 89 275 256 57 56 77 230 63 45
is_linear=0
shrinkage=0.05


Tree=35
num_leaves=31
num_cat=0
split_feature=43 110 73 48 80 78 122 19 8 38 122 45 92 126 64 48 56 49 9 40 91 26 27 113 19 1 101 1 75 54
split_gain=22.925 11.4031 10.9 13.2675 11.7487 9.78387 9.31283 12.6492 9.92539 11.4864 8.89191 8.64871 8.20193 7.73969 13.2115 11.0872 7.43586 7.16677 10.026 8.35798 6.49807 8.11726 7.22749 6.22185 4.47038 4.46021 4.11924 5.54332 3.2149 2.97819
threshold=0.012954400386661293 -0.62185105681419361 0.012565768323838713 0.031040736474096779 0.0019232302438467743 0.0016442124033346774 0.012103319633752109 0.096829164773225798 0.094557158648967757 0.080337211489677443 0.012529421132057907 0.039421236142516143 0.0014748086687177422 0.064108025282621398 0.35029695928096777 0.55544483661651622 0.0012057557469233873 0.12645488232374194 0.036700813099741943 0.0904815047979355 0.047901388257741935 0.086824376136064543 0.03484733775258065 0.91335105895996105 0.14471062272787097 0.013871173840016128 0.70997062325477611 0.068767938762903227 0.1271823197603226 0.010014748200774195
decision_type=2 2 2 2 2 2 2 2 2 2 2 2 2 2 2 2 2 2 2 2 2 2 2 2 2 2 2 2 2 2
left_child=1 28 6 29 20 25 17 8 11 -10 -7 -8 -3 26 16 -16 -15 23 -19 -20 22 -22 -5 -2 -9 -6 -14 -28 -1 -4
right_child=2 12 3 4 5 10 7 24 9 -11 -12 -13 13 14 15 -17 -18 18 19 -21 21 -23 -24 -25 -26 -27 27 -29 -30 -31
leaf_value=-0.047310789508048262 0.057904854935555063 0.047449187472404182 0.028368914194375483 -0.019005745037026012 0.012284951384785005 -0.012277356671354794 -0.037073976881071058 0.078707734107816341 -0.023244505762987588 0.069391490516550941 0.020199969885849534 0.016676778170727186 0.010921512684182406 0.011541362196941773 0.04981264788038324 -0.016109406610320409 -0.018987144760912941 -0.032815243282575658 0.05836198232182678 -0.012673952335821748 -0.051061682414188826 -2.6578458217522626e-05 0.04996211538278357 -0.0060811831612467004 0.015541399018965063 0.072354652333606037 -0.061576148735575625 -0.018860782987789235 -0.0096110351836491432 0.085398169322284515
leaf_weight=26.331508591771126 29.602956138551235 6.5493537113070479 4.2568588703870756 11.849817231297495 5.184407986700533 50.370344564318657 22.716940656304359 6.9654796943068487 5.7190950512886038 8.0655252411961538 36.23729146271944 11.160466410219668 5.2378155887126914 25.998302891850471 18.085219800472263 9.8532031029462797 85.683778114616871 7.7550758868455913 12.49068705737591 6.1942886263132086 23.600807070732117 11.631092645227907 5.5909910500049582 4.3585399687290183 4.6849390044808388 7.6499886363744736 13.206468299031259 17.875994920730591 7.2015909627079955 4.9528165459632874
leaf_count=153 166 31 20 41 20 171 67 39 20 37 131 47 21 112 74 32 311 23 66 24 77 42 23 14 22 37 49 83 37 23
internal_value=-0.000167985 -0.0124156 0.00924629 0.000763809 -0.00276438 0.0073488 0.0206771 0.00660405 -0.00481191 0.0309578 0.0013114 -0.0193665 -0.00749127 -0.00953642 -0.00418772 0.0265635 -0.0118805 0.0344965 0.0149769 0.0348127 -0.0218573 -0.0342135 0.00310325 0.049693 0.0533069 0.0480897 -0.0300976 -0.0370099 -0.0392144 0.0590383
internal_weight=497.062 216.023 281.038 161.324 152.115 99.442 119.714 59.3124 47.662 13.7846 86.6076 33.8774 182.49 175.941 139.621 27.9384 111.682 60.4015 26.4401 18.685 52.6727 35.2319 17.4408 33.9615 11.6504 12.8344 36.3203 31.0825 33.5331 9.20968
internal_count=2013 903 1110 585 542 359 525 232 171 57 302 114 713 682 529 106 423 293 113 90 183 119 64 180 61 57 153 132 190 43
is_linear=0
shrinkage=0.05


Tree=36
num_leaves=31
num_cat=0
split_feature=76 57 14 126 103 34 15 10 57 37 80 69 3 26 4 29 93 63 62 27 80 21 73 50 20 76 113 44 121 78
split_gain=21.266 14.0881 12.1884 11.9593 13.3709 11.2195 9.74794 8.09098 8.56832 7.33056 6.8637 7.44648 10.207 7.94894 6.83047 9.99024 7.03708 4.22089 4.33504 3.79982 2.3113 8.14017 0.688599 0.6437 0.581294 0.285466 0.0549592 0.025903 0.00860773 0.00143875
threshold=0.029326769523322586 0.37960380315780645 2.9894769795646429e-05 0.064899358898401274 72.76956939697267 0.11423788219690324 0.013064014725387098 0.022171954624354843 0.040108816698193557 0.017109774053096775 0.0743682235479355 0.054268972948193557 0.094686701893806471 0.019939811900258068 0.042819276452064521 0.028987962752580646 0.012725207023322584 0.014150191564112903 0.015226402785629036 0.0041952326428145179 0.27765265107154852 0.024473852477967743 0.0065569197759032258 0.12440210208296777 0.0298050856217742 0.0039760044310241946 0.032140132039785392 0.012944435700774195 0.072031490504741683 0.11511479690670968
decision_type=2 2 2 2 2 2 2 2 2 2 2 2 2 2 2 2 2 2 2 2 2 2 2 2 2 2 2 2 2 2
left_child=1 2 22 7 6 -6 -5 19 -9 20 14 12 13 -12 27 16 -16 23 -19 -4 24 -22 -1 25 -2 26 -3 -11 -26 -30
right_child=9 17 3 4 5 -7 -8 8 -10 10 11 -13 -14 -15 15 -17 -18 18 -20 -21 21 -23 -24 -25 28 -27 -28 -29 29 -31
leaf_value=0.050070737432585957 -0.035099187034305875 0.059650615247982264 -0.011801967096869575 0.011586443311778634 0.043890934358485907 -0.023214648579476801 -0.0088216267701667697 -0.027889331656763022 0.020345502590240011 -0.056414026845608083 -0.030303206743029457 -0.030979835127207936 0.084874296963173834 0.031888882454901686 0.02451718474969114 0.0354147043185132 -0.033788699848959394 -0.0098346595413638174 0.055751031264785693 -0.053375209590745869 -0.057021906258360303 0.033025948217546112 0.08051676770381383 0.040455626401292279 -0.057659277944805937 0.081795744030451145 0.068395948638598089 -0.061416255705002309 -0.055633797753822781 -0.054391426444413207
leaf_weight=3.4494417309761038 4.4192788749933305 4.58955877274275 8.1394345909357089 120.16641679406166 35.256578736007214 7.5651781409978858 114.04378117620945 17.882290735840797 18.977917961776257 5.5917692929506284 9.118788376450544 9.9262141734361631 4.9070220217108718 11.768662318587301 6.1379201859235755 8.4139541983604413 32.985704466700554 5.6333433985710126 4.5581167712807655 16.926282092928886 6.364523380994795 4.143728494644165 4.0231788605451584 2.6380872502923003 4.6535381823778144 2.7890691757202148 2.952012374997139 4.8177452236413956 4.7669975757598859 4.5590879023075104
leaf_count=21 24 36 38 447 160 26 418 62 75 30 39 38 23 47 26 34 146 24 22 58 32 21 19 20 22 13 17 17 27 31
internal_value=-0.000163193 0.00582227 0.00329822 0.00190571 0.00634609 0.0320356 0.00164916 -0.0179588 -0.00305505 -0.0182107 -0.011418 0.00582096 0.0199826 0.00473782 -0.0220447 -0.0140117 -0.0246414 0.0435771 0.0194985 -0.0398754 -0.0402212 -0.0215133 0.0664626 0.0624992 -0.050906 0.0681284 0.0630738 -0.0587292 -0.0559029 -0.0550265
internal_weight=492.166 369.591 346.431 338.958 277.032 42.8218 234.21 61.9259 36.8602 122.575 93.6678 35.7207 25.7945 20.8875 57.9471 47.5376 39.1236 23.1602 10.1915 25.0657 28.9072 10.5083 7.47262 12.9687 18.3989 10.3306 7.54157 10.4095 13.9796 9.32609
internal_count=2013 1456 1324 1284 1051 186 865 233 137 557 400 147 109 86 253 206 172 132 46 96 157 53 40 86 104 66 53 47 80 58
is_linear=0
shrinkage=0.05


Tree=37
num_leaves=31
num_cat=0
split_feature=78 104 110 126 110 0 77 40 20 110 16 48 122 58 46 37 86 81 56 121 5 118 120 84 53 117 79 5 59 133
split_gain=20.0321 13.9027 11.2618 9.61903 12.4347 10.2796 9.46772 8.58279 8.57354 8.4793 8.09165 9.04292 7.99818 7.81457 7.69987 6.63777 6.65043 7.77027 6.50435 7.20791 6.11562 5.39242 7.19307 4.68506 3.38964 6.60026 3.3773 3.29392 2.03763 2.786
threshold=0.0033581792376935486 0.40147240459918981 -0.59144088625907887 0.071006815880537047 1.7302405834198 6.9754463766003041e-05 0.004842952825129033 0.10381457209587099 0.058633610606193549 0.7774629294872285 0.015804368071258072 0.045639349147677429 0.012570002581924202 0.066256776452064528 0.046037945896387107 0.1425282955169678 0.041703205555677421 0.020667251199483875 0.068837691098451628 0.041788410395383842 0.065698739141225829 0.13538876920938495 0.018474555574357513 0.12259845063090326 0.0019033004064112904 779.81985473632824 6.9754463766003041e-05 0.019720584154129032 4.9824617235572084e-05 0.25793360173702246
decision_type=2 2 2 2 2 2 2 2 2 2 2 2 2 2 2 2 2 2 2 2 2 2 2 2 2 2 2 2 2 2
left_child=1 7 24 18 5 9 -4 15 -7 -5 14 -12 -13 20 23 16 27 -18 19 -3 -9 22 -6 -8 28 -26 -21 -1 29 -2
right_child=2 3 6 4 21 8 10 13 -10 -11 11 12 -14 -15 -16 -17 17 -19 -20 26 -22 -23 -24 -25 25 -27 -28 -29 -30 -31
leaf_value=0.015116961741433874 -0.054851888015019945 0.016484632697000321 -0.056393552157462695 0.0024138670104084316 0.054745577737746715 0.055999966443752686 -0.041120933955367978 -0.047412115453262869 0.0017387373966252101 -0.057890850759261085 0.052695364096948499 -0.010071642417459991 0.012492368670145604 0.039809106866396951 0.02863128537355112 0.079076890163109759 0.0052991102798982392 0.046316372086356743 0.02863512588979001 -0.0176494128564922 0.015354920513933341 0.087096335104690711 -0.012208946906561061 0.011809814577864494 0.037127506849690954 -0.042781559410622873 -0.054379441905260284 0.068142592469451174 -0.056036317619857161 0.0064826106773364783
leaf_weight=3.8102049678564098 3.7506180852651623 6.903488613665103 8.8056079149246198 11.332742914557459 10.088623844087129 8.9470253586769086 28.409297570586205 9.3684376925230044 39.067203179001808 12.002672448754309 8.1081411093473417 101.99744947999716 63.863670520484447 7.7327170446515074 5.9019887894392005 7.0918843895196906 33.696320451796055 17.565115198493004 5.7060214877128592 9.9305923283100146 6.6251541748642913 5.0436829775571814 6.659177139401435 4.9019586592912665 4.1164139658212644 6.9419301301240921 16.924821510910988 12.659731537103651 16.862793818116188 3.6563779562711716
leaf_count=19 24 27 26 43 47 39 113 28 142 35 33 402 234 37 22 35 145 90 22 35 30 24 23 21 22 39 57 79 97 23
internal_value=-0.000162448 0.0105206 -0.00975937 -5.03258e-05 0.00871542 -0.00138092 -0.00558649 0.0247446 0.0118498 -0.0286041 -0.00348788 0.00113691 -0.00138353 -0.00145898 -0.0240058 0.0330537 0.0282348 0.019354 -0.0207383 -0.0290836 -0.0214116 0.0417728 0.0281235 -0.0333318 -0.0359801 -0.0130358 -0.0407974 0.0558755 -0.0464345 -0.0245748
internal_weight=488.472 231.156 257.316 132.606 93.1411 71.3496 221.988 98.5496 48.0142 23.3354 213.183 173.969 165.861 23.7263 39.2132 74.8233 67.7314 51.2614 39.4649 33.7589 15.9936 21.7915 16.7478 33.3113 35.3281 11.0583 26.8554 16.4699 24.2698 7.407
internal_count=2013 957 1056 494 353 259 851 463 181 78 825 669 636 95 156 368 333 235 141 119 58 94 70 134 205 61 92 98 144 47
is_linear=0
shrinkage=0.05


Tree=38
num_leaves=31
num_cat=0
split_feature=43 110 57 120 114 78 129 61 105 15 79 1 48 38 101 92 0 67 121 82 81 120 57 76 75 33 77 126 76 53
split_gain=18.8018 9.72275 9.2928 9.46078 12.5205 9.4221 12.6638 13.2366 9.97012 9.20597 9.05857 8.79097 8.69733 8.47146 7.93156 11.8839 7.87584 9.1342 6.55331 6.4635 9.39516 8.60287 6.35747 3.89719 3.27094 1.64014 3.06502 0.888088 0.149877 0.0275603
threshold=0.012954400386661293 -0.62185105681419361 0.20163025707006457 0.014335281215608122 58.682123184204109 0.0020029495935887103 0.02048332151025534 0.0099948183633387106 85.221340179443374 0.001036352012306452 0.00084701849846169363 0.07299306616187097 0.1148955672979355 0.13281250000000003 3.179692387580872 0.0024912308435887103 0.0057099012192338714 0.1333904713392258 0.047723399475216872 0.091816805303096785 0.0096958703361451643 0.025008115917444233 0.344836175441742 0.006507095182314516 0.1271823197603226 0.085509005934000029 0.057138871401548393 0.11223723739385606 0.0077925703953951606 0.0028200733941048388
decision_type=2 2 2 2 2 2 2 2 2 2 2 2 2 2 2 2 2 2 2 2 2 2 2 2 2 2 2 2 2 2
left_child=1 24 3 4 13 8 12 -8 10 27 -5 16 -7 18 15 23 17 -11 -2 20 -17 -21 -18 -3 25 26 -1 28 29 -4
right_child=2 14 9 5 -6 6 7 -9 -10 11 -12 -13 -14 -15 -16 19 22 -19 -20 21 -22 -23 -24 -25 -26 -27 -28 -29 -30 -31
leaf_value=-0.050685529934595498 0.049488222384976965 0.083516837211280615 0.059859320659069397 -0.004004634809848728 0.086223498203206531 0.021286063826069051 0.026584709587976041 -0.041446038173536703 0.070991272706288494 -0.017014842963494686 0.034838385383626672 -0.022303429785859814 -0.035197080214773885 -0.048503602594813684 -0.056347885793742364 -0.025643766246515837 0.088539046819518422 0.056845720166648774 -0.0040536444829932326 -0.0064252260563768928 0.0080626244849967537 -0.047424646150139249 0.024097354940509227 0.017863162178380125 -0.0068004348030326588 -0.055057313000141751 0.014539624750522574 0.034413228811431593 0.075185719174998 0.06570814404974426
leaf_weight=4.9982333332300248 12.348593458533292 4.5734080746769887 3.8512331098318082 57.579349547624588 7.1741829961538306 7.9449372738599768 29.354152709245682 9.4523849189281446 6.4106319248676291 13.21857823431492 20.302107207477093 11.832011312246321 47.935739919543266 4.7713234424591056 7.7760442048311225 27.94902828335762 7.2081552073359481 6.1256483122706404 10.638496637344359 34.006326720118523 79.421558044850826 20.512195512652397 8.1599258556961995 4.4691460877656937 6.8300921991467467 16.250732436776161 2.8158015981316566 2.6049004569649687 3.5999217480421057 4.2223256379365921
leaf_count=29 60 24 30 217 33 28 106 31 35 53 86 39 163 13 42 100 37 34 40 136 309 84 45 18 37 105 19 18 17 25
internal_value=-0.000160207 -0.0114388 0.00844452 0.00354106 0.0273424 -0.00110441 -0.0119285 0.010014 0.0110545 0.0256898 0.00612095 0.0149158 -0.0271665 0.0121246 -0.00696124 -0.00471454 0.0276023 0.00637425 0.0247089 -0.00783039 -0.000711295 -0.021851 0.0543227 0.0510685 -0.0373385 -0.0460058 -0.0271815 0.0608108 0.0667013 0.0629181
internal_weight=484.337 209.603 274.735 213.912 34.9326 178.979 94.6872 38.8065 84.2921 60.8227 77.8815 46.5443 55.8807 27.7584 178.708 170.932 34.7123 19.3442 22.9871 161.889 107.371 54.5185 15.3681 9.04255 30.8949 24.0648 7.81403 14.2784 11.6735 8.07356
internal_count=2013 903 1110 812 146 666 328 137 338 298 303 208 191 113 713 671 169 87 100 629 409 220 82 42 190 153 48 90 72 55
is_linear=0
shrinkage=0.05


Tree=39
num_leaves=23
num_cat=0
split_feature=110 57 14 28 78 32 79 126 67 129 74 14 1 53 3 5 107 15 61 75 43 75
split_gain=17.5303 13.8967 12.2621 13.1052 10.568 11.5591 9.44709 8.19949 9.74394 4.36945 5.68528 3.66645 3.42589 3.16608 6.90023 2.15283 1.18704 1.12783 0.977462 0.687747 0.0494153 0.00200453
threshold=-0.62185105681419361 0.37960380315780645 2.9894769795646429e-05 0.0084502552635967749 0.0020029495935887103 0.045649314299225814 0.00062779017025604855 0.066339988261461272 0.051787707954645164 0.023384871892631057 0.010393415112048389 0.017657844349741939 0.068767938762903227 0.0019033004064112904 0.084990832954645171 0.090890068560838713 2.58997654914856 0.0014847735874354841 6.9754463766003041e-05 0.001763791427947581 0.013572225812822582 0.13469587266445163
decision_type=2 2 2 2 2 2 2 2 2 2 2 2 2 2 2 2 2 2 2 2 2 2
left_child=13 2 19 7 6 -6 -5 12 -9 11 -11 17 -4 15 16 18 -15 -3 -1 -2 21 -20
right_child=1 9 3 4 5 -7 -8 8 -10 10 -12 -13 -14 14 -16 -17 -18 -19 20 -21 -22 -23
leaf_value=-0.028133726953799138 0.046344169994954505 0.056819199398251231 -0.053089473460020312 0.0060208555762179174 -0.024689537238554746 0.0052467775845265775 0.034043841728516662 0.020588489253461295 -0.016312730240522998 0.042383191238353574 -0.045743884631096327 0.022905945636058078 -0.020873852797530561 -0.056532450013513036 0.051122303466951416 -0.015521126283307663 -0.016074036892250548 0.08998051878574409 -0.05440301819761259 0.077362558506846646 -0.061661233822490252 -0.055853739954959604
leaf_weight=3.8592303693294587 3.0614376589655867 5.4470491334796005 15.077073529362677 90.401822574436665 46.316666714847088 106.13869009166956 45.068962790071964 24.382813349366188 67.173332631587982 4.8016764670610419 2.9571800082921982 5.8687372207641593 18.231197655200958 3.8154304027557355 3.1669818833470345 5.5303568094968787 3.4543094262480736 4.8443386256694794 9.8536447733640689 4.2928373366594315 3.2333128452301017 3.1399027258157721
leaf_count=26 20 36 58 357 170 400 205 108 238 34 11 30 83 22 19 32 19 26 69 21 12 17
internal_value=-0.000156829 0.0025655 0.000455048 -0.000685089 0.00518177 -0.00384802 0.0153437 -0.0142135 -0.00648537 0.0396363 0.00879478 0.054444 -0.0354563 -0.0336875 -0.0104743 -0.0431451 -0.0373081 0.0724288 -0.0507509 0.0644502 -0.05613 -0.0547536
internal_weight=480.117 444.064 420.145 412.791 287.926 152.455 135.471 124.864 91.5561 23.919 7.75886 16.1601 33.3083 36.0532 10.4367 25.6164 7.26974 10.2914 20.0861 7.35427 16.2269 12.9935
internal_count=2013 1797 1660 1619 1132 570 562 487 346 137 45 92 141 216 60 156 41 62 124 41 98 86
is_linear=0
shrinkage=0.05


Tree=40
num_leaves=31
num_cat=0
split_feature=45 14 38 120 85 126 125 125 126 75 12 98 102 57 58 98 41 41 128 115 131 50 101 43 50 41 72 46 127 124
split_gain=16.4301 13.9854 11.1792 9.74001 9.37694 9.2454 7.98483 9.67346 8.61754 7.80959 8.17481 7.50686 9.34888 8.51252 7.44657 7.10699 6.99894 6.65339 6.35344 4.92431 4.88454 8.65319 12.301 4.68764 4.28145 3.44071 3.05258 2.72829 1.4975 1.189
threshold=0.021912866272032264 2.9894769795646429e-05 0.012944435700774195 0.029563347809016708 0.1288564279675484 0.089339341968297972 0.070692311972379698 0.0937829725444317 0.064635582268238082 0.021843112073838714 0.026377152651548389 0.61936664581298839 70.692890167236342 0.039451133459806449 0.0032983897253870968 0.30290916562080389 0.046715561300516135 0.085110414773225798 0.0071727132890373477 111.72847366333009 0.016262884251773361 0.036900110542774207 3.2790094614028935 0.043367346748709686 0.11269332095980646 0.017717634327709678 0.028071189299225811 0.040258290246129043 0.023303708992898468 0.017155668698251251
decision_type=2 2 2 2 2 2 2 2 2 2 2 2 2 2 2 2 2 2 2 2 2 2 2 2 2 2 2 2 2 2
left_child=1 -1 20 4 14 -6 8 9 16 10 26 12 -5 -13 -4 18 -2 -12 -9 24 21 22 -3 -11 25 -10 -8 -17 29 -22
right_child=6 2 3 11 5 -7 7 15 19 23 17 13 -14 -15 -16 27 -18 -19 -20 -21 28 -23 -24 -25 -26 -27 -28 -29 -30 -31
leaf_value=0.062743580995173132 -0.03135595820582842 0.041259035169875197 -0.025178288880829586 -0.045464193375380067 0.069935513180663253 0.0089126805533184788 0.013645473088354221 0.042501793678205869 0.021689835217302306 -0.058341781553195943 -0.016610630932742197 0.00098252720021073446 0.0097648168616875433 -0.05583481810486593 0.0017336982792713691 0.076971979412665911 0.043761883653532029 0.038731445600625747 -0.033522561811238458 0.0073507428859765139 -0.054169936602961967 -0.058261204315787289 -0.056034243020099517 -0.0026476163346267618 0.019259837946898672 0.069830976951924514 0.074058271041305954 0.023992169643078553 -0.014327645710641655 -0.018453583265332973
leaf_weight=7.2384053915739051 8.880851671099661 9.8405249267816561 30.718502230942249 10.550221160054205 9.0118021219968814 19.942917808890343 3.6072243973612768 5.4272720515728015 4.596542768180373 9.477283447980879 27.914678014814854 9.5099323093891162 27.993446007370949 21.487284928560257 157.46993725001812 7.789856404066084 4.7644800320267668 6.7427276819944373 5.5671820193529129 8.7067976072430593 19.228274397552021 7.0462142676115027 4.8498740792274466 6.2827091962099066 8.5115458965301496 19.277352124452591 4.974524013698101 3.5317377373576164 3.4341970831155768 2.6514796316623679
leaf_count=42 29 47 124 51 41 75 18 26 21 31 102 43 103 71 596 50 24 32 20 32 120 38 27 22 35 108 29 19 20 17
internal_value=-0.000153521 -0.00601508 -0.00750639 -0.00379911 0.00141637 0.0279053 0.0145366 0.00459845 0.0293002 -0.00600778 0.00497471 -0.0200846 -0.00535254 -0.0384033 -0.00265922 0.0326392 -0.00512739 -0.00584362 0.00400589 0.0407324 -0.0300952 -0.0127099 0.00913873 -0.0361393 0.0497071 0.0605622 0.0486646 0.0604451 -0.0450237 -0.0498417
internal_weight=477.026 340.973 333.735 286.684 217.143 28.9547 136.053 81.3152 54.7376 58.9991 43.2392 69.5409 38.5437 30.9972 188.188 22.316 13.6453 34.6574 10.9945 41.0922 47.0506 21.7366 14.6904 15.76 32.3854 23.8739 8.58175 11.3216 25.314 21.8798
internal_count=2013 1415 1373 1104 836 116 598 349 249 234 181 268 154 114 720 115 53 134 46 196 269 112 74 53 164 129 47 69 157 137
is_linear=0
shrinkage=0.05


Tree=41
num_leaves=31
num_cat=0
split_feature=41 48 80 74 99 71 119 25 18 35 71 15 9 124 51 64 50 131 84 126 66 128 104 34 32 62 65 73 77 18
split_gain=15.3434 11.4269 10.5742 13.8115 10.0228 9.20155 9.16378 8.24148 8.20157 7.99896 7.94411 9.23812 7.61543 7.06166 6.77493 7.24528 7.18739 5.58879 7.47319 8.10194 5.11876 3.37434 2.57922 3.76626 1.80998 0.905967 0.743689 0.648302 0.557513 0.298719
threshold=0.013362962286919357 0.018395248800516132 0.0019232302438467743 0.00040856187115423387 116.18298339843751 0.080217633396387114 0.042386980727314956 0.11466637253761293 0.092145647853612914 0.10291773080825807 0.019401705823838714 0.075015943497419371 0.1265545263886452 0.016546952538192276 0.070192921906709685 0.030562420375645164 0.075544085353612914 0.024886372499167923 0.023636798374354843 0.089562535285949721 0.081293843686580672 0.0088162487372756022 1.7684115767478945 0.12224968150258066 0.030283402651548389 0.020697146654129032 0.0095165017992258089 0.0061483576428145179 0.0019830197561532263 0.0067163584753870973
decision_type=2 2 2 2 2 2 2 2 2 2 2 2 2 2 2 2 2 2 2 2 2 2 2 2 2 2 2 2 2 2
left_child=14 21 3 13 5 6 -4 8 -5 -7 27 -12 -9 29 16 -16 17 18 25 -20 -17 28 23 -19 -18 -1 -26 -6 -2 -3
right_child=1 2 4 7 10 9 -8 12 -10 -11 11 -13 -14 -15 15 20 24 22 19 -21 -22 -23 -24 -25 26 -27 -28 -29 -30 -31
leaf_value=-0.060202969754629646 0.061530796289285143 0.049774786619398513 0.020164977107079769 -0.029141060556043815 0.061295758891438207 0.01017988074837925 -0.0060649933355321067 0.069310645923978398 0.0027682386245499492 0.073834232405334668 0.047573641708955734 -0.020558989571639211 -0.013135805681556367 0.00035214403591737415 -0.03234292435237323 0.083555600527737417 -0.017937954356853091 0.019963958694755292 0.017038226288754919 -0.019169013999456752 0.0062593880756730141 0.020391093341639108 -0.050957341798469641 -0.043054593405829927 -0.037211598241719698 -0.028382893221855832 -0.061113216947244947 0.086557728598353756 0.089891853722316339 0.068494592951343483
leaf_weight=5.7767342776060087 3.3194138035178167 3.2324021309614199 47.628019504249096 66.889078587293625 7.6374872475862521 11.39971946179867 110.67175025492907 5.2979118749499303 28.811104461550713 8.7033214867115003 11.288945205509664 8.8957276120781881 5.9424582943320274 9.0348594933748227 4.5052020102739325 4.4049307852983457 4.4435858801007297 4.1254214718937892 32.645249582827091 29.333118230104446 4.1689444035291672 4.4049003422260284 11.948728084564207 5.5747297629714012 4.6090944260358802 3.6504940390586853 11.072996683418749 3.8049747049808502 3.6252907067537308 6.2548060268163681
leaf_count=29 27 23 193 225 55 45 403 23 119 38 47 31 22 36 24 20 23 20 165 120 20 32 77 24 28 21 48 18 18 39
internal_value=-0.000151855 0.00528089 0.00361166 -0.00787347 0.0104724 0.00587348 0.00182688 -0.0147776 -0.0195346 0.0377381 0.0364138 0.0175464 0.0257236 0.0319886 -0.015076 0.0189952 -0.0190132 -0.0131535 -0.00640647 -9.79342e-05 0.0459712 0.0546231 -0.0354075 -0.0162531 -0.0461066 -0.0478813 -0.0540883 0.0696962 0.0763359 0.0621165
internal_weight=473.101 346.842 335.493 125.463 210.03 178.403 158.3 106.941 95.7002 20.103 31.6271 20.1847 11.2404 18.5221 126.259 13.0791 113.18 93.0545 71.4056 61.9784 8.57388 11.3496 21.6489 9.70015 20.1257 9.42723 15.6821 11.4425 6.9447 9.48721
internal_count=2013 1394 1317 487 830 679 596 389 344 83 151 78 45 98 619 64 555 456 335 285 40 77 121 44 99 50 76 73 45 62
is_linear=0
shrinkage=0.05


Tree=42
num_leaves=23
num_cat=0
split_feature=110 57 14 28 78 32 129 126 67 129 74 14 53 117 1 5 61 15 76 75 43 75
split_gain=14.7609 11.6311 10.4523 11.1057 8.96291 11.8053 10.3919 7.35118 8.76376 3.9767 5.69235 3.43742 3.43504 7.37857 3.35347 2.26293 1.01429 0.924582 0.675109 0.656131 0.0422431 0.00182781
threshold=-0.59144088625907887 0.37960380315780645 2.9894769795646429e-05 0.0084502552635967749 0.0012456154217943551 0.053700972348451621 0.019570245407521728 0.066339988261461272 0.051787707954645164 0.023384871892631057 0.013980787713080646 0.017657844349741939 0.0019033004064112904 767.85025024414074 0.068767938762903227 0.090890068560838713 6.9754463766003041e-05 0.0014847735874354841 0.059181680902838714 0.001763791427947581 0.013572225812822582 0.1303910240530968
decision_type=2 2 2 2 2 2 2 2 2 2 2 2 2 2 2 2 2 2 2 2 2 2
left_child=12 2 19 7 6 -6 -5 14 -9 11 -11 17 15 -14 -4 16 -1 -3 -15 -2 21 -18
right_child=1 9 3 4 5 -7 -8 8 -10 10 -12 -13 13 18 -16 -17 20 -19 -20 -21 -22 -23
leaf_value=-0.026081479632232441 0.043051802690911765 0.055332566202082184 -0.051906249764445384 0.031692204532051349 -0.020673315958193363 0.0072309920354172016 0.0018877293423497411 0.020386521740542791 -0.015220333276703 0.041049298402413295 -0.049330848347006295 0.021038419617716908 0.043092824974231725 -0.055709112631942226 -0.01928083706625135 -0.013688821784813532 -0.053937764567371475 0.086414692646841748 -0.023458483981697729 0.074208143134815469 -0.060883772682715977 -0.055325569168432759
leaf_weight=3.5903253555297914 2.8955672085285178 5.0617596209049243 14.252257935702803 53.330253154039383 58.797427244484425 106.66186508536339 64.762019589543343 23.401619292795658 66.069144710898399 4.648782178759574 2.7863465845584869 5.7124387025833121 4.2917561829090101 3.6144853383302689 17.605965904891491 5.5644499808549872 8.9315081313252431 4.5371768474578857 2.9447010606527328 4.0579865574836731 3.054161235690116 3.2307644039392462
leaf_count=26 20 36 57 250 218 407 255 104 238 35 10 30 23 22 83 34 69 25 19 21 12 19
internal_value=-0.000148678 0.00237446 0.000452073 -0.000591819 0.00482501 -0.00268505 0.0153474 -0.0132512 -0.00590715 0.03718 0.00717895 0.0517484 -0.0312799 -0.00787896 -0.0338763 -0.0416988 -0.0499862 0.0700243 -0.0412304 0.0612342 -0.0556266 -0.0543064
internal_weight=469.803 434.581 411.834 404.881 283.552 165.459 118.092 121.329 89.4708 22.7465 7.43513 15.3114 35.2222 10.8509 31.8582 24.3712 18.8068 9.59894 6.55919 6.95355 15.2164 12.1623
internal_count=2013 1789 1653 1612 1130 625 505 482 342 136 45 91 224 64 140 160 126 61 41 41 100 88
is_linear=0
shrinkage=0.05


Tree=43
num_leaves=28
num_cat=0
split_feature=76 104 126 130 64 15 25 132 45 84 29 93 58 63 9 23 57 124 14 129 27 133 87 39 108 7 67
split_gain=14.0037 11.6373 10.8981 8.93354 7.89657 10.5774 7.95277 6.47749 6.41929 8.13297 7.96143 9.08859 9.90406 8.01183 5.94536 6.68489 5.61285 6.03541 4.36848 2.95727 2.6676 1.84879 1.67993 1.80523 1.11118 0.237588 0.0525318
threshold=0.028469786047935489 -0.81801742315292347 0.065061684697866454 0.094016313552856459 0.40954838693141943 0.0020029495935887103 0.024135043844580654 0.041068095713853843 0.00084701849846169363 0.034119896590709693 0.029496173374354843 0.037238920107483871 0.049605388194322593 0.014618542511016132 0.034817442297935493 0.064154177904129042 0.1662448197603226 0.013564239721745254 0.0063974810764193544 0.02125436253845692 0.037976322695612914 0.36395178735256201 0.085807953029871001 0.0020129145123064522 56.024841308593757 0.025918765924870971 0.039849728345870979
decision_type=2 2 2 2 2 2 2 2 2 2 2 2 2 2 2 2 2 2 2 2 2 2 2 2 2 2 2
left_child=1 24 7 4 5 -4 -6 -3 20 21 11 12 -11 -12 18 -16 17 -5 -9 -13 22 26 23 -2 -1 -25 -10
right_child=8 2 3 16 6 -7 -8 14 9 10 13 19 -14 -15 15 -17 -18 -19 -20 -21 -22 -23 -24 25 -26 -27 -28
leaf_value=0.049545101959759613 -0.021922411869280498 0.033372862045493064 0.021823411517811152 0.061037124726108172 0.048009228230639168 -0.0056899044265718681 0.0090816818654709582 -0.0080052120151061588 -0.055526017010980755 0.013331524838176534 0.084878322531584283 -0.053400275607896036 -0.045441752855000191 0.0037611202417487492 0.022619862522962688 -0.025093597320906977 0.083643273744176294 -0.0076460236897274748 -0.051913313869650403 -0.0050863145514148458 0.0047856544072234497 -0.017279896882012976 -0.011799412321846824 -0.043027160739516866 0.08850135989066571 -0.058206525647778354 -0.063495212965867423
leaf_weight=4.1277614533901206 5.4852864593267538 6.159934736788272 45.139581210911274 5.8314235061407107 18.897759042680264 154.49141269922256 42.915960565209389 8.2769592255353945 3.9351785406470281 36.637042492628098 4.7573197931051245 12.549829863011839 8.9114111736416799 8.4522461667656881 12.431942075490953 17.926249824464321 5.5091915130615225 7.0840803161263466 17.949153438210487 4.2364619374275199 3.6161094531416884 3.7174556553363791 4.1106826215982428 3.2273456305265453 3.2890629991889 12.809208668768404 4.3580542951822281
leaf_count=30 32 29 196 33 89 586 183 35 25 187 20 55 38 34 52 65 29 28 70 21 17 20 21 19 19 65 15
internal_value=-0.000145372 0.00485711 0.00351574 0.00773807 0.00536662 0.000531272 0.0209827 -0.0153179 -0.0151365 -0.00836171 -0.00228544 -0.00975756 0.00183272 0.0329748 -0.0206185 -0.00555452 0.0413887 0.0233648 -0.0380559 -0.041207 -0.0354168 -0.04658 -0.0410883 -0.0466825 0.0668206 -0.0551517 -0.0597138
internal_weight=466.834 350.03 342.614 279.869 261.445 199.631 61.8137 62.7442 116.804 87.555 75.5443 62.3347 45.5485 13.2096 56.5843 30.3582 18.4247 12.9155 26.2261 16.7863 29.2486 12.0107 25.6325 21.5218 7.41682 16.0366 8.29323
internal_count=2013 1444 1395 1144 1054 782 272 251 569 415 355 301 225 54 222 117 90 61 105 76 154 60 137 116 49 84 40
is_linear=0
shrinkage=0.05


Tree=44
num_leaves=22
num_cat=0
split_feature=110 48 81 13 28 78 32 25 126 52 128 53 3 81 5 119 107 60 15 43 78
split_gain=13.2567 10.791 9.60429 8.61854 9.2561 9.41541 10.1159 9.51219 6.77515 8.44468 4.45998 3.09164 6.16167 2.96206 2.01286 1.48634 1.26401 1.00692 0.644292 0.0320822 0.00147057
threshold=-0.62185105681419361 0.031040736474096779 0.00033880739647429442 0.00035873724846169358 0.0084502552635967749 0.0012456154217943551 0.053700972348451621 0.11466637253761293 0.066339988261461272 0.0025211255997419362 0.011514893267303707 0.0019033004064112904 0.084990832954645171 0.12482063099741937 0.090890068560838713 0.044324729591608054 2.7470519542694096 4.9824617235572084e-05 0.0036371969617903237 0.012954400386661293 0.088329080492258086
decision_type=2 2 2 2 2 2 2 2 2 2 2 2 2 2 2 2 2 2 2 2 2
left_child=11 2 -2 -3 8 7 -7 -6 13 -10 15 14 16 -5 17 -4 -13 -1 -17 20 -19
right_child=1 3 10 4 5 6 -8 -9 9 -11 -12 12 -14 -15 -16 18 -18 19 -20 -21 -22
leaf_value=-0.025332096565563407 -0.02309639260663891 0.064706102750279423 0.04166402177153497 -0.042087188860857057 0.010816889919128951 -0.019901530588871813 0.0059183407063648115 0.059632918678078406 0.012966778999831547 -0.017942653781616386 0.0029088490175461176 -0.055577805980334918 0.050189975037878726 -0.00769495792886986 -0.013916863692477081 0.067338339366529706 -0.011727978671389139 -0.054644506896202143 0.093713599097618838 -0.059949629635808722 -0.053488945408937151
leaf_weight=3.5231015756726327 5.0696006938815144 5.141276888549327 3.6229239031672504 21.950651384890083 105.07925337553024 58.244512684643269 108.78837011754513 11.026355385780333 37.765904456377029 53.261545166373253 3.1978721842169753 3.4778199791908246 3.1458268687129021 8.758613780140875 5.2526140809059134 5.0635408423840982 3.1158240512013435 5.1373240202665311 4.2662599235773087 2.879565715789794 5.9326244592666626
leaf_count=27 23 33 31 95 454 218 420 57 148 203 16 23 19 45 32 32 18 34 22 12 51
internal_value=-0.000143847 0.00217577 0.0369429 0.00037642 -0.000440465 0.00451672 -0.00308507 0.0154529 -0.01197 -0.0051188 0.0557889 -0.030956 -0.00738674 -0.0322782 -0.0410571 0.0688444 -0.0348566 -0.049216 0.079399 -0.0552482 -0.0540252
internal_weight=463.701 431.237 21.2202 410.016 404.875 283.138 167.033 116.106 121.737 91.0274 16.1506 32.4647 9.73947 30.7093 22.7252 12.9527 6.59364 17.4726 9.3298 13.9495 11.0699
internal_count=2013 1797 124 1673 1640 1149 638 511 491 351 101 216 60 140 156 85 41 124 54 97 85
is_linear=0
shrinkage=0.05


Tree=45
num_leaves=30
num_cat=0
split_feature=45 14 38 120 49 13 70 91 71 9 55 90 73 61 126 117 48 66 9 131 124 112 0 80 52 127 124 76 84
split_gain=12.6201 10.8678 8.98588 8.45506 7.9121 6.94589 8.48431 6.92047 7.61642 6.34013 6.4869 8.72618 7.70247 6.3051 5.70518 7.91275 5.06083 6.29847 4.72342 4.6739 8.34516 4.34672 3.36225 2.95422 1.8959 1.52838 1.3297 0.759291 0.66888
threshold=0.021912866272032264 2.9894769795646429e-05 0.012944435700774195 0.036391120404005058 0.42364874482154852 0.025619818829 0.056132413446903236 0.0044543209951370963 0.080217633396387114 0.035285793244838722 0.0272241709753871 0.086834341287612929 0.011987803038209678 0.0039361447561532268 0.065518219023942961 874.02859497070324 0.23319914191961291 0.0884586237370968 0.058404415845870979 0.016262884251773361 0.010662689339369537 66.941066741943374 0.137017697095871 0.004832987906411291 0.022460937500000003 0.023303708992898468 0.017155668698251251 0.0049326370935887107 0.057647082954645164
decision_type=2 2 2 2 2 2 2 2 2 2 2 2 2 2 2 2 2 2 2 2 2 2 2 2 2 2 2 2 2
left_child=1 28 19 7 23 16 9 -4 -9 14 12 -12 -11 18 -7 -16 22 -18 -8 20 21 -3 24 -5 27 26 -21 -2 -1
right_child=5 2 3 4 -6 6 13 8 -10 10 11 -13 -14 -15 15 -17 17 -19 -20 25 -22 -23 -24 -25 -26 -27 -28 -29 -30
leaf_value=0.071917371279928685 0.060014032581533927 -0.041494210342316637 0.044247844749099499 -0.06343122933375632 0.026411259044229897 -0.051553312134130891 0.038138779777228737 -0.0060625976396118733 0.017681272324171177 0.052738117606352955 0.026764061235063398 -0.063881754084242279 0.010308519676487644 -0.046816735318303646 -0.029550040144438128 0.043418020100427515 0.04680299398159013 -0.020048851907888326 -0.025606547517158757 -0.053501587261225184 0.054513055152190619 0.017013751346158304 0.0016172826928541391 -0.024870581552228488 0.029676953802440422 -0.011498884308801144 -0.013764171054287795 0.087276118512938969 0.039705721514776825
leaf_weight=3.7846601605415335 8.4037494659423881 12.143608585000043 8.2955547273159009 10.48904892802239 4.7879658192396155 5.7320457100868252 5.6837078854441661 206.60421366989613 40.374645404517651 22.121471680700779 6.3841404542326909 4.5453324913978577 20.71009936183691 11.368325479328631 7.3837595582008344 7.4783185869455338 6.3767736479639989 7.8736094310879707 5.94633449614048 17.218764953315265 3.9772002547979346 4.2980256080627433 3.1350137889385215 9.4347605705261213 4.312368392944335 3.2246369868516913 2.3984405398368827 3.6691864803433409 2.8068611845374107
leaf_count=23 73 68 34 40 23 16 26 802 166 128 29 12 78 39 27 37 31 29 21 120 19 25 13 39 22 20 17 17 19
internal_value=-0.000140282 -0.00535655 -0.00665258 -0.00337569 -0.0313019 0.012981 0.00620328 -0.000672307 -0.00218109 0.0144124 0.0234489 -0.0109336 0.0322224 -0.0203372 -0.0091775 0.00716612 0.0325199 0.00986607 0.00554638 -0.0278608 -0.0104783 -0.0261996 0.0490578 -0.0451711 0.0581346 -0.0433995 -0.0486432 0.0682995 0.0582007
internal_weight=460.963 329.838 323.247 279.986 24.7118 131.124 97.3535 255.274 246.979 74.3552 53.761 10.9295 42.8316 22.9984 20.5941 14.8621 33.7707 14.2504 11.63 43.2607 20.4188 16.4416 19.5203 19.9238 16.3853 22.8418 19.6172 12.0729 6.59152
internal_count=2013 1415 1373 1104 102 598 413 1002 968 327 247 41 206 86 80 64 185 60 47 269 112 93 125 79 112 157 137 90 42
is_linear=0
shrinkage=0.05


Tree=46
num_leaves=23
num_cat=0
split_feature=104 129 110 108 101 13 48 10 81 78 74 79 81 75 78 92 48 73 75 74 8 117
split_gain=11.7784 11.6749 11.4282 8.96954 8.29172 8.17099 7.74735 9.47232 7.40451 7.19663 6.98836 6.82764 5.90447 3.64405 6.09558 3.11289 1.5334 0.848269 0.757883 0.232976 0.0449646 0.00581996
threshold=-0.083020877093076692 0.021193490363657478 -0.62185105681419361 68.90244293212892 3.179692387580872 0.00035873724846169358 0.11058075726032258 0.088289223611354842 6.9754463766003041e-05 0.00096659758128225814 0.0013452646671794357 0.010273836087435486 0.016990194097161296 0.1271823197603226 0.045061385259032256 0.12805923074483874 0.76748844981193554 0.0564014669507742 0.013303172774612905 0.0053113040048629054 0.063845265656709685 813.45803833007824
decision_type=2 2 2 2 2 2 2 2 2 2 2 2 2 2 2 2 2 2 2 2 2 2
left_child=1 3 13 9 5 -4 8 -8 -7 15 -3 -11 -12 16 -15 19 17 20 -5 -1 -2 -6
right_child=2 10 4 18 21 6 7 -9 -10 11 12 -13 -14 14 -16 -17 -18 -19 -20 -21 -22 -23
leaf_value=0.060486203634674066 -0.055225067793820984 0.044183609438331661 0.07040141924714774 0.066652937525527325 -0.056937683336426695 -0.032916079394281254 -0.00070389950739255561 -0.030048424600614361 0.022648697003969209 -0.031759439602297448 -0.050106633024012498 0.046772200242616691 0.012750391243403892 -0.043662682894794559 0.049733144816762151 0.0053830037142441542 -0.011944414093431671 -0.029847139127082745 0.098230196994255947 0.077383069918553204 -0.047454401307869681 -0.053985310763025846
leaf_weight=6.6740284971892851 12.313052743673333 4.9435654729604748 4.1158092617988578 3.0453417301177961 3.703217275440692 6.7807637006044379 275.27813874930143 30.552855916321278 51.783606141805649 7.3899692296981794 9.0431573688983899 4.4249717742204666 6.3661404699087134 3.859326258301734 3.1919512823224068 2.7570972815155974 3.4773671030998221 4.8241146951913825 5.0531235337257385 2.938133105635643 2.1932319849729529 3.0391365811228752
leaf_count=52 90 36 24 21 20 27 1103 106 232 25 30 21 29 22 20 17 26 31 23 15 20 23
internal_value=-0.000137051 0.0221139 -0.00302808 0.0408115 -0.000659183 0.000346151 -0.000445116 -0.00363545 0.0162152 0.0255603 -0.00754325 -0.0023475 -0.0241381 -0.0327992 -0.00138454 0.0522173 -0.0425113 -0.0480101 0.0863559 0.065651 -0.0540502 -0.0556069
internal_weight=457.748 52.6355 405.113 32.2827 375.254 368.511 364.395 305.831 58.5644 24.1842 20.3529 11.8149 15.4093 29.859 7.05128 12.3693 22.8078 19.3304 8.09847 9.61216 14.5063 6.74235
internal_count=2013 269 1744 174 1535 1492 1468 1209 259 130 95 46 59 209 42 84 167 141 44 67 110 43
is_linear=0
shrinkage=0.05


Tree=47
num_leaves=31
num_cat=0
split_feature=75 46 9 62 0 46 4 74 47 48 78 120 58 106 103 71 50 127 18 30 30 76 42 110 123 85 80 52 125 126
split_gain=11.3089 10.4489 7.97655 7.78473 7.76385 9.72202 10.9855 9.70667 9.39107 9.06041 9.01795 8.32035 7.51342 12.6805 7.47842 6.91231 6.75875 6.70299 10.3995 6.68181 10.728 6.47209 5.88021 5.65805 6.59898 5.13942 6.5614 5.91999 5.00179 3.00674
threshold=0.021574059501290325 0.068140149116516127 0.042779415845870979 0.010951451025903227 0.0022520727943629031 0.0099549586884677427 0.10292769595980646 0.00040856187115423387 0.0010662467684596779 0.47758889198303228 0.0021823181305080657 0.01327002700418234 0.0066565689630806455 39.770994186401374 35.171295166015632 0.0972476862370968 0.12964365631341937 0.019062981940805915 0.10843829810619356 0.0023616869002580647 0.00078722895705141138 0.022271603345870975 0.012226961087435486 1.1334027051925661 0.0059349890798330316 0.061692841351032264 0.076789703220129027 0.00030891262576915329 0.10087452083826066 0.068744421005249037
decision_type=2 2 2 2 2 2 2 2 2 2 2 2 2 2 2 2 2 2 2 2 2 2 2 2 2 2 2 2 2 2
left_child=1 4 3 -3 7 8 11 23 9 -6 -10 -7 25 14 -14 17 22 18 -15 20 -9 -19 -16 24 -1 -2 27 -27 -21 -29
right_child=12 2 -4 -5 5 6 -8 19 10 -11 -12 -13 13 15 16 -17 -18 21 -20 28 -22 -23 -24 -25 -26 26 -28 29 -30 -31
leaf_value=0.049619313764243528 -0.045043126811938144 0.052611618992231546 0.06373278573347943 -0.03905967430518479 0.022825355804852735 0.0586376750034171 0.071494864708296899 -0.023261544569885283 0.0021761356562558709 -0.015387595646933254 -0.047732301397937917 0.0067761488786827325 -0.027109946893222811 -0.016692498461400303 -0.0053411419826832921 0.043085349595771233 0.090255977460881917 0.00086097048424354714 0.039358780902714795 -0.031673814579831552 0.072843010268770894 -0.040155641685860582 0.047575424938599682 0.065725731096257844 -0.029633200453152458 0.023743588551738616 0.034691586056894527 -0.0065218068070595561 0.006953673579099675 -0.054416405736450318
leaf_weight=4.5653727948665637 21.629677265882492 4.3067100942134875 13.208649322390555 5.009897269308567 48.608752936124802 9.313940078020094 10.455261416733263 7.0246755480766279 19.878074631094933 22.782193139195442 16.617509946227074 45.584646623581648 5.8992804661393192 30.474410861730576 9.6789751127362305 5.2174589782953253 4.5963907837867728 13.28394755721092 11.360040858387945 46.147979848086834 4.9500232562422752 34.846010506153107 11.472644984722136 5.6775602623820296 6.1849397495388985 4.7012741118669572 5.8234594836831084 4.6585204079747191 10.240181885659693 11.048989422619341
leaf_count=29 128 28 81 18 212 47 70 29 76 92 59 188 28 132 40 24 20 47 53 164 22 145 46 38 22 27 31 26 38 53
internal_value=-0.000132752 0.00608568 0.0387442 0.00331645 0.00323471 0.00930238 0.0245209 -0.00916248 8.35535e-05 0.0106309 -0.0205486 0.0155748 -0.0101196 -0.00374966 0.0236684 -0.012866 0.0353026 -0.0161109 -0.00147191 -0.0174555 0.0164655 -0.028835 0.0233608 0.025348 0.00402324 -0.0269995 -0.0121217 -0.0254794 -0.024659 -0.0402119
internal_weight=455.247 280.556 22.5253 9.31661 258.031 173.24 65.3538 84.7907 107.887 71.3909 36.4956 54.8986 174.691 126.829 31.6473 95.1819 25.748 89.9644 41.8345 68.3629 11.9747 48.13 21.1516 16.4279 10.7503 47.8619 26.2322 20.4088 56.3882 15.7075
internal_count=2013 1213 127 46 1086 744 305 342 439 304 135 235 800 535 134 401 106 377 185 253 51 192 86 89 51 265 137 106 202 79
is_linear=0
shrinkage=0.05


Tree=48
num_leaves=31
num_cat=0
split_feature=45 14 77 101 120 58 26 125 125 6 35 82 98 75 12 125 45 122 12 70 86 8 46 19 76 49 84 7 25 108
split_gain=10.533 9.2151 7.90899 7.6869 7.48813 8.10848 7.16213 6.41312 8.51643 7.41074 8.6691 6.71312 6.21915 6.14098 6.92612 6.00599 5.4252 4.30946 3.98985 3.89147 3.67351 3.45872 2.88631 1.7394 1.24222 0.913155 0.65796 0.585509 0.481912 0.00527805
threshold=0.021912866272032264 2.9894769795646429e-05 0.11155731603503229 3.2790094614028935 0.029563347809016708 0.0013651945628225806 0.048778299242258079 0.070692311972379698 0.0937829725444317 0.064383368939161315 0.045619418844580657 0.073162470012903227 0.30290916562080389 0.024324377998709682 0.026377152651548389 0.084084082394838347 0.054976481944322593 0.017561480402946476 0.040397800505161292 0.038524392992258079 0.053411990404129035 0.052744340151548393 0.040258290246129043 0.057647082954645164 0.0027004943694919352 0.25619818270206457 0.063307158648967757 0.034608179703354842 0.075424503535032286 152.34803009033206
decision_type=2 2 2 2 2 2 2 2 2 2 2 2 2 2 2 2 2 2 2 2 2 2 2 2 2 2 2 2 2 2
left_child=1 26 3 4 5 -3 -6 9 13 10 18 19 16 14 21 -16 -10 24 -2 -12 -15 -9 25 -4 28 -14 -1 -20 -11 -25
right_child=7 2 23 -5 6 -7 -8 8 12 17 11 -13 22 20 15 -17 -18 -19 27 -21 -22 -23 -24 29 -26 -27 -28 -29 -30 -31
leaf_value=0.069312050648156528 0.015493268671704228 -0.024119793117415644 -0.012498060931027552 -0.054755038592321698 -0.029981843227136054 0.0045314532042986045 0.0046854952128702202 0.0029163538950032503 -0.029395861431418358 0.064125500413808934 -0.0068972851881510464 0.033001563011976397 0.061001173267596978 -0.061138896907258738 0.0072571689607771441 -0.036437616399449264 0.043359878715353774 0.011139507792014232 0.082202972317141201 -0.061275800582778608 -0.0071446171849478303 0.070785000712468613 0.018951081016015281 -0.056291286745736038 0.08707994968253166 0.097746534797842621 0.036138363202334975 0.053831659421319733 0.036261790074298625 -0.053682470746727134
leaf_weight=3.6201801449060431 6.9928977414965612 28.116128921508789 3.3038922026753417 7.4104462787508956 43.291993014514446 202.88857039809227 22.715871319174767 3.0929678454995146 5.7719142362475413 4.6222847104072589 8.4099732786417025 6.6410953924059859 4.1990924999117833 7.2606824040412885 22.765282370150089 12.015082187950609 4.6076684705913067 4.4635943323373786 3.7318402677774429 5.4041525945067397 5.5641866996884346 4.7758495286107063 3.2725883722305298 2.6401184946298581 5.1971658170223236 2.8304028958082199 2.5457986518740654 3.5468875542283058 2.3360235095024109 7.2982115298509598
leaf_count=24 32 130 25 52 183 819 87 15 21 32 34 31 36 25 97 44 25 17 20 18 21 32 19 15 24 14 18 23 18 62
internal_value=-0.000132057 -0.00492492 -0.00610003 -0.00445457 -0.00319957 0.00104424 -0.0180515 0.012041 0.00283332 0.0256976 0.0125569 -0.00831002 0.0302175 -0.00737597 0.00174656 -0.00783745 0.00290162 0.0531562 0.0424651 -0.0281704 -0.037713 0.0441081 0.0577389 -0.0439272 0.068585 0.0757966 0.0556154 0.0683778 0.0547712 -0.0543755
internal_weight=451.333 323.831 317.665 304.423 297.013 231.005 66.0079 127.502 76.1557 51.3459 34.7268 20.4552 20.6817 55.4741 42.6492 34.7804 10.3796 16.6191 14.2716 13.8141 12.8249 7.86882 10.3021 13.2422 12.1555 7.0295 6.16598 7.27873 6.95831 9.93833
internal_count=2013 1415 1373 1271 1219 949 270 598 349 249 158 83 115 234 188 141 46 91 75 52 46 47 69 102 74 50 42 43 50 77
is_linear=0
shrinkage=0.05


Tree=49
num_leaves=25
num_cat=0
split_feature=57 110 101 91 43 48 54 14 97 129 74 53 117 8 58 129 31 115 120 31 76 38 104 74
split_gain=9.97482 9.75143 7.37145 8.07824 8.63722 7.02698 5.62914 4.76957 4.09385 4.62242 5.59374 4.0279 6.61204 3.70215 2.37195 3.58982 2.18438 1.53206 1.29899 0.819558 0.331149 0.00744765 0.00546358 0.00079721
threshold=0.37960380315780645 -0.59144088625907887 2.2477164268493657 0.0044543209951370963 0.0018634407315403225 0.031040736474096779 0.013303172774612905 0.021065847948193554 66.100559234619155 0.023384871892631057 0.013980787713080646 0.0019033004064112904 767.85025024414074 0.026357222348451618 0.00014947385352570566 0.019123853184282783 0.00074736925307661306 73.034496307373061 0.020909423008561138 0.0025011957623064522 0.013562260661274196 0.025530134327709678 2.9220365285873418 0.083067603409290328
decision_type=2 2 2 2 2 2 2 2 2 2 2 2 2 2 2 2 2 2 2 2 2 2 2 2
left_child=1 11 3 13 6 -6 -5 16 9 17 -11 14 -13 -3 15 -1 -4 18 -2 -14 -19 23 -18 -16
right_child=8 2 7 4 5 -7 -8 -9 -10 10 -12 12 19 -15 21 -17 22 20 -20 -21 -22 -23 -24 -25
leaf_value=-0.055321315639740402 0.061870616557253434 0.074946721599024713 -0.013008265337556066 -0.036336303962678722 0.039034151982430418 0.0013596740264396493 0.017544154509585672 0.020255978254866469 -0.017349327679815573 0.046562897567453916 -0.048539530556797772 0.045618257725966421 -0.055019615844295267 0.013504848832346506 -0.053023598434187171 0.02390439872910077 -0.057110870874848688 0.066311110532391818 0.013159210861177863 -0.016740529968357402 0.088771759150049853 -0.055819934979265511 -0.054797862551792212 -0.054022535599487276
leaf_weight=2.878771170973784 3.1178021207451874 5.275041423738001 4.1788856759667423 23.670273602008823 12.865015238523482 326.25586375594139 6.09592081606388 3.660637415945529 3.4553681537508956 3.7559049613773814 2.6280540749430656 4.0143116340041143 3.1862689703702927 4.5806436464190483 5.0705995336174947 2.8407476618885994 4.4395008385181409 3.8001945205032825 2.4395039081573486 2.491814948618412 2.888292208313942 5.2475741654634467 6.0083662793040276 3.295235201716423
leaf_count=23 28 25 24 93 72 1306 28 22 16 34 10 22 23 20 49 23 22 28 15 18 14 32 41 25
internal_value=-0.000128158 -0.00182653 0.00021873 0.00171579 0.000522203 0.00278891 -0.0253019 -0.0307862 0.032636 0.041907 0.00741253 -0.0298031 -0.00349714 0.0463903 -0.0429914 -0.0159718 -0.0435606 0.0598896 0.0404877 -0.0382209 0.0760103 -0.0543433 -0.0557807 -0.0534171
internal_weight=448.141 426.055 397.03 378.743 368.887 339.121 29.7662 18.2874 22.0851 18.6298 6.38396 29.0253 9.6924 9.85569 19.3329 5.71952 14.6268 12.2458 5.55731 5.67808 6.68849 13.6134 10.4479 8.36583
internal_count=2013 1868 1653 1544 1499 1378 121 109 145 129 44 215 63 45 152 46 87 85 43 41 42 106 63 74
is_linear=0
shrinkage=0.05


Tree=50
num_leaves=23
num_cat=0
split_feature=104 129 110 108 48 101 121 78 40 74 83 81 55 75 16 33 48 73 76 74 8 117
split_gain=9.61551 10.0397 8.9056 8.0324 7.67816 6.95149 7.38157 6.82817 6.05624 5.99343 5.47057 5.13439 4.36007 3.74983 6.50388 3.06735 1.57597 0.892802 0.524278 0.183324 0.044378 0.00459013
threshold=-0.083020877093076692 0.021193490363657478 -0.62185105681419361 68.90244293212892 0.010373485274612905 3.179692387580872 0.095335200428962721 0.00096659758128225814 0.10381457209587099 0.0013452646671794357 0.03022361267358065 0.016990194097161296 0.015674824826419357 0.1271823197603226 0.17409718036651614 0.0020428092684596781 0.76748844981193554 0.0564014669507742 0.012306680437177421 0.0053113040048629054 0.063845265656709685 813.45803833007824
decision_type=2 2 2 2 2 2 2 2 2 2 2 2 2 2 2 2 2 2 2 2 2 2
left_child=1 3 13 7 -4 6 8 15 -6 -3 -8 -11 -9 16 -15 -1 17 20 -5 -17 -2 -7
right_child=2 9 4 18 5 21 10 12 -10 11 -12 -13 -14 14 -16 19 -18 -19 -20 -21 -22 -23
leaf_value=0.0049067777609903473 -0.054703852419493264 0.042313520142780968 0.069035313243042601 0.067564005911194588 0.0046872568706733181 -0.056199543664640764 -0.048938840844343828 0.025077746205848041 -0.023623020865615713 -0.04771665271970401 -0.0094926523188787349 0.011750460991188637 -0.036519475459967352 -0.042174396041049694 0.057602576979043842 0.059810611211925081 -0.0089819892581082441 -0.027513856888687446 0.093872275121941351 0.075039621878734808 -0.046452722156936382 -0.053408882110949789
leaf_weight=2.8012395277619424 11.001444101333627 4.5966453216969994 3.90461242198944 3.3542465865612021 275.35783278942108 3.3229920864105216 10.56596429646015 6.1329033151268941 20.282470732927322 8.7241615876555425 52.276330947875977 6.2159050665795794 5.4044378250837326 3.651728391647338 2.9547791555523872 5.8579407222568971 3.2688735648989669 4.4507011249661437 4.3491559326648712 2.9821264818310738 1.9129587560892094 2.6474482864141464
leaf_count=19 90 36 32 24 1106 20 44 28 72 30 238 29 18 23 19 49 26 31 20 16 20 23
internal_value=-0.00012605 0.0204381 -0.00274694 0.0381844 -0.000706865 -0.00145406 -0.000562893 0.0234838 0.00274502 -0.00761376 -0.0161249 -0.022975 -0.00377625 -0.0303338 0.00245114 0.0505003 -0.0408307 -0.0468261 0.082417 0.064948 -0.0534816 -0.0549621
internal_weight=446.017 50.4188 395.598 30.8821 368.358 364.453 358.483 23.1786 295.64 19.5367 62.8423 14.9401 11.5373 27.2405 6.60651 11.6413 20.634 17.3651 7.7034 8.84007 12.9144 5.97044
internal_count=2013 269 1744 174 1535 1503 1460 130 1178 95 282 59 46 209 42 84 167 141 44 65 110 43
is_linear=0
shrinkage=0.05


Tree=51
num_leaves=31
num_cat=0
split_feature=104 78 23 40 108 58 109 120 106 120 72 122 11 71 57 59 58 63 23 113 19 5 46 129 3 16 45 11 87 109
split_gain=8.97043 8.6333 11.0497 10.7515 8.83915 7.42605 8.76394 9.24222 12.3607 10.9667 10.5265 8.79099 7.21649 6.96089 6.92794 6.25124 5.97052 7.3367 5.58126 11.1434 5.57705 5.28536 5.27572 4.35769 3.93404 6.41984 6.7656 3.77759 3.70056 3.57835
threshold=0.40147240459918981 0.0053312338422983893 0.062500000000000014 0.10381457209587099 67.539791107177749 0.0066565689630806455 28.088504791259769 0.014862835872918369 37.289279937744148 0.012062738183885814 0.020597497001290325 0.012529421132057907 0.16884566843509677 0.018873564898967746 0.11755620315670968 0.0077427455689758071 0.066256776452064528 0.04063695669174195 0.10942482575774194 -0.018808661028742787 0.10777064785361291 0.0543088335543871 0.018026546575129036 0.018920947797596458 0.088647957891225829 0.069206390529871001 0.00098652741871774218 0.032116949558258064 0.041065450757741935 78.836803436279311
decision_type=2 2 2 2 2 2 2 2 2 2 2 2 2 2 2 2 2 2 2 2 2 2 2 2 2 2 2 2 2 2
left_child=1 3 15 4 12 22 -7 9 10 14 -9 -10 13 -1 -8 -3 21 -18 -4 -20 -11 -5 24 -24 29 27 -27 -26 -17 -2
right_child=5 2 18 16 -6 6 7 8 11 20 -12 -13 -14 -15 -16 28 17 -19 19 -21 -22 -23 23 -25 25 26 -28 -29 -30 -31
leaf_value=0.041148253488716591 -0.042274746310902722 -0.01706964517833531 -0.049683574813932839 -0.054025014080103309 0.068928548391908914 0.052350053414265053 -0.018460687541161449 -0.038823564434830517 -0.026372993711459736 0.052643437303795497 0.036142031119608058 -0.0017022746938449526 -0.033590176322446819 0.0054950957873880404 0.040852084325443933 0.017872965368320018 0.07056111530168982 -0.023839727493249627 0.040333572880192237 -0.057784669873352484 0.0017166874593427849 0.0027645297548528607 -0.017832167938272154 0.049843239954401986 -0.054731008140146323 -0.03608401578744818 0.04858295949045198 0.0070320882871512244 0.078694798199632654 0.0025182503241944548
leaf_weight=32.479959677904844 30.236750312149525 5.7713826447725287 14.266236424446108 8.738757818937307 11.250837676227091 7.5126570612192145 23.239264406263832 5.8397858068347004 73.426973700523376 19.172499246895317 23.633941046893597 71.047794543206692 5.5613447353243819 23.664769042283297 6.2465190440416327 5.0029058605432493 4.2404859438538534 3.9993966519832611 6.5334771424531937 5.1943836808204633 7.4706704057753077 7.7135671451687804 4.9349991306662542 4.5920392051339149 7.6629033684730548 3.5912657305598241 6.8791549652814865 3.6572649851441383 5.0005211681127548 5.229824796319007
leaf_count=204 171 21 48 26 72 42 102 21 313 89 100 264 23 97 29 22 29 14 29 17 30 37 23 20 38 21 40 19 22 30
internal_value=-0.000122465 0.010381 -0.00864324 0.0185185 0.0281705 -0.00493354 -0.000792899 -0.00252816 -0.00822068 0.0151134 0.0212887 -0.0142408 0.0207391 0.0261206 -0.00589537 0.024369 -0.00999984 0.0247417 -0.0286771 -0.00312395 0.0383637 -0.0273996 -0.0196642 0.0147874 -0.0253966 -0.00867612 0.0195429 -0.0347769 0.0482766 -0.0356697
internal_weight=443.792 139.418 41.7689 97.6491 72.9569 304.374 237.59 230.077 173.948 56.129 29.4737 144.475 61.7061 56.1447 29.4858 15.7748 24.6922 8.23988 25.9941 11.7279 26.6432 16.4523 66.7842 9.52704 57.2572 21.7906 10.4704 11.3202 10.0034 35.4666
internal_count=2013 661 159 502 396 1352 990 948 698 250 121 577 324 301 131 65 106 43 94 46 119 63 362 43 319 118 61 57 44 201
is_linear=0
shrinkage=0.05


Tree=52
num_leaves=20
num_cat=0
split_feature=104 110 14 46 74 0 85 21 10 58 53 77 12 58 4 72 76 10 38
split_gain=8.5686 8.63407 7.29331 7.17966 8.0525 12.0176 7.8969 9.33079 6.46689 5.02386 3.67393 5.72776 3.66089 1.97483 3.97036 0.600409 0.423084 0.135497 0.00757444
threshold=-0.75156724452972401 -0.62185105681419361 2.9894769795646429e-05 0.0099549586884677427 0.0013452646671794357 0.0091378348879516142 0.098074778914451613 0.072275590151548399 0.021454479545354847 0.0379862878471613 0.0019033004064112904 0.070123169571161284 0.020577566698193554 0.00014947385352570566 0.070073343813419356 0.0096759404987096804 0.0022122130030766134 0.062589686363935484 0.028888313099741939
decision_type=2 2 2 2 2 2 2 2 2 2 2 2 2 2 2 2 2 2 2
left_child=12 10 15 6 9 -6 8 -8 -4 -5 13 -12 -1 14 -2 -3 -14 18 -15
right_child=1 2 3 4 5 -7 7 -9 -10 -11 11 -13 16 17 -16 -17 -18 -19 -20
leaf_value=0.0033666809657264835 -0.05457268433447221 0.036254879025345903 -0.026981066866299031 0.016264646152107209 -0.014890660784105331 0.014423442734954772 0.074420819175952946 0.0030310479372649148 -0.0052425072834325773 0.062855997515214521 -0.047205679216765439 0.03551472327205709 0.05955531847778231 -0.053440005999877971 0.035163712201135879 0.067839750853279909 0.08668848359798384 -0.041542116921103718 -0.056326299524929395
leaf_weight=2.9212017357349378 2.7844052538275781 2.5908137038350096 50.154760502278805 15.10165521502495 56.797488618642092 90.945140071213245 4.9304016381502143 63.866573356091976 107.62499870359898 9.3793066777288896 3.7966824993491155 4.6626147553324699 3.1235451959073544 7.0842554643750173 2.2117550522089005 3.588892787694931 2.6603497862815857 2.5665994025766841 3.3469543233513832
leaf_count=20 25 21 226 84 213 395 24 252 428 76 28 31 28 64 19 22 13 25 19
internal_value=-0.000121433 -0.0011124 0.000695371 -0.000139889 0.00755505 0.00315407 -0.00598891 0.00814726 -0.0121527 0.034115 -0.0287881 -0.00161166 0.048992 -0.0415642 -0.0148472 0.0545979 0.0720354 -0.0518338 -0.0543661
internal_weight=440.138 431.433 404.98 398.8 172.224 147.743 226.577 68.797 157.78 24.481 26.4533 8.4593 8.7051 17.994 4.99616 6.17971 5.78389 12.9978 10.4312
internal_count=2013 1952 1741 1698 768 608 930 276 654 160 211 59 61 152 44 43 41 108 83
is_linear=0
shrinkage=0.05


Tree=53
num_leaves=31
num_cat=0
split_feature=75 46 9 115 0 73 106 29 1 49 122 49 27 44 55 129 104 102 126 77 25 62 51 65 53 71 115 17 95 132
split_gain=8.18339 8.28317 7.48035 6.76497 8.21142 8.79517 8.62428 7.8038 6.67477 6.59162 6.33319 9.13851 8.73962 8.56647 9.81285 7.84957 8.09223 7.72481 6.47079 6.04001 8.87157 4.45356 4.26224 3.87379 3.36788 3.22858 2.40459 1.93807 1.48668 1.45477
threshold=0.021574059501290325 0.068140149116516127 0.042779415845870979 111.72847366333009 0.0022520727943629031 0.030701929703354839 40.856824874877937 0.011708784848451616 0.066366389393806471 0.090999681502580657 0.012570002581924202 0.015216438099741937 0.068409200757741942 0.0027004943694919352 0.00032884247775655245 0.018829640932381157 -0.039240064099431031 57.671525955200202 0.075795389711856856 0.0053113040048629054 0.11466637253761293 0.011230468750000002 0.035624602809548385 0.12840800732374194 0.0012256855843588712 0.082957986742258086 91.30326080322267 0.032216599211096771 0.0032884248066693549 0.096258420497179045
decision_type=2 2 2 2 2 2 2 2 2 2 2 2 2 2 2 2 2 2 2 2 2 2 2 2 2 2 2 2 2 2
left_child=1 3 21 4 19 6 -6 -5 -7 22 11 -2 13 24 -15 16 -13 -18 -16 20 -1 -3 -9 -11 -12 28 -26 -21 -17 -4
right_child=10 2 29 7 5 8 -8 9 -10 23 12 15 -14 14 18 25 17 -19 -20 27 -22 -23 -24 -25 26 -27 -28 -29 -30 -31
leaf_value=-0.0084314889167924293 0.053455930393871066 0.036371973689885699 0.07070201447129966 -0.049286902060233548 -0.0093649221832878323 0.081936743109328636 0.018833636936401322 0.05942479992177329 0.014803557857180349 -0.042603377946520415 -0.050460451014576746 0.061358258353258782 -0.054640320175596592 0.076727237776032506 0.037926728472461133 -0.023620803358478853 0.0025993441840082084 -0.031956349914195957 -0.0067044193504421177 -0.059127099701607802 0.048701859895070823 -0.034855772293643804 -0.006782711161770193 0.0016282933454184131 0.021593329467724895 -0.0035845018420025917 -0.02962839855195637 -0.014823882376557899 -0.052568233552758352 0.029781122796809147
leaf_weight=53.89775376021862 4.4991310387849799 4.3472875691950339 9.2306302897632104 12.178881593048571 41.138065885752439 7.7842798754572851 79.544189408421516 5.7458475977182406 7.0611798241734505 9.03811774402857 6.1767232045531264 3.7752700895071021 5.7841389998793593 6.7994091510772696 13.423805102705954 5.5857845619320896 33.776011995971203 31.031885750591755 20.559315845370293 6.4956450834870321 7.7746611982583991 4.4317931309342384 4.2134438082575798 10.943804159760473 4.8276660367846471 5.1961861550807944 4.3610392063856125 3.9816789850592613 21.537814982235432 2.8402100056409827
leaf_count=223 22 29 63 39 176 43 377 27 32 28 33 17 20 34 58 24 186 131 79 26 38 17 16 41 22 27 20 20 127 18
internal_value=-0.00011796 0.00525606 0.0355327 0.00272894 0.00643455 0.0136887 0.00922134 -0.0155419 0.0500051 -0.0018158 -0.00880993 -0.0162662 0.00387989 0.00990841 0.0218962 -0.019375 -0.00980162 -0.0139469 0.0109255 -0.00719185 -0.00122904 0.000415289 0.0314146 -0.0183783 -0.0219093 -0.03969 -0.00271695 -0.0422906 -0.0466069 0.0610735
internal_weight=437.982 270.647 20.8499 249.798 207.677 135.528 120.682 42.1201 14.8455 29.9412 167.334 105.402 61.9321 56.148 40.7825 100.903 68.5832 64.8079 33.9831 72.1497 61.6724 8.77908 9.95929 19.9819 15.3654 32.3198 9.18871 10.4773 27.1236 12.0708
internal_count=2013 1213 127 1086 935 628 553 151 75 112 800 534 266 246 171 512 334 317 137 307 261 46 43 69 75 178 42 46 151 81
is_linear=0
shrinkage=0.05


Tree=54
num_leaves=22
num_cat=0
split_feature=48 110 133 103 13 10 115 71 53 114 53 117 58 4 8 69 30 29 10 26 38
split_gain=7.87059 7.53795 7.40529 5.96586 6.6367 6.94045 8.13628 6.88511 6.17553 4.36789 3.86825 6.54744 2.05421 3.5213 1.43496 1.37815 0.904628 0.50343 0.0672968 0.053731 0.00609027
threshold=0.031040736474096779 -0.59144088625907887 0.19543868303298953 82.330219268798842 0.00035873724846169358 0.021653778851032261 108.19053649902345 0.1190808340907097 0.0031190209556370978 38.527208328247077 0.0019033004064112904 767.85025024414074 0.00014947385352570566 0.074567522853612914 0.081004861742258086 0.023497289977967743 0.0070651306305080661 0.015156648587435486 0.064682316035032286 0.053591357544064529 0.028888313099741939
decision_type=2 2 2 2 2 2 2 2 2 2 2 2 2 2 2 2 2 2 2 2 2
left_child=2 10 -1 4 -3 6 -6 -7 -5 -4 12 -12 13 -2 17 -10 -13 -11 20 -19 -14
right_child=1 3 9 8 5 7 -8 -9 15 14 11 16 18 -15 -16 -17 -18 19 -20 -21 -22
leaf_value=-0.029165018116916297 -0.054254982016499989 0.060736237361436456 0.003861813665914485 -0.0072147596624915628 -0.0081607342669387292 0.00033245211279558213 -0.053368730013521909 0.037000203721625623 0.029320801532394376 0.086573995216078406 0.051143709244819639 -0.054021088037721599 -0.053232984805091532 0.030867692338157657 0.031714043547317619 0.070128004638476099 -0.011627548585956656 0.05761391990657181 -0.044205985848116511 0.068085342963101175 -0.055844721176836976
leaf_weight=4.1424290575087097 2.5720008462667527 4.2850854732096186 4.464618206024169 6.4682014584541312 81.143042355775833 262.98354503884912 11.343963138759134 13.457238666713236 3.1143346875905973 3.6144660636782628 3.5961437821388227 3.0633518919348717 6.9083959683775884 2.3026181012392044 2.9036834500730029 6.1642455607652664 2.1356814056634903 2.8676629364490509 2.078365307301282 2.1386823020875454 3.297575481235981
leaf_count=18 25 33 33 26 352 1093 44 63 18 18 21 25 66 18 21 37 16 31 21 14 20
internal_value=-0.00011824 -0.00159962 0.0304132 0.000141261 -0.00113069 -0.00184928 -0.0137057 0.00211745 0.0302877 0.0458486 -0.0276892 -0.000727468 -0.041509 -0.0140457 0.0621144 0.0564312 -0.0366065 0.0723539 -0.0524068 0.0620873 -0.0540768
internal_weight=435.045 414.914 20.1315 388.96 373.213 368.928 92.487 276.441 15.7468 15.9891 25.9541 8.79518 17.159 4.87462 11.5245 9.27858 5.19903 8.62081 12.2843 5.00635 10.206
internal_count=2013 1878 135 1666 1585 1552 396 1156 81 117 212 62 150 43 84 55 41 63 107 45 86
is_linear=0
shrinkage=0.05


Tree=55
num_leaves=23
num_cat=0
split_feature=57 19 5 131 22 48 72 121 129 36 115 42 72 125 17 26 8 125 112 101 75 84
split_gain=7.67529 7.12208 7.19545 10.4936 7.75152 8.59204 7.74974 7.548 7.37033 7.71062 5.68005 4.65887 3.92604 3.78969 4.72752 3.44935 3.8199 2.46172 1.10575 0.975135 0.348724 0.0738033
threshold=0.37960380315780645 0.1739875674247742 0.13367944955825808 0.035163542255759246 0.11760602891445161 0.027981504797935489 0.01517657842487097 0.045146496966481216 0.020828261040151123 0.11459662020206453 78.912441253662124 0.026237643323838714 0.070103235542774214 0.078808538615703597 0.0948062799870968 0.065808355808258071 0.081004861742258086 0.090861130505800261 44.883867263793952 0.94348761439323436 0.012027662713080646 0.14351482689380649
decision_type=2 2 2 2 2 2 2 2 2 2 2 2 2 2 2 2 2 2 2 2 2 2
left_child=1 2 4 8 5 -1 11 -7 9 -4 -10 -6 -8 19 -15 17 -17 18 -2 -3 -20 -21
right_child=15 13 3 -5 6 7 12 -9 10 -11 -12 -13 -14 14 -16 16 -18 -19 20 21 -22 -23
leaf_value=0.061751003424233487 0.033386109947455923 -0.026373230114480041 0.060643179434847143 -0.036894487665501095 -0.024864387369541427 0.017324501831915706 -0.043294937544863368 -0.0038782612715129771 0.031666012495951877 -0.023871136392999787 0.090789038947361428 0.040031110401857195 -0.0029966253029275521 -0.030567719787263661 0.029242035488218649 -0.029449803523252095 0.045039792514947302 0.0091671684401610724 0.060070172473464113 -0.049029142544263438 0.083509336350962277 -0.058473285714718139
leaf_weight=5.6824090369045726 3.1300057657063025 4.5094303935766247 4.0740325525403041 6.2710010260343543 4.6254483908414823 50.464661076664925 25.314803965389729 249.49616909772158 9.9198029711842555 7.9949000030755997 6.879767693579196 6.8781322091817856 7.9395391494035712 8.8022555969655496 5.2892292216420165 4.1201486364006987 2.955765962600708 3.5376288890838614 3.9599761925637722 3.3021477833390218 2.6479593813419342 5.5380295962095261
leaf_count=38 20 19 23 21 19 231 86 1139 51 32 31 33 34 38 27 21 26 27 38 21 13 25
internal_value=-0.000114595 -0.00159179 0.000159961 0.0217299 -0.00200315 0.000842676 -0.0214367 -0.000311161 0.0344647 0.00465782 0.0558781 0.0139374 -0.0336736 -0.0262035 -0.00811817 0.0298614 0.00166615 0.0448896 0.0578669 -0.045294 0.0694628 -0.0549455
internal_weight=433.333 412.982 385.541 35.1395 350.401 305.643 44.7579 299.961 28.8685 12.0689 16.7996 11.5036 33.2543 27.4411 14.0915 20.3515 7.07591 13.2756 9.73794 13.3496 6.60794 8.84018
internal_count=2013 1868 1738 158 1580 1408 172 1370 137 55 82 52 120 130 65 145 47 98 71 65 51 46
is_linear=0
shrinkage=0.05


Tree=56
num_leaves=21
num_cat=0
split_feature=101 57 19 114 101 10 49 88 39 97 129 74 122 122 129 8 49 90 48 117
split_gain=7.3944 7.18419 6.90142 9.65815 8.74726 6.61336 6.55939 7.21681 5.56051 3.61419 4.52562 4.8502 3.61256 7.57052 3.4277 1.18795 1.03804 0.708395 0.245654 0.00442127
threshold=3.4843449592590336 0.37960380315780645 0.1739875674247742 35.273490905761726 2.1171772480010991 0.082748722285032286 0.075693558901548399 0.02695511840283871 0.040278220549225814 66.100559234619155 0.023384871892631057 0.013980787713080646 0.013239590916782619 0.017338284291327003 0.018028163351118568 0.07627152651548387 0.17551219463348391 0.034050144255161292 0.1008749231696129 805.13406372070324
decision_type=2 2 2 2 2 2 2 2 2 2 2 2 2 2 2 2 2 2 2 2
left_child=1 2 3 6 5 -5 8 -8 -1 10 15 -12 14 -14 -4 18 -6 -16 -3 -2
right_child=19 9 12 4 16 -7 7 -9 -10 -11 11 -13 13 -15 17 -17 -18 -19 -20 -21
leaf_value=0.075679074172642927 -0.055735922643580009 0.063051457960811672 -0.00016177973329518306 0.003082738886721041 -0.055336342759706149 -0.015629550553778432 -0.032513734701682138 0.029930044856677107 0.0061412283856197717 -0.018221508346598161 0.044063592063513707 -0.048395830676171703 0.042800655310943569 -0.048691350160017549 -0.058669096905831511 0.035216100450364801 -0.019419710202554785 -0.033834350975938128 0.0819790909747979 -0.053042835953781356
leaf_weight=9.1247363239526731 3.3792666643857947 4.3254532217979484 4.4234993830323281 277.11392208561301 7.9176228865981084 56.916194215416908 6.9984034299850491 13.655745051801203 4.1971945762634268 3.2306445315480223 3.2667288258671752 2.5068589895963669 4.880436494946478 4.2125861980021 9.2141940072178823 3.5602297633886337 2.6969349607825279 4.171323135495185 2.8396188393235207 2.7759031131863594
leaf_count=50 22 37 26 1187 54 238 41 78 24 16 34 10 23 17 43 33 19 20 14 27
internal_value=-0.000111077 0.000676467 -0.000756996 0.000981694 -0.00152566 -0.000105693 0.0264157 0.00877174 0.0537705 0.03014 0.0396096 0.00391824 -0.0252274 0.000414534 -0.0383198 0.0588229 -0.0462107 -0.0509299 0.0705527 -0.0545214
internal_weight=431.407 425.252 405.523 378.621 344.645 334.03 33.9761 20.6541 13.3219 19.7295 16.4989 5.77359 26.902 9.09302 17.809 10.7253 10.6146 13.3855 7.16507 6.15517
internal_count=2013 1964 1820 1691 1498 1425 193 119 74 144 128 44 129 40 89 84 73 63 51 49
is_linear=0
shrinkage=0.05


Tree=57
num_leaves=20
num_cat=0
split_feature=14 43 38 81 115 5 48 71 10 111 18 1 78 67 61 107 35 130 76
split_gain=7.26067 8.27359 10.5184 6.30476 8.0439 9.62386 7.00993 6.75899 5.65173 4.49423 6.70396 11.6133 4.77965 4.10253 2.78682 3.33436 2.4551 0.984749 0.190525
threshold=6.9754463766003041e-05 0.0021025987807661299 0.11678890138864519 2.9894769795646429e-05 51.037519454956062 0.18129185587167743 0.031040736474096779 0.0020428092684596781 0.040128747001290328 75.130329132080092 0.083197146654129042 0.1459462717175484 0.078752789646387114 0.10851801559329034 0.0028001435566693549 3.6218351125717168 0.084721781313419356 0.075399722903966918 0.026785714551806453
decision_type=2 2 2 2 2 2 2 2 2 2 2 2 2 2 2 2 2 2 2
left_child=16 2 9 7 8 6 -6 -3 -5 10 12 -12 -2 17 15 -11 -1 -9 -16
right_child=1 3 -4 4 5 -7 -8 13 -10 14 11 -13 -14 -15 18 -17 -18 -19 -20
leaf_value=0.06846927582822919 -0.055160475243241802 0.038259355054491184 0.053598818244040662 0.011293081573711438 0.037576276968039973 0.062258602290618831 -0.00052535904202244529 -0.038856539202123029 0.088493486895434126 -0.0079038842709940587 0.049911441198291016 -0.041212248863707029 0.017324481306487331 -0.0071044117890396406 -0.069240805951362949 -0.056170214726346396 0.01099246941005777 -0.068206680709169215 -0.05515802288051197
leaf_weight=5.0157520920038214 9.5799891352653521 3.6791182756423977 4.5950498282909384 4.8771223835647088 12.553503300994633 6.5259738489985457 314.48945849388838 5.3356014117598551 4.6131391488015652 8.9138577133417147 8.411126069724558 5.9840554073452941 2.9822320118546477 7.5357015728950492 4.5352612733840925 5.9777995385229579 2.9510090798139572 6.1542872227728367 5.1051414683461189
leaf_count=39 56 25 20 29 82 39 1359 23 32 51 39 32 20 32 12 44 20 24 35
internal_value=-0.00010941 -0.00100247 -0.0188845 0.00173948 0.00342828 0.00213687 0.000937168 -0.0237776 0.0488196 -0.0253531 -0.0112613 0.0120315 -0.0379528 -0.0357741 -0.0408381 -0.0272789 0.047179 -0.0545772 -0.0617832
internal_weight=429.815 421.848 56.0845 365.764 343.059 333.569 327.043 22.7047 9.49026 51.4895 26.9574 14.3952 12.5622 19.0256 24.5321 14.8917 7.96676 11.4899 9.6404
internal_count=2013 1954 309 1645 1541 1480 1441 104 61 289 147 71 76 79 142 95 59 47 47
is_linear=0
shrinkage=0.05


Tree=58
num_leaves=24
num_cat=0
split_feature=104 5 39 56 15 100 114 120 100 56 133 52 30 72 86 72 133 66 21 12 130 76 0
split_gain=6.85704 7.18643 9.49047 9.85574 9.93985 8.55743 11.1816 10.4463 12.5018 7.80866 7.72676 7.63292 8.39143 7.59726 7.39422 8.19371 6.14413 6.13755 4.66138 3.63668 2.25853 0.238913 0.118813
threshold=-0.75156724452972401 0.064333543181419386 0.0072743939235806474 0.0014349489938467743 0.00094666774384677421 69.165172576904311 80.439144134521499 0.014862835872918369 70.349330902099624 0.018654336221516136 0.26872818171978002 0.083446267992258086 6.9754463766003041e-05 0.0032186702592298393 0.13303172588348391 0.065359931439161315 0.51638463139534008 0.037099411711096771 0.042141661047935493 0.019112722948193554 0.069018341600894942 0.0022122130030766134 0.29929648339748388
decision_type=2 2 2 2 2 2 2 2 2 2 2 2 2 2 2 2 2 2 2 2 2 2 2
left_child=19 5 20 14 9 11 7 16 -9 -5 -8 12 17 -6 15 -4 -7 -2 -14 -1 22 -21 -3
right_child=1 2 3 4 13 6 10 8 -10 -11 -12 -13 18 -15 -16 -17 -18 -19 -20 21 -22 -23 -24
leaf_value=-0.0033066351868769324 -0.019961800674457686 -0.052193641593190745 0.02277154051469377 -0.0058714957889615593 0.049179397035197331 0.0025882579466406982 0.0066546162168654339 0.056009083711385126 -0.030765704703648207 0.05135702794291596 0.092678059152077955 0.051095660423022486 -0.0078269318342070113 -0.0051056693775817169 -0.015226858988562889 0.076587981990229828 0.066773257482866513 0.049583020962726966 -0.028871705950773575 0.05855803869680664 -0.0097353196325688559 0.079454226314579948 -0.065401616420271522
leaf_weight=2.5864132754504663 5.4247143045067769 3.6614687517285329 22.0734968110919 9.2945334725081938 6.7459676824510089 8.0806336775422078 4.7066415250301343 4.862498201429843 28.356158353388309 16.617484666407108 5.8609735146164894 4.2151551991701117 40.335093356668949 144.5574510730803 7.4460731968283644 10.407580360770224 6.9226983264088622 7.6414793878793716 75.688068773597479 2.8383615426719189 3.6735646352171898 2.6402963623404503 3.1827076226472855
leaf_count=18 28 31 106 46 46 39 23 23 110 97 27 20 237 580 34 53 44 40 330 28 27 15 11
internal_value=-0.000107566 -0.000985 0.00502455 0.00727133 0.00221511 -0.00810722 0.00778398 -0.00242394 -0.0180637 0.0308294 0.0543646 -0.0151155 -0.0172775 -0.00268533 0.0297132 0.0400154 0.0322039 0.02071 -0.0215556 0.0455593 -0.0413609 0.0686284 -0.0583357
internal_weight=427.82 419.754 227.66 217.143 177.215 192.094 58.7896 48.222 33.2187 25.912 10.5676 133.305 129.089 151.303 39.9272 32.4811 15.0033 13.0662 116.023 8.06507 10.5177 5.47866 6.84418
internal_count=2013 1952 1031 962 769 921 266 216 133 143 50 655 635 626 193 159 83 68 567 61 69 43 42
is_linear=0
shrinkage=0.05


Tree=59
num_leaves=30
num_cat=0
split_feature=75 46 9 129 129 72 15 11 57 14 106 122 102 11 117 49 121 115 129 104 104 11 11 37 71 64 132 74 74
split_gain=6.67974 7.1236 6.89024 5.95717 7.86579 7.08647 7.40698 6.95151 6.35703 6.10992 6.15471 5.72449 8.39038 9.92786 16.1383 7.50887 7.43365 7.62596 7.13948 6.77139 7.38727 6.71049 4.2283 4.11585 3.13875 1.47179 1.47156 0.389254 0.06914
threshold=0.021574059501290325 0.068140149116516127 0.042779415845870979 0.014741092454642059 0.015065741259604694 0.040517378598451621 0.030691963620483879 0.010831872001290323 0.17227359861135486 0.040896046906709678 28.766093254089359 0.012570002581924202 101.02739334106447 0.046386718750000007 781.35906982421886 0.015216438099741937 0.053709115833044059 92.095367431640639 0.018829640932381157 -0.039240064099431031 1.3293593525886538 0.055245535448193557 0.0069156568497419366 0.051189811900258071 0.082957986742258086 0.19737523794174197 0.096816413104534163 0.011957908514887096 0.0028798629064112906
decision_type=2 2 2 2 2 2 2 2 2 2 2 2 2 2 2 2 2 2 2 2 2 2 2 2 2 2 2 2 2
left_child=1 3 23 7 -5 8 -7 22 -6 10 -9 15 13 16 -15 -2 -13 -18 19 -17 -21 -16 -1 -3 25 -20 27 28 -4
right_child=11 2 26 4 5 6 -8 9 -10 -11 -12 12 -14 14 21 18 17 -19 24 20 -22 -23 -24 -25 -26 -27 -28 -29 -30
leaf_value=0.011568832686657692 0.049349076607883909 0.035968213894319888 0.057953849790125994 -0.051398934704707203 -0.0088422726252595715 0.041298649658784034 -0.0055202730935741953 -0.012578015848284824 0.015000675162999683 -0.016000011900434596 0.051901910214653839 -0.042943975312020224 -0.051622456700288144 -0.056589962032875134 0.11881424250879523 0.056605658215198196 0.040906690850778922 -0.010118531649542978 -0.050513694485731786 -0.029003027386175342 0.0053080338317411874 0.041108151103650042 -0.059522738727247816 -0.034116348723636968 -0.0023849280686725175 -0.01629895167316674 0.025970161340613196 0.085747436200698496 0.068617878622926703
leaf_weight=4.6654484793543798 4.2927503064274779 4.0118831172585505 3.7205274477601034 7.4619100838899604 124.91294330731034 19.916433606296778 14.67014606297016 4.4602685794234338 36.016625918447971 5.7486330009996882 21.735138773918152 8.8892452567815763 6.0943986773490897 3.0548270978033534 4.6794145405292493 3.7054115161299697 11.658506609499456 19.68915181234479 21.596018515527255 33.518923200666904 29.489072594791651 6.8387263789772987 3.791171133518219 4.3840609677135944 5.0579999610781661 3.6784713417291632 2.583852592855691 2.466194286942482 2.5697600282728672
leaf_count=29 22 27 36 25 504 104 57 16 200 25 112 32 21 22 21 17 56 83 133 141 176 31 14 19 27 18 17 13 15
internal_value=-0.000103493 0.00481671 0.0337072 0.00247389 -0.00101605 0.00090682 0.0214401 0.0200078 -0.00350613 0.0306791 0.040923 -0.00808275 0.00403213 0.0102205 0.04558 -0.0153638 -0.00258603 0.00885826 -0.0182263 -0.00908174 -0.0129447 0.0726774 -0.0203021 -0.000627432 -0.0383389 -0.0455341 0.0591273 0.0689113 0.0623104
internal_weight=425.358 263.115 19.7363 243.379 202.978 195.516 34.5866 40.4007 160.93 31.944 26.1954 162.243 60.9043 54.8099 14.573 101.339 40.2369 31.3477 97.0459 66.7134 63.008 11.5181 8.45662 8.39594 30.3325 25.2745 11.3403 8.75648 6.29029
internal_count=2013 1213 127 1086 890 865 161 196 704 153 128 800 266 245 74 534 171 139 512 334 317 52 43 46 178 151 81 64 51
is_linear=0
shrinkage=0.05


Tree=60
num_leaves=13
num_cat=0
split_feature=101 13 48 77 81 34 71 110 121 111 117 58
split_gain=6.73284 6.32494 5.79739 6.24876 5.51581 6.73409 3.98207 0.84394 0.437187 0.253351 0.00379408 0.00167215
threshold=3.4843449592590336 0.00035873724846169358 0.012097416911274196 0.12882652878761294 2.9894769795646429e-05 0.023547114804387096 0.010273836087435486 0.18033441901206973 0.11088791489601137 85.116279602050795 805.13406372070324 0.0013651945628225806
decision_type=2 2 2 2 2 2 2 2 2 2 2 2
left_child=1 9 7 4 6 -6 -4 -3 11 -1 -2 -5
right_child=10 2 3 8 5 -7 -8 -9 -10 -11 -12 -13
leaf_value=0.066868551868227252 -0.055373392449230611 0.024483611118896968 0.0058265800033008375 -0.052455759846293082 0.021327012772609524 -0.00074194353891901261 -0.038742302780209008 0.062929614499361505 -0.024680838718423474 0.043767469050206995 -0.052772255649336887 -0.054199670481344969
leaf_weight=2.8420537337660781 3.1387169212102881 2.2912018783390513 7.507642254233363 2.4726553708314887 38.506836105138063 337.79893403500319 15.074883326888083 3.7862097732722759 1.7350280806422231 2.0378933660686016 2.5334990248084068 3.0952549576759338
leaf_count=19 22 21 39 30 212 1475 62 39 19 22 27 26
internal_value=-0.000103763 0.000631973 -3.78659e-05 -0.00076312 7.60018e-05 0.00151634 -0.0239252 0.0484354 -0.0465961 0.0572214 -0.0542116 -0.0534252
internal_weight=422.821 417.149 412.269 406.191 398.888 376.306 22.5825 6.07741 7.30294 4.87995 5.67222 5.56791
internal_count=2013 1964 1923 1863 1788 1687 101 60 75 41 49 56
is_linear=0
shrinkage=0.05


Tree=61
num_leaves=10
num_cat=0
split_feature=101 14 104 92 44 70 121 19 61
split_gain=6.37559 5.97367 5.52915 6.26553 7.34909 8.37395 5.97882 0.609355 0.00326757
threshold=3.4843449592590336 2.9894769795646429e-05 -1.135145843029022 0.16618502885103228 0.048628825694322593 0.0510303732007742 0.095335200428962721 0.084950972348451628 0.0043347415048629054
decision_type=2 2 2 2 2 2 2 2 2
left_child=1 7 -3 4 6 -6 -4 -1 -2
right_child=8 2 3 -5 5 -7 -8 -9 -10
leaf_value=0.063106061189086987 -0.053042449105909328 0.070151112036239846 0.0004820531032737231 -0.04993778529736078 0.029454666230649146 -0.010671261496756086 -0.016669562701693976 0.029625931584030225 -0.055577054454627128
leaf_weight=3.6953037306666365 3.376883376389741 2.7808050811290732 279.7456572689116 6.3330716788768759 40.064843963831663 19.249309729784727 62.086070030927658 2.1496435180306435 2.0396055802702904
leaf_count=32 34 25 1208 29 223 91 339 17 15
internal_value=-0.000100086 0.000601495 -0.000113577 -0.000593093 0.000185934 0.0164325 -0.00263315 0.0507928 -0.0539969
internal_weight=421.521 416.105 410.26 407.479 401.146 59.3142 341.832 5.84495 5.41649
internal_count=2013 1964 1915 1890 1861 314 1547 49 49
is_linear=0
shrinkage=0.05


Tree=62
num_leaves=19
num_cat=0
split_feature=101 57 25 40 78 120 58 122 89 18 26 8 41 125 39 129 76 61
split_gain=6.03887 5.934 6.00955 9.0332 7.725 6.3423 9.70873 7.64892 5.03002 3.55675 3.51721 3.33434 3.0063 2.55765 2.28027 0.924187 0.206426 0.00281023
threshold=3.4843449592590336 0.37960380315780645 0.11466637253761293 0.10381457209587099 0.00080715882359072577 0.019570245407521728 0.0071647798176854858 0.013158428948372604 0.12645488232374194 0.073790255934000029 0.065808355808258071 0.081004861742258086 0.13416773080825808 0.090861130505800261 0.10660475119948389 0.024034169502556327 0.016830755397677425 0.0043347415048629054
decision_type=2 2 2 2 2 2 2 2 2 2 2 2 2 2 2 2 2 2
left_child=1 2 3 5 12 6 -1 -7 -6 14 13 -12 -4 15 -5 16 -3 -2
right_child=17 10 4 9 8 7 -8 -9 -10 -11 11 -13 -14 -15 -16 -17 -18 -19
leaf_value=-0.016894024682492442 -0.052886830012335587 0.060937280524417797 0.077439992431952751 -0.066252407085167594 0.035215576306044341 -0.015239940546660681 0.014234267765067641 0.00417677385141007 -0.028253604101472166 0.0043089947499535498 -0.030546235416248069 0.041838184221443038 0.022292234187322828 0.0072655693801224781 -0.028844671779178356 0.030873936892953535 0.079156803683245611 -0.055291817555933542
leaf_weight=31.91919507458806 3.2214038744568816 3.6768791414797324 6.3536280393600482 7.0385917872190538 5.3291895911097509 107.29365075007081 116.38062208145857 96.19597589224577 7.5359064191579819 4.780324012041091 3.8970104344189158 2.6885772459208965 4.044284500181675 3.3099060766398898 9.6716374084353429 2.1722203865647316 2.6934842169284821 1.9498883187770841
leaf_count=156 34 36 36 21 23 537 531 405 27 20 21 26 27 27 37 20 14 15
internal_value=-9.55195e-05 0.00057364 -0.000715625 -0.00225223 0.0239408 -0.000329773 0.00753439 -0.00606105 -0.00196237 -0.0337218 0.0283015 -0.000995174 0.0559902 0.0445797 -0.0446014 0.0590374 0.0686408 -0.0537937
internal_weight=420.152 414.981 396.543 373.28 23.263 351.789 148.3 203.49 12.8651 21.4906 18.4381 6.58559 10.3979 11.8525 16.7102 8.54258 6.37036 5.17129
internal_count=2013 1964 1820 1707 113 1629 687 942 50 78 144 47 63 97 58 70 50 49
is_linear=0
shrinkage=0.05


Tree=63
num_leaves=26
num_cat=0
split_feature=43 38 115 10 132 5 131 96 22 10 132 113 78 32 50 45 15 69 121 1 31 22 124 126 61
split_gain=5.93292 9.32243 6.66574 6.2304 6.35221 6.02524 10.2409 9.01994 8.14684 7.0054 12.9529 6.75134 5.51699 6.94444 5.25581 4.84569 4.83601 3.42405 3.27886 6.5093 9.03619 2.86208 6.96354 1.69203 1.54161
threshold=0.0021025987807661299 0.11678890138864519 50.510726928710945 0.042520329356193549 0.086772583425045027 0.13367944955825808 0.032038794830441482 113.42416763305665 0.11760602891445161 0.021653778851032261 0.04835240729153157 1.2174447178840639 0.00030891262576915329 0.0015445630997419359 0.043586574494838722 0.011439731810241939 0.00028898278833366936 0.088269293308258071 0.062089117243886001 0.046944756060838706 0.00079719387576915335 0.029496173374354843 0.016100560314953331 0.10253834724426271 0.0011459662346169355
decision_type=2 2 2 2 2 2 2 2 2 2 2 2 2 2 2 2 2 2 2 2 2 2 2 2 2
left_child=1 16 3 4 -2 8 7 14 9 10 -4 -11 13 -10 -7 -9 -1 -14 19 -18 -21 22 -20 -23 -5
right_child=2 -3 5 24 -6 6 -8 15 12 11 -12 -13 17 -15 -16 -17 18 -19 21 20 -22 23 -24 -25 -26
leaf_value=0.015834052016493964 0.060762802274917455 0.050514209700092572 0.02967768092604833 0.054912074669368011 -0.035011387932727116 0.093391740348098287 -0.020015084779688212 -0.047026319839162473 -0.027715893111741385 0.0047126032763950953 -0.027238944269926492 0.07101614652740694 -0.022313772956736901 0.046887080611679788 0.035119562203660595 0.033207351836047977 -0.04638279171418655 -0.059761681790376886 -0.041315845001818313 0.063332782740682381 -0.029534249331572206 -0.059545213383671192 0.068001998182556464 -0.020892257498837285 0.10927980651105076
leaf_weight=7.3563205376267424 3.119054611772297 4.907587617635726 13.044223748147486 2.8718418665230274 3.891103096306324 7.0197761841118362 10.443036429584025 3.6191107854247084 7.0971716418862325 217.11430912464857 42.776792909950018 3.908456325531005 18.270455248653892 5.5655193030834198 8.6225238479673845 3.9202758707106113 7.8697318285703686 9.1667527705430967 6.0794393718242672 4.904241666197775 5.6223517805337906 13.422235045582058 1.9158323667943475 3.5881576016545287 2.388107918202877
leaf_count=37 22 23 59 26 25 41 39 15 25 995 201 19 74 29 45 28 37 29 56 25 34 80 16 16 17
internal_value=-9.18365e-05 -0.0152909 0.00223997 0.0384642 0.00760177 0.000972097 0.0210969 0.0396173 -0.00116296 0.00188794 -0.0139387 0.00588508 -0.0222259 0.00507368 0.0612703 -0.00530699 -0.0216533 -0.0348251 -0.0280071 -0.0119846 0.0137316 -0.0397946 -0.015121 -0.0513918 0.079596
internal_weight=418.504 55.6659 362.839 12.2701 7.01016 350.568 33.6247 23.1817 316.944 276.844 55.821 221.023 40.0999 12.6627 15.6423 7.53939 50.7583 27.4372 43.402 18.3963 10.5266 25.0057 7.99527 17.0104 5.25995
internal_count=2013 324 1689 90 47 1599 168 129 1431 1274 260 1014 157 54 86 43 301 103 264 96 59 168 72 96 43
is_linear=0
shrinkage=0.05


Tree=64
num_leaves=14
num_cat=0
split_feature=101 48 81 6 14 77 57 107 35 121 119 57 117
split_gain=5.62695 5.59173 6.79653 5.56306 6.20544 5.53322 5.28957 5.07661 0.933745 0.460487 0.356621 0.137915 0.00233216
threshold=3.4843449592590336 0.031040736474096779 0.00033880739647429442 0.19992625713348391 6.9754463766003041e-05 0.12882652878761294 0.37960380315780645 1.2232057452201845 0.07309271022677423 0.11088791489601137 0.044659525156021125 0.16208944469690326 805.13406372070324
decision_type=2 2 2 2 2 2 2 2 2 2 2 2 2
left_child=1 2 -1 4 8 6 -6 10 -3 -7 -4 -12 -2
right_child=12 3 7 -5 5 9 -8 -9 -10 -11 11 -13 -14
leaf_value=-0.02345629536889101 -0.054514709551580304 0.070009093261568303 0.045692313349190848 -0.051921998494529047 -0.0010158203619115231 -0.053192793887592862 0.033070301647775815 -0.013487399600207964 0.026920074440696065 -0.022652691743742726 0.075321031451780956 0.06202988640559351 -0.052310351230908651
leaf_weight=4.7126756720244911 2.7189177572727194 3.296584289520978 2.3440012224018556 5.2299680262804022 364.4609347358346 5.076626904308795 11.748543471097944 2.7672730684280387 2.0324461348354816 1.6307808794081209 3.4934922941029072 4.4226299002766609 2.1476309299468994
leaf_count=28 22 26 36 20 1609 55 83 11 18 19 20 39 27
internal_value=-9.27328e-05 0.000539813 0.0279991 -0.000698204 -8.18046e-06 -0.000753899 4.86459e-05 0.0466132 0.0535753 -0.0457675 0.062823 0.0678954 -0.0535419
internal_weight=416.083 411.216 17.7401 393.476 388.246 382.917 376.209 13.0274 5.32903 6.70741 10.2601 7.91612 4.86655
internal_count=2013 1964 134 1830 1810 1766 1692 106 44 74 95 59 49
is_linear=0
shrinkage=0.05


Tree=65
num_leaves=24
num_cat=0
split_feature=104 5 39 56 15 100 114 120 100 5 56 52 30 133 86 121 133 90 25 12 130 76 80
split_gain=5.45305 6.33977 7.80407 8.98271 8.00041 7.3146 9.8246 9.10579 11.0724 7.273 7.18847 6.72501 7.02522 6.70228 6.2856 7.54127 5.65817 5.26911 4.84362 3.29163 2.37388 0.147375 0.0971899
threshold=-0.75156724452972401 0.064333543181419386 0.0072743939235806474 0.0014349489938467743 0.00094666774384677421 69.165172576904311 80.439144134521499 0.014862835872918369 70.349330902099624 0.066924426704645171 0.018654336221516136 0.083446267992258086 6.9754463766003041e-05 0.26872818171978002 0.13303172588348391 0.058264344930648811 0.51638463139534008 0.022291533648967746 0.020019531250000003 0.019112722948193554 0.069018341600894942 0.0022122130030766134 0.26624281704425817
decision_type=2 2 2 2 2 2 2 2 2 2 2 2 2 2 2 2 2 2 2 2 2 2 2
left_child=19 5 20 14 10 11 7 16 -9 -6 -5 12 17 -8 15 -4 -7 -2 -14 -1 22 -21 -3
right_child=1 2 3 4 9 6 13 8 -10 -11 -12 -13 18 -15 -16 -17 -18 -19 -20 21 -22 -23 -24
leaf_value=-0.0057278220336844845 -0.021254124726093965 -0.051999605913909203 0.07860864206041028 -0.0073490943033616826 0.055185497862914316 0.0021830499126478538 0.006196447553129706 0.053143739507779543 -0.029419979411740717 -0.0045869360473688075 0.048656172463362762 0.048209507193867282 -0.0053527755027247383 0.086959991933258818 -0.013931163250179216 0.023468304390881545 0.065208290814378067 0.045517158890845844 -0.027567887515335978 0.057503747246407971 -0.0055297691688751685 0.074792182305053773 -0.064582417233945866
leaf_weight=2.3663594163954249 4.8616550713777524 3.4710986465215665 8.3858630545437318 9.0122284293174761 5.2771754935383788 7.9210391491651517 4.6164850629866105 4.7605587616562834 27.622125998139381 142.89423334226012 15.729651782661675 4.1634739860892287 36.346095941960812 5.7913751676678658 7.1701610311865798 23.797087661921978 6.4698063209652901 7.532134298235178 75.515364393591881 2.5059603750705719 3.3843252584338188 2.4260778501629829 2.750831127166748
leaf_count=18 23 32 43 46 24 39 23 23 110 602 97 20 231 27 34 116 44 45 336 28 27 15 10
internal_value=-8.81338e-05 -0.000855407 0.00484879 0.00684366 0.00193675 -0.0076744 0.00720081 -0.00257563 -0.0172823 -0.00245812 0.0282563 -0.0142979 -0.0163924 0.0511367 0.0284041 0.0378361 0.0305178 0.0193251 -0.0203497 0.0427491 -0.0392313 0.066008 -0.0575627
internal_weight=414.771 407.473 221.873 212.266 172.913 185.6 57.1814 46.7735 32.3827 148.171 24.7419 128.419 124.255 10.4079 39.3531 32.183 14.3908 12.3938 111.861 7.2984 9.60626 4.93204 6.22193
internal_count=2013 1952 1031 962 769 921 266 216 133 626 143 655 635 50 193 159 83 68 567 61 69 43 42
is_linear=0
shrinkage=0.05


Tree=66
num_leaves=29
num_cat=0
split_feature=78 105 107 15 112 77 12 3 43 98 66 38 121 94 101 24 132 85 13 124 3 59 37 71 75 130 6 61
split_gain=5.30702 7.57186 9.78983 9.57032 8.06814 6.75304 6.59624 7.48168 6.5273 6.83426 5.9495 5.82674 5.74009 7.92529 5.98351 5.5695 5.51225 5.38078 5.15227 5.3154 4.6069 3.35706 2.94137 2.64357 1.96487 1.54145 1.02123 0.00165625
threshold=0.0033581792376935486 42.625200271606452 2.8828907012939458 0.0047134088817983874 77.681911468505874 0.0046336895320564517 0.097476880997419371 0.1646404638886452 0.049595424905419357 -0.023890621960163113 0.20555644482374194 0.027353715151548389 0.10978207737207414 0.018285634927451614 3.2790094614028935 0.089295681565999999 0.12213903293013574 0.05158840864896775 0.012914540711790325 0.011474311817437412 0.070282604545354857 0.090122770518064513 0.067861128598451628 0.085548866540193572 0.015804368071258072 0.095335200428962721 0.039192043244838722 0.0043347415048629054
decision_type=2 2 2 2 2 2 2 2 2 2 2 2 2 2 2 2 2 2 2 2 2 2 2 2 2 2 2 2
left_child=1 2 11 6 8 -2 7 21 15 -10 12 20 14 -14 16 -5 -7 -4 22 -20 -1 -3 -13 -19 -12 -15 -6 -16
right_child=5 3 17 4 26 10 -8 -9 9 -11 24 18 13 25 27 -17 -18 23 19 -21 -22 -23 -24 -25 -26 -27 -28 -29
leaf_value=0.051416699143595139 -0.057518119126303092 0.06102341035129602 -0.015264223443878649 0.00039493920811896387 0.032611925136587408 0.00067683257433008841 -0.025537084906386977 -0.018350507115156435 -0.006353725718644003 0.046414484604919107 -0.020714352350714307 -0.064360509269088248 0.032536315399638797 -0.052571329504045229 -0.052647309118378796 -0.035712760818313892 0.052138931832809404 0.073692404004603321 0.037517794557297701 -0.017390486672211141 -0.015884235734420528 0.0081991672717321544 -0.02499876734718073 0.019594895278684354 -0.064969891576718494 -0.014882392307944681 0.071073566978272676 -0.054529419364792032
leaf_weight=5.5083610862493497 6.0642066672444335 22.587710998952396 4.1544975340366355 37.515845382586122 2.8950111716985694 169.2882551625371 3.8362185545265666 4.1424272842705241 11.695387277752163 12.908526327461002 5.3411760441958887 8.114286236464979 4.29903566092253 12.115042034536598 3.0957290753722182 14.929678723216055 5.3684907443821421 5.8774416372179967 5.1678985804319373 29.958588913083076 4.7229987308382988 3.4696964249014846 11.434090033173559 3.6673745140433311 4.7283759042620659 3.4957613162696353 4.2736089006066322 1.8779921196401117
leaf_count=31 22 161 22 158 20 788 23 20 52 95 23 24 27 75 35 52 29 34 28 112 19 19 44 17 18 23 26 16
internal_value=-8.37342e-05 0.00585216 -0.00617532 0.013847 0.00480446 -0.00550181 0.0362218 0.0440669 8.39688e-05 0.0213313 -0.00399693 -0.0142819 -0.00210461 -0.027577 0.000718695 -0.00988385 0.00225864 0.032233 -0.0207624 -0.00931224 0.0203493 0.0539896 -0.0413373 0.0529067 -0.0414955 -0.0441316 0.055541 -0.053358
internal_weight=412.534 196.86 78.6055 118.254 84.2181 215.674 34.0361 30.1998 77.0494 24.6039 209.61 64.9062 199.54 19.9098 179.63 52.4455 174.657 13.6993 54.6749 35.1265 10.2314 26.0574 19.5484 9.54482 10.0696 15.6108 7.16862 4.97372
internal_count=2013 957 331 626 403 1056 223 200 357 147 1034 258 993 125 868 210 817 73 208 140 50 180 68 51 41 98 46 51
is_linear=0
shrinkage=0.05


Tree=67
num_leaves=27
num_cat=0
split_feature=43 38 115 10 132 5 131 12 22 11 80 110 21 72 121 111 92 39 78 119 60 104 87 61 111 110
split_gain=5.0732 8.01124 5.85544 5.72151 5.50372 5.19054 9.25856 8.40169 7.17413 6.43731 6.99328 6.41528 5.71291 5.1149 6.56175 4.63983 6.13021 10.9986 6.26943 4.01897 2.93737 3.4718 2.91665 1.43659 0.899835 0.375538
threshold=0.0021025987807661299 0.11678890138864519 50.510726928710945 0.042520329356193549 0.086772583425045027 0.13367944955825808 0.032038794830441482 0.041274713352322585 0.11760602891445161 0.012376435101032259 0.0019232302438467743 0.78838762640953075 0.080815531313419356 0.01517657842487097 0.067871924489736571 75.130329132080092 0.0062480068299919376 0.0029097576625645165 0.070940289646387114 0.07452723011374475 0.004175302805379034 0.7057798206806184 0.081762198358774199 0.0011459662346169355 62.764867782592781 0.49994231760501867
decision_type=2 2 2 2 2 2 2 2 2 2 2 2 2 2 2 2 2 2 2 2 2 2 2 2 2 2
left_child=1 15 3 4 -2 8 7 11 9 12 -11 -7 -4 14 -10 16 17 -1 24 -15 21 -17 -23 -5 -18 -22
right_child=2 -3 5 23 -6 6 -8 -9 13 10 -12 -13 -14 19 -16 20 18 -19 -20 -21 25 22 -24 -25 -26 -27
leaf_value=-0.041420728141761003 0.056655910066380301 0.046988293212100553 -0.031508710616311102 0.052672432361102396 -0.033813168471470159 0.08482744105365421 -0.019549966709139017 -0.032224855851112094 -0.029821254076230194 -0.0079748009874581922 0.010413901417151311 0.025940343222619081 0.01537614189784905 -0.040399925703752705 0.051155086419791641 0.02077278163282225 -0.059861943910504069 0.056355034851986396 0.027827339716968477 0.0086106174275740709 -0.044443865122835144 -0.054662850774297292 0.014174805877910372 0.10655952804241496 -0.028616033418964862 -0.063478306929001471
leaf_weight=4.6067428849637526 3.0572585240006429 4.8325066342949858 24.18046823143959 2.6876411065459251 3.7347531616687775 8.0777615793049389 10.254276156425474 3.6006862483918658 5.1337834298610669 75.466611532494426 164.19781474024057 10.820415906608103 8.884582079946993 23.884980063885454 4.8796476200222969 3.6446179002523449 6.6477769836783391 7.6562810279428959 3.5892399027943602 5.070942059159278 4.3114998936653119 6.2674036771059018 2.0394996404647827 2.2911880761384964 3.5264971144497395 6.4946693927049637
leaf_count=34 22 23 118 26 25 59 39 17 18 356 762 53 38 89 26 18 39 36 24 24 33 57 17 17 20 23
internal_value=-8.05808e-05 -0.0144194 0.00207763 0.0367553 0.00690928 0.000892601 0.0198271 0.0377739 -0.00109702 0.00177034 0.00462358 0.0511108 -0.0189107 -0.0211644 0.00963935 -0.0205024 -0.00608336 0.0196245 -0.0289885 -0.0318169 -0.0369926 -0.0199118 -0.0377619 0.0774705 -0.0490318 -0.0558838
internal_weight=409.84 53.6167 356.223 11.7708 6.79201 344.452 32.7531 22.4989 311.699 272.729 239.664 18.8982 33.0651 38.9694 10.0134 48.7842 26.0265 12.263 13.7635 28.9559 22.7577 11.9515 8.3069 4.97883 10.1743 10.8062
internal_count=2013 324 1689 90 47 1599 168 129 1431 1274 1118 112 156 157 44 301 153 70 83 113 148 92 74 43 59 56
is_linear=0
shrinkage=0.05


Tree=68
num_leaves=18
num_cat=0
split_feature=104 92 44 70 10 10 29 52 48 50 58 29 41 63 12 9 76
split_gain=4.98918 5.61651 5.70973 7.59361 5.54197 6.64658 6.34355 5.49968 5.48437 5.42884 5.28683 5.20016 4.39217 8.19171 3.06383 2.26896 0.124979
threshold=-0.75156724452972401 0.16618502885103228 0.048628825694322593 0.0510303732007742 0.082748722285032286 0.037448182702064521 0.0044941806700080642 0.038992745801806457 0.1076411046087742 0.036421794444322593 0.094198420643806471 0.019003109075129036 0.033153299242258079 0.016761001199483875 0.019112722948193554 0.0895049422979355 0.0022122130030766134
decision_type=2 2 2 2 2 2 2 2 2 2 2 2 2 2 2 2 2
left_child=14 2 4 9 5 7 -7 -2 -6 15 -11 -10 -5 -14 -1 -4 -16
right_child=1 -3 3 12 8 6 -8 -9 11 10 -12 -13 13 -15 16 -17 -18
leaf_value=-0.0056766607332744768 -0.0094902162392064421 -0.050768525872270112 0.066692799947676781 -0.049930903283601363 0.023058147367095844 -0.01599068757661767 0.014331491843938567 0.016794909061406516 -0.014475437353852491 -0.00060816508203274987 0.05024492560483839 -0.05775217228379264 0.047694688559636628 -0.031586187359534293 0.05693780444524197 0.018471823874055059 0.073281100649375555
leaf_weight=2.2763223350048056 161.79433755576611 5.5480994097888461 9.3966098092496377 5.3177137374877956 5.9390420727431765 20.97953225299716 96.988523509353399 22.691132664680481 20.083222545683387 17.781531490385536 7.1725467927753916 10.607822690159081 5.8987673725932819 7.2784898392856121 2.3576396405696869 3.2948530558496705 2.3216906376183033
leaf_count=18 798 27 64 18 33 94 453 109 92 85 47 37 44 30 28 21 15
internal_value=-8.19798e-05 -0.000810631 -0.000109329 0.0146604 -0.00255468 -0.000330149 0.00893897 -0.00625723 -0.0209226 0.0275496 0.0140085 -0.0294333 -0.0115749 0.00390371 0.0419016 0.0541741 0.0650467
internal_weight=407.728 400.772 395.224 56.1405 339.084 302.454 117.968 184.485 36.6301 37.6455 24.9541 30.691 18.495 13.1773 6.95565 12.6915 4.67933
internal_count=2013 1952 1925 309 1616 1454 547 907 162 217 132 129 92 74 61 85 43
is_linear=0
shrinkage=0.05


Tree=69
num_leaves=20
num_cat=0
split_feature=14 43 38 81 115 5 48 61 63 63 69 96 74 132 117 34 131 43 52
split_gain=4.91561 5.27931 6.97572 4.80647 6.00461 7.19532 5.29816 4.7902 4.27833 6.91517 5.33288 4.64009 3.73446 4.19019 2.3169 2.14211 0.66877 0.45223 0.104037
threshold=6.9754463766003041e-05 0.0021025987807661299 0.11678890138864519 2.9894769795646429e-05 51.037519454956062 0.18129185587167743 0.031040736474096779 0.0038564254064112906 0.0067063935566693553 0.014329560101032259 0.0018634407315403225 66.54486465454103 0.0061782523989677438 0.081060789525508894 555.54183959960949 0.089485011994838728 0.026184968650341037 0.00040856187115423387 0.0021225286182016139
decision_type=2 2 2 2 2 2 2 2 2 2 2 2 2 2 2 2 2 2 2
left_child=15 2 8 12 7 6 -6 14 17 11 -11 -10 13 -3 -5 18 -14 -2 -1
right_child=1 3 -4 4 5 -7 -8 -9 9 10 -12 -13 16 -15 -16 -17 -18 -19 -20
leaf_value=0.072092461055056678 -0.037775128088039969 0.033782723876051766 0.043585532969701947 0.1079429588228283 0.034472014517684849 0.055853525912001892 -0.00053926180047296902 -0.0069533022704147468 0.073681857069534437 0.040978186123187071 -0.031585188219239627 -0.0078374423976669948 -0.060581553822389778 -0.02627161859681475 0.043485601351125558 0.0025903958990959918 -0.031323099322684261 -0.06151768161801844 0.056473272768924165
leaf_weight=1.8409608900547016 3.0978673882782441 4.4927283301949528 4.4805746003985396 2.4126935098320228 11.205699900165198 6.0294587891548863 302.63448703289032 3.0439462028443813 3.2856744900345793 2.7929817289114025 27.099097531288862 3.724170945584774 4.7464007921516878 8.2168507985770685 3.3022889420390129 2.2031924314796925 3.3185856603085995 5.6882548816502094 2.5331085287034512
leaf_count=15 23 25 20 17 82 39 1359 18 18 22 168 24 22 38 26 13 19 34 31
internal_value=-7.78555e-05 -0.00078359 -0.0159509 0.00139419 0.00286865 0.00175025 0.00071082 0.0437119 -0.0217896 -0.0143237 -0.0248052 0.0303725 -0.02193 -0.00504292 0.0706976 0.0427958 -0.0485423 -0.0531464 0.0630471
internal_weight=406.149 399.572 50.1686 349.403 328.629 319.87 313.84 8.75893 45.688 36.9019 29.8921 7.00985 20.7746 12.7096 5.71498 6.57726 8.06499 8.78612 4.37407
internal_count=2013 1954 309 1645 1541 1480 1441 61 289 232 190 42 104 63 43 59 41 57 46
is_linear=0
shrinkage=0.05


Tree=70
num_leaves=15
num_cat=0
split_feature=101 93 103 125 5 21 115 39 56 59 118 130 15 117
split_gain=4.7811 4.68464 4.4825 6.49935 4.89449 6.20589 8.13511 6.06088 7.52198 5.21293 4.55481 2.59397 0.625074 0.00143892
threshold=3.4843449592590336 0.00061782525153830658 82.330219268798842 0.081699945032596602 0.064333543181419386 0.040975764393806464 98.739311218261733 0.0072743939235806474 0.0014349489938467743 0.00094666774384677421 0.093011930584907546 0.069018341600894942 0.15116789191961291 805.13406372070324
decision_type=2 2 2 2 2 2 2 2 2 2 2 2 2 2
left_child=1 -1 4 10 5 6 -3 11 -9 -7 -4 -6 -12 -2
right_child=13 2 3 -5 7 9 -8 8 -10 -11 12 -13 -14 -15
leaf_value=0.056959328311486972 -0.053852836466293165 0.018755874877656276 -0.0017763236826967132 -0.032647759559962734 -0.05744977441448669 -0.039100480457424452 -0.02161966933723692 0.025935678883459587 0.0011474319295204159 -0.0096212527054961704 0.055321813264793768 -5.7263311017869706e-05 0.084332937359974824 -0.051993318282389414
leaf_weight=3.6382704600691786 2.3535083830356589 39.087839867919683 3.4604027196764928 3.4608273692429057 5.5681135170161706 17.894281230866909 18.32438762113452 37.402816766873002 168.36914314702153 92.606064807623625 4.4755772352218628 3.0456488206982613 3.1730444729328156 1.8645414337515829
leaf_count=32 22 236 19 17 39 108 92 184 761 403 32 25 16 27
internal_value=-7.63552e-05 0.000481351 -3.64087e-05 0.0271831 -0.00107378 -0.0074664 0.00586912 0.00393309 0.00565315 -0.0143951 0.0458224 -0.037157 0.0673571 -0.0530309
internal_weight=404.724 400.506 396.868 14.5699 382.298 167.913 57.4122 214.386 205.772 110.5 11.109 8.61376 7.64862 4.21805
internal_count=2013 1964 1932 84 1848 839 328 1009 945 511 67 64 48 49
is_linear=0
shrinkage=0.05


Tree=71
num_leaves=31
num_cat=0
split_feature=75 8 31 0 50 126 32 133 97 124 79 28 4 129 110 40 125 5 117 100 100 8 92 133 34 76 133 14 3 64
split_gain=4.49612 7.5236 6.34529 5.91101 7.6205 5.85068 9.34128 7.31474 8.95059 6.36608 5.79936 5.54243 5.47827 5.01869 6.87461 5.98183 4.94386 4.4146 5.66277 5.41241 6.48934 8.7033 7.24155 5.39822 4.29986 3.56181 3.43157 3.31022 3.20584 2.85049
threshold=0.0021823181305080657 0.066236846148967757 0.0932019278407097 0.037896603345870979 0.19101762026548388 0.066339988261461272 0.17664819955825808 0.51638463139534008 66.969848632812514 0.010135135147720577 8.9684312115423395e-05 0.0033781090751290326 0.0807158797979355 0.021477558650076393 1.4523137211799624 0.089285716414451613 0.054510591551661498 0.061393894255161292 903.81854248046886 38.993888854980476 51.839056015014656 0.088867187500000014 0.0267358897253871 0.282779410481453 0.0228296397253871 0.00086694833589717757 0.282779410481453 0.0046536193694919356 0.078503668308258071 0.47713050246238714
decision_type=2 2 2 2 2 2 2 2 2 2 2 2 2 2 2 2 2 2 2 2 2 2 2 2 2 2 2 2 2 2
left_child=1 2 10 17 5 6 -5 9 -9 -7 16 -8 29 25 15 -15 -1 18 24 26 22 -22 -21 -20 -2 -3 -19 -26 -18 -12
right_child=3 13 -4 4 -6 7 11 8 -10 -11 12 -13 -14 14 -16 -17 28 19 23 20 21 -23 -24 -25 27 -27 -28 -29 -30 -31
leaf_value=0.017973921240523459 0.019604175551353908 0.054842995734777869 0.054577284286619503 0.041347735132527465 0.066608464806791404 -0.029132192963917638 0.0089153884938991002 -0.0024964980243225398 0.074189969809029227 0.0065684890658014089 0.028239539031507416 -0.035528980759442545 0.064875777235281221 0.026301655360070578 0.064369631168894464 -0.045403259110725937 -0.050630269549925777 -0.053615469686650465 -0.026976438586457041 -0.0040990047109892031 0.00013745910544386565 -0.048733285424957112 0.043499741125845232 0.04870611106679789 0.0071526474196989603 -0.0070009204351363756 0.0014553763473965917 -0.04571153593421684 -0.0108283929289332 -0.035374769522880295
leaf_weight=5.8788882866501835 3.4017357043921939 15.895486807450654 4.2627847753465167 6.3823027834296218 4.6173348352313033 14.081186182796953 9.4231416806578618 7.0099291428923598 8.3224010989069921 110.29740026406944 3.20121932774782 27.444692477583885 4.2718673273921013 5.4571708552539331 3.9522013850510112 6.2278567515313625 12.0785846170038 8.3851553499698621 4.782982297241686 17.458112046122551 40.527283880859613 11.751881361007689 14.734756641089914 4.6435944959521294 3.3374868631362942 2.7277036681771269 4.2687721252441397 26.267630595713854 8.7053633686155063 3.9140463881194592
leaf_count=29 18 123 33 33 27 73 63 28 46 485 24 137 33 38 29 26 44 40 21 74 188 44 71 21 17 13 25 146 45 19
internal_value=-7.46125e-05 0.0108318 -0.00327102 -0.00262747 0.0031698 0.00156882 -0.0145012 0.00654358 0.039129 0.00252673 -0.00975184 -0.0241693 0.0201177 0.0282492 0.00736508 -0.0119155 -0.0225085 -0.0104194 -0.0238734 -0.00454154 2.67576e-05 -0.0108482 0.0176871 0.0103053 -0.0336346 0.0457848 -0.0350375 -0.039752 -0.0339592 -0.00675414
internal_weight=403.711 76.5732 42.3128 327.138 187.578 182.961 43.2501 139.711 15.3323 124.379 38.05 36.8678 11.3871 34.2604 15.6372 11.685 26.6628 139.559 42.4334 97.126 84.472 52.2792 32.1929 9.42658 33.0069 18.6232 12.6539 29.6051 20.7839 7.11527
internal_count=2013 456 227 1557 892 865 233 632 74 558 194 200 76 229 93 64 118 665 223 442 377 232 145 42 181 136 65 163 89 43
is_linear=0
shrinkage=0.05


Tree=72
num_leaves=28
num_cat=0
split_feature=14 28 17 115 78 79 25 129 121 32 125 28 3 83 112 131 49 75 33 119 48 104 41 78 115 72 123
split_gain=4.42241 4.76952 6.49315 7.29986 6.30627 8.15098 8.65052 7.1434 6.7458 6.34082 6.6918 6.07908 5.9971 8.26232 6.64064 4.23719 5.21658 3.94957 3.92262 3.44556 8.77007 3.09574 2.44116 1.45392 0.856 0.583758 0.519296
threshold=2.9894769795646429e-05 0.0084502552635967749 0.032216599211096771 112.95904922485353 0.0015844228328205647 0.00098652741871774218 0.11466637253761293 0.019570245407521728 0.10978207737207414 0.053700972348451621 0.069140087813138976 0.097686145454645171 0.0832967944443226 0.088817361742258086 69.012725830078139 0.028964775614440445 0.1031070612370968 0.0028798629064112906 0.057407924905419357 0.088862512260675444 0.33015784621238714 0.60540670156478893 0.12993263453245166 0.0015047034248709681 100.89583206176759 0.0076132016256451615 0.0034798311535269026
decision_type=2 2 2 2 2 2 2 2 2 2 2 2 2 2 2 2 2 2 2 2 2 2 2 2 2 2 2
left_child=25 2 17 12 5 6 7 -3 9 10 -6 -11 14 -14 -4 16 -7 21 23 26 -21 -2 -8 -19 -17 -1 -10
right_child=1 4 3 -5 8 15 22 -9 19 11 -12 -13 13 -15 -16 24 -18 18 -20 20 -22 -23 -24 -25 -26 -27 -28
leaf_value=0.024246576869052495 0.031942852549611433 0.016988747360443604 -0.023847761746376497 -0.051426083462688447 0.019454539213062338 0.053168773324498764 0.075205915866345494 -0.013848438002205475 -0.031598591149182578 0.010311192518804429 -0.025731695912117644 -0.047666368832983363 0.065063889536192285 0.0052154442579197416 0.02454186470440349 0.048394063696918573 0.0036305409124225314 -0.063850035249282219 -0.00094046734347966664 0.051758000729751313 -0.05693060953151239 -0.030971360364232287 0.019974450422636791 -0.034269804729219359 0.084026018388627652 0.060370187532673251 -0.056419644726307477
leaf_weight=1.7476374972611655 4.0180142857134369 32.190624315291643 29.999864999204874 6.9766322188079348 10.708315737545488 9.0796723533421808 4.9187184497714025 45.079145630821586 2.8582861237227943 92.504219468683004 34.889066457748413 4.753581576049327 6.8153074383735648 37.484902780503035 9.2841476760804635 2.9060836285352698 12.814614236354826 9.8847121670842224 4.9706248342990866 3.5072032921016207 3.9421379081904888 3.808670774102211 3.3722118884325027 7.1654181517660609 4.0131295174360275 3.1061003096401691 8.0196268521249277
leaf_count=20 24 172 157 35 51 70 34 202 20 417 146 15 35 194 55 18 76 31 26 17 23 19 19 40 22 29 46
internal_value=-7.33351e-05 -0.000654816 -0.00895631 -0.0022905 0.00297264 0.011952 0.00420611 -0.00100165 -0.00339908 0.000264697 -0.0151199 0.00747748 0.00181077 0.0144227 -0.0124116 0.0349532 0.0241743 -0.0291812 -0.0400246 -0.031957 -0.00575923 0.00132714 0.0527413 -0.0514188 0.0690605 0.0473635 -0.0498977
internal_weight=400.819 395.965 120.408 90.5609 275.557 114.374 85.5607 77.2698 161.182 142.855 45.5974 97.2578 83.5842 44.3002 39.284 28.8135 21.8943 29.8474 22.0208 18.3273 7.44934 7.82669 8.29093 17.0501 6.91921 4.85374 10.8779
internal_count=2013 1964 616 476 1348 613 427 374 735 629 197 432 441 229 212 186 146 140 97 106 40 43 53 71 40 49 66
is_linear=0
shrinkage=0.05


Tree=73
num_leaves=17
num_cat=0
split_feature=77 101 28 117 43 115 61 80 57 78 94 60 108 34 9 31
split_gain=4.33367 5.2677 4.97508 5.52605 4.83405 6.1211 5.40194 4.28228 3.33955 3.22462 2.68155 1.8609 0.00172978 0.00159131 0.000287985 0.000178522
threshold=0.1213827319443226 3.2790094614028935 0.00048828125000000011 589.46926879882824 0.00096659758128225814 50.510726928710945 0.0038564254064112906 0.0019232302438467743 0.026407047174870971 0.0047034439630806455 0.028878347948193554 0.00032884247775655245 160.97776794433597 0.046376753598451621 0.028868382796645168 0.00084701849846169363
decision_type=2 2 2 2 2 2 2 2 2 2 2 2 2 2 2 2
left_child=1 2 3 -1 8 6 -6 -7 10 -5 -4 -2 -13 15 -14 -3
right_child=11 13 4 9 5 7 -8 -9 -10 -11 -12 12 14 -15 -16 -17
leaf_value=-0.022294000012066301 -0.00040756248064934561 -0.052590465763172105 -0.056314577331785826 0.018995247552644111 0.056959341629836124 -0.0076591181482877331 -0.012120538111967788 0.004213923421445406 0.0052107120719023046 0.086228926381921867 -0.0030355247953290031 -0.054380281435057215 -0.052956950241485723 -0.054248755997560121 -0.052065211525840621 -0.05180962620685086
leaf_weight=2.9502742961049062 2.4221990630030623 1.7538008354604238 8.2206018194556254 3.0216440632939339 8.9649593159556371 112.83002162910998 4.135456006973981 232.29993737488985 5.9112334400415412 4.3518842346966267 3.3135596849024287 1.7934360690414903 1.7026768028736117 1.5210833549499509 1.9335350096225736 1.2563723959028719
leaf_count=18 30 20 47 19 74 531 25 1082 27 22 24 14 18 14 28 20
internal_value=-7.34977e-05 0.000665948 0.00129512 0.0355375 0.000354118 0.00160575 0.0351526 0.000332384 -0.0253475 0.0586768 -0.0410085 -0.0368516 -0.0531095 -0.0529306 -0.0524828 -0.0522646
internal_weight=398.383 390.531 386 10.3238 375.676 358.23 13.1004 345.13 17.4454 7.37353 11.5342 7.85185 5.42965 4.53126 3.63621 3.01017
internal_count=2013 1923 1869 59 1810 1712 99 1613 98 41 71 90 60 54 46 40
is_linear=0
shrinkage=0.05


Tree=74
num_leaves=22
num_cat=0
split_feature=57 25 40 78 104 97 75 73 10 122 89 31 26 71 8 41 70 44 123 9 78
split_gain=4.25946 4.96218 6.77427 6.29128 5.2587 7.36485 7.23301 6.37998 5.74583 4.90806 4.14731 3.1042 2.99131 2.88374 2.82159 2.68521 2.2718 2.08669 1.50312 0.319376 0.0530611
threshold=0.37960380315780645 0.11466637253761293 0.10381457209587099 0.00080715882359072577 0.40147240459918981 69.59214019775392 0.0059490592684596786 0.036690847948193557 0.081542968750000014 0.0083698560483753699 0.12645488232374194 0.0019630899187177424 0.065808355808258071 0.02680564392358065 0.081004861742258086 0.13416773080825808 0.102409515529871 0.015615035314112903 0.0032566350419074301 0.020796795375645164 0.0031887755030766134
decision_type=2 2 2 2 2 2 2 2 2 2 2 2 2 2 2 2 2 2 2 2 2
left_child=1 2 4 15 5 6 -1 -7 9 -6 -5 -4 16 -10 -14 -3 18 -13 -2 -20 -21
right_child=12 3 11 10 8 7 -8 -9 13 -11 -12 17 14 -15 -16 -17 -18 -19 19 20 -22
leaf_value=0.021242656160758631 0.021717256423602664 0.074088526698044194 -0.00088985442622290445 0.03242268971257771 -0.014114913591257307 0.052490914999310967 -0.013932422165170636 -0.018072151435954316 -0.0030272863863704523 0.0018297969220373305 -0.026508456769193556 -0.064075687678714771 -0.032260136966133036 -0.049282342938485477 0.038720248635121995 0.018939137162794942 -0.0026886879006830329 -0.025286067008174096 0.085879320756064081 0.054750817826330192 0.066325301984759749
leaf_weight=26.388843815773726 2.6622633244842309 5.776387922465803 6.0137497335672405 5.1897290721535665 65.953023135662079 15.042573466897013 32.755112364888191 4.0700861886143676 5.0220210552215567 179.94008781760931 7.029156967997551 6.6629039049148542 3.5201399736106387 10.240815181285141 2.324729235842824 3.5720823165029287 2.3769488185644141 7.2285523489117622 1.6370872259140012 2.3136340510100126 1.7310052514076231
leaf_count=164 22 36 26 23 389 91 125 16 31 817 27 24 21 44 26 27 19 28 9 36 12
internal_value=-7.26299e-05 -0.00115211 -0.00255031 0.0221422 -0.000887732 0.0104816 0.00176199 0.0374643 -0.00429461 -0.00244687 -0.00147862 -0.0308996 0.024747 -0.0340628 -0.00402851 0.0530158 0.040435 -0.0438911 0.0527196 0.0672462 0.0597044
internal_weight=397.451 380.885 359.318 21.5674 339.413 78.2566 59.144 19.1127 261.156 245.893 12.2189 19.9052 16.5658 15.2628 5.84487 9.34847 10.7209 13.8915 8.34399 5.68173 4.04464
internal_count=2013 1868 1755 113 1677 396 289 107 1281 1206 50 78 145 75 47 63 98 52 79 57 48
is_linear=0
shrinkage=0.05


Tree=75
num_leaves=13
num_cat=0
split_feature=48 77 101 6 115 35 133 131 57 34 104 31
split_gain=4.15498 4.75395 5.08249 4.85751 5.47671 6.89917 4.35284 0.754656 0.55996 0.00140627 0.000612472 0.000145455
threshold=0.010373485274612905 0.12882652878761294 3.2790094614028935 0.21126634627580645 49.354843139648445 0.16166094690561297 0.19543868303298953 0.021000730805099014 6.9754463766003041e-05 0.049695074558258064 2.0184310674667363 0.00084701849846169363
decision_type=2 2 2 2 2 2 2 2 2 2 2 2
left_child=7 2 3 4 5 -2 -6 -1 -3 11 -10 -4
right_child=1 8 9 -5 6 -7 -8 -9 10 -11 -12 -13
leaf_value=0.017692546047643462 0.048189856692377228 -0.016213836422995689 -0.052424888547677032 -0.054401240784476924 -0.01648809394099594 -0.037151165434765154 0.0018798203419466482 0.062071270310926963 -0.053369721961994201 -0.054016004688409829 -0.052211654848873884 -0.051727903574606049
leaf_weight=1.3999386578798283 11.828820193186401 1.3548546843230713 1.7383114062249654 3.9578209854662409 35.797631442546844 2.9610341340303412 325.90234431065619 3.0341051928699017 1.9451484754681585 1.4495960511267183 2.7641568146646023 1.3146848678588865
leaf_count=21 84 20 21 17 159 13 1550 34 20 14 38 22
internal_value=-6.90947e-05 -0.000614869 7.70957e-05 0.00070211 0.00128138 0.031104 6.19385e-05 0.0480598 -0.0445405 -0.0527336 -0.05269 -0.0521248
internal_weight=395.448 391.014 384.95 380.448 376.49 14.7899 361.7 4.43404 6.06416 4.50259 4.70931 3.053
internal_count=2013 1958 1880 1823 1806 97 1709 55 78 57 58 43
is_linear=0
shrinkage=0.05


Tree=76
num_leaves=19
num_cat=0
split_feature=104 92 44 70 50 58 115 128 133 29 120 94 37 62 12 66 8 77
split_gain=4.03456 5.1226 4.59558 6.432 5.10084 4.7787 4.77187 9.52942 11.9936 7.8839 8.82859 6.68151 4.02298 6.0905 2.82227 2.71026 2.35516 0.0978069
threshold=-0.75156724452972401 0.16618502885103228 0.048628825694322593 0.0510303732007742 0.036421794444322593 0.094198420643806471 112.95904922485353 0.0091003165580332297 0.2299529239535332 0.011210538912564518 0.019570245407521728 0.057118941098451621 0.11577248200774194 0.010562818963080646 0.019112722948193554 0.12758091092109683 0.0953643172979355 0.0020228794310241942
decision_type=2 2 2 2 2 2 2 2 2 2 2 2 2 2 2 2 2 2
left_child=14 2 6 4 16 -6 7 11 -9 15 -11 -2 13 -5 -1 -8 -4 -16
right_child=1 -3 3 12 5 -7 9 8 -10 10 -12 -13 -14 -15 17 -17 -18 -19
leaf_value=-0.0080918202244894093 -0.0010902994427077161 -0.049574729890496792 0.06391304672531134 0.036908882066426937 -0.0016089378478338781 0.047903876214045071 -0.05991201706302738 -0.0023489129144710803 0.043606710141125132 0.037568594840214138 -0.017617668546153577 -0.027869766145428455 -0.055164852933655729 -0.030011336799449707 0.056533035630912498 -0.013445189014378637 0.0097729756505098055 0.071911954537344877
leaf_weight=2.0614070668816558 191.84454493224621 5.2900115996599189 9.4034919906407577 6.4752128347754496 17.241498950868849 6.7932856827974311 10.765666913241146 31.179427530616522 26.06717761233449 9.6508759111165983 29.097650051116943 26.510940819978714 4.0165869146585456 7.1590571310371161 2.3213554583489895 4.4291439801454535 2.5543969925492993 1.8640218079090116
leaf_count=18 969 27 70 43 85 47 52 134 146 44 111 144 13 36 31 16 15 12
internal_value=-6.73761e-05 -0.000708387 -3.37754e-05 0.0135379 0.0256623 0.0123856 -0.00224297 0.000418881 0.0185769 -0.0158427 -0.00387274 -0.00434164 -0.0111855 0.00177054 0.0397962 -0.0463674 0.0523479 0.0633823
internal_weight=394.726 388.479 383.189 53.6435 35.9927 24.0348 329.545 275.602 57.2466 53.9433 38.7485 218.355 17.6509 13.6343 6.24678 15.1948 11.9579 4.18538
internal_count=2013 1952 1925 309 217 132 1616 1393 280 223 155 1113 92 79 61 68 85 43
is_linear=0
shrinkage=0.05


Tree=77
num_leaves=24
num_cat=0
split_feature=14 43 38 71 31 127 60 113 133 48 53 64 95 95 79 76 17 102 48 59 57 58 109
split_gain=3.988 4.40342 5.82367 4.3053 6.53035 8.82778 12.8782 7.59214 5.41982 7.12523 6.91798 4.55618 4.28857 4.71621 3.96901 5.09643 4.10321 3.72022 2.98643 2.78518 3.27874 2.63252 0.101203
threshold=6.9754463766003041e-05 0.0021025987807661299 0.11678890138864519 0.080217633396387114 0.057397959753870971 0.01987460441887379 0.0013651945628225806 0.80772113800048839 0.19543868303298953 0.045639349147677429 0.0521464440971613 0.0494260210543871 0.011061065364629032 0.0032884248066693549 0.049724968150258071 0.031489158049225814 0.082300301641225829 115.37304687500001 0.48695592582225805 0.01983019802719355 0.024065290577709678 0.0025211255997419362 67.023105621337905
decision_type=2 2 2 2 2 2 2 2 2 2 2 2 2 2 2 2 2 2 2 2 2 2 2
left_child=21 2 14 8 5 7 -7 -5 12 11 -11 -10 13 -3 19 16 -16 -14 -17 20 -2 -1 -23
right_child=1 3 -4 4 -6 6 -8 -9 9 10 -12 -13 17 -15 15 18 -18 -19 -20 -21 -22 22 -24
leaf_value=-0.012399536442135331 -0.042032552166557602 -0.029913613783943128 0.040367791118788215 -0.025281360788991576 -0.031695770585144688 -0.015883054063414469 0.06457457237481222 0.052578131943123399 -0.0035302195034868748 0.00085137244706727879 -0.049379573348755514 0.058584956586126113 -0.050642557857728865 0.04236304398400071 -0.0094060637350428297 -0.00076936304407249599 0.054930787153109818 -0.0064545279363217752 -0.054819028084185664 -0.060344722750295836 0.0039005415175856054 0.055240453489749944 0.071017276011578548
leaf_weight=1.6856172438710917 9.3310827873647231 4.3806584961712378 4.3313914462923995 12.368124071508648 6.3982610758393994 6.9481413066387203 17.499889777973294 4.1922519952058783 4.4948703199625006 242.41918352246284 7.0539718940854064 8.601791422814129 12.70412987843156 4.6558376550674438 5.1925120465457457 4.8990201354026777 4.7409864142537117 7.6203366443514815 5.3429559208452702 7.2081706486642352 6.656520538032054 2.6115069109946489 1.6642363145947454
leaf_count=10 73 19 20 57 35 31 88 21 31 1140 29 81 53 22 41 38 27 38 50 30 30 38 11
internal_value=-6.48808e-05 -0.000689974 -0.0149143 0.00130962 0.0152854 0.0226156 0.0417085 -0.00557126 -0.000959908 0.00131826 -0.000568931 0.0372666 -0.0213331 0.0073252 -0.0204352 -0.00421699 0.0213002 -0.034075 -0.0289656 -0.0345416 -0.0229081 0.0405192 0.0613812
internal_weight=393.001 387.04 47.7026 339.337 47.4067 41.0084 24.448 16.5604 291.931 262.57 249.473 13.0967 29.361 9.0365 43.3712 20.1755 9.9335 20.3245 10.242 23.1958 15.9876 5.96136 4.27574
internal_count=2013 1954 309 1645 232 197 119 78 1413 1281 1169 112 132 41 289 156 68 91 88 133 103 59 49
is_linear=0
shrinkage=0.05


Tree=78
num_leaves=22
num_cat=0
split_feature=81 78 111 107 124 22 48 32 126 53 88 100 129 121 73 129 41 56 54 38 102
split_gain=3.82257 5.15541 8.15572 6.69559 6.59126 8.22703 5.03676 6.29602 5.06826 4.59676 4.27063 5.30239 4.0912 5.32462 3.67387 3.0446 2.96988 2.75315 2.62978 1.14609 0.472131
threshold=2.9894769795646429e-05 0.00068757974077016126 61.676458358764656 -1.0000000180025095e-35 0.0095061277970671671 0.1042231358587742 0.031040736474096779 0.053700972348451621 0.047114683315157897 0.065031088888645186 0.035664461553096778 68.457714080810561 0.021193490363657478 0.061774613335728652 4.9824617235572084e-05 0.023060222156345848 0.012565768323838713 0.021115672774612907 0.0054707431700080642 0.087183114141225829 110.30045318603517
decision_type=2 2 2 2 2 2 2 2 2 2 2 2 2 2 2 2 2 2 2 2 2
left_child=14 2 -2 12 16 -6 15 10 18 -10 -8 -12 20 -14 -1 -3 -5 19 -9 -16 -4
right_child=1 6 3 4 5 -7 7 8 9 -11 11 -13 13 -15 17 -17 -18 -19 -20 -21 -22
leaf_value=0.030334492542409594 -0.03383075956371185 0.062275748095604461 0.075418343260598264 0.0041963208585764286 -0.0086355004613690202 0.029077807838224768 -0.053314337784845747 -0.056121250323517224 0.0041801323709373056 -0.047281358608047767 -0.017522718201034144 0.030042866932117052 -0.036314741491947578 0.044233419909233462 -0.06203704338966675 0.0011416421323054149 0.066242828395876099 -0.0086013687443519567 -0.0040415903272505395 -0.027178590046169977 0.053458591995977814
leaf_weight=3.0364043656736639 9.4742891788482648 4.6915173549205047 4.6213231086730975 2.7407990023493749 47.376338984817266 20.81396447122097 7.151397079229354 5.6743746325373632 171.89972880482674 4.451750047504901 55.65187805891037 6.5484497025609008 3.0740139409899694 6.1694368459284306 5.6078843921422976 3.5988567247986794 6.508268553763628 8.6851097345352155 4.2315661422908306 4.0688481628894806 5.2037662919610739
leaf_count=26 35 33 28 12 223 103 39 48 843 18 251 30 21 49 35 22 51 39 24 21 62
internal_value=-6.59255e-05 0.00112274 0.0104375 0.0147834 0.00824817 0.00287586 -0.00261808 -0.00386209 0.000926264 0.00288106 -0.0167222 -0.012515 0.0413237 0.0174462 -0.0206128 0.0357374 0.0478564 -0.0290377 -0.0338741 -0.0473798 0.0637876
internal_weight=391.28 369.882 105.982 96.5079 77.4394 68.1903 263.9 255.609 186.257 176.351 69.3517 62.2003 19.0685 9.24345 21.3982 8.29037 9.24907 18.3618 9.90594 9.67673 9.82509
internal_count=2013 1892 584 549 389 326 1308 1253 933 861 320 281 160 70 121 55 63 95 72 56 90
is_linear=0
shrinkage=0.05


Tree=79
num_leaves=18
num_cat=0
split_feature=37 28 43 115 29 124 128 133 117 74 57 59 81 41 90 14 64
split_gain=3.76948 4.02885 4.76591 4.40664 10.4622 7.71931 7.29685 9.19234 6.42667 4.09519 4.88461 6.33678 3.48902 2.74352 2.36181 0.995044 0.0817097
threshold=0.0023915816564112906 0.00048828125000000011 0.0021025987807661299 111.72847366333009 0.011210538912564518 0.020371722988784317 0.0091003165580332297 0.2299529239535332 827.57598876953136 0.0098852040246129053 0.021803252398967746 0.027612802572548393 0.025121571496129039 0.033252950757741935 0.007473692763596774 0.027064732275903228 0.23574019968509677
decision_type=2 2 2 2 2 2 2 2 2 2 2 2 2 2 2 2 2
left_child=15 12 9 6 13 -6 8 -8 -4 -3 14 -12 -2 -5 -11 16 -1
right_child=1 2 3 4 5 -7 7 -9 -10 10 11 -13 -14 -15 -16 -17 -18
leaf_value=-0.048135084595508186 -0.012394752687044942 0.019580656234301257 -0.0078747284349335572 -0.062021032323912276 0.01211100093721356 -0.033769079870473603 0.0015666402667251244 0.041001450916645074 0.009691499661798433 0.0075243457214077079 0.029272886780348784 -0.042683231192943427 0.052023342098603889 -0.021129184962681995 -0.049102979662154725 -0.010175205176894776 -0.062713936596117598
leaf_weight=2.1746934596449132 3.0421886593103391 6.1565830279141656 115.4353446289897 9.4206133466213959 39.188823077827692 11.967636853456495 31.797694969922304 27.608463374897838 94.850669803097844 2.0925339348614278 7.1866195574402791 5.328048087656498 6.8012322671711445 7.2650446966290465 15.338567215949295 1.8657982964068649 1.7222271561622617
leaf_count=28 22 35 604 42 173 44 134 173 465 16 35 21 39 27 122 19 14
internal_value=-6.35865e-05 0.000539587 -0.000292248 0.00155458 -0.00983609 0.00137773 0.00441995 0.0198936 4.86159e-05 -0.017559 -0.0251945 -0.00136202 0.0321144 -0.0442165 -0.0423051 -0.0402018 -0.0545781
internal_weight=389.243 383.48 373.637 337.534 67.8421 51.1565 269.692 59.4062 210.286 36.1024 29.9458 12.5147 9.84342 16.6857 17.4311 5.76272 3.89692
internal_count=2013 1952 1891 1662 286 217 1376 307 1069 229 194 56 61 69 138 61 42
is_linear=0
shrinkage=0.05


Tree=80
num_leaves=17
num_cat=0
split_feature=104 92 44 122 11 19 51 10 10 127 27 114 48 70 75 12
split_gain=3.67833 4.74753 4.05121 5.88798 7.30603 5.56575 5.00692 4.32995 5.77314 5.68269 5.36737 4.46719 5.41042 3.55931 2.92699 1.75294
threshold=-0.81801742315292347 0.16618502885103228 0.048628825694322593 0.012245353776961567 0.073690608143806471 0.10283800959587099 0.048907844349741943 0.082748722285032286 0.037448182702064521 0.025292184203863147 0.020029496401548389 42.335874557495124 0.1076411046087742 0.059321189299225814 0.0075833068694919356 0.019112722948193554
decision_type=2 2 2 2 2 2 2 2 2 2 2 2 2 2 2 2
left_child=15 2 7 5 6 13 -5 8 10 -10 -2 -9 -13 -4 -6 -1
right_child=1 -3 3 4 14 -7 -8 11 9 -11 -12 12 -14 -15 -16 -17
leaf_value=-0.0019719466869624002 -0.00049010317459512902 -0.048128117443385188 0.051839364807125532 0.045316544231199997 -0.010838799849179303 -0.018520257514582677 -0.015111398194038637 0.02974639270693968 0.0045771380700113289 0.038963398541440875 -0.020232860766218483 0.025506088214697943 -0.034315482060547665 0.0037828845718906757 -0.059622112622637551 0.062888292539240664
leaf_weight=1.502763982862233 129.33473297767341 5.1865153387188903 16.438228886574514 8.4829994812607783 7.3101406432688218 4.8921650703996411 5.752536889165639 4.1571006774902335 100.37489956244826 13.648775758221744 46.913127074018121 4.4296089373528984 25.760790640488267 5.0326427072286597 5.3071093074977398 3.3954269606620073
leaf_count=15 693 27 122 63 31 25 28 29 480 68 214 23 111 27 19 38
internal_value=-6.52832e-05 -0.000615877 3.6321e-05 0.0128236 -0.00365559 0.0296089 0.0208978 -0.00205994 -7.35231e-05 0.00869322 -0.00574517 -0.0188472 -0.0255383 0.0405752 -0.0313582 0.0429892
internal_weight=387.92 383.021 377.835 53.2158 26.8528 26.363 14.2355 324.619 290.272 114.024 176.248 34.3475 30.1904 21.4709 12.6172 4.89819
internal_count=2013 1960 1933 315 141 174 91 1618 1455 548 907 163 134 149 50 53
is_linear=0
shrinkage=0.05


Tree=81
num_leaves=16
num_cat=0
split_feature=14 6 57 130 127 119 70 69 10 51 120 123 70 24 72
split_gain=3.67812 3.73895 4.27569 8.35628 7.89251 6.78684 6.75721 7.12193 5.85659 4.49809 4.07782 5.43719 4.90724 3.04575 0.675079
threshold=2.9894769795646429e-05 0.21126634627580645 0.12470105290412904 0.098875902593135848 0.025921192020177845 0.07818967849016191 0.039889588952064521 0.070003587752580657 0.026277502998709682 0.038922989740967757 0.024115331470966343 0.0088974111713469046 0.093201931565999999 0.038833307102322585 0.0017338966717943551
decision_type=2 2 2 2 2 2 2 2 2 2 2 2 2 2 2
left_child=14 2 4 5 10 8 13 -8 -4 -7 11 -2 -12 -6 -1
right_child=1 -3 3 -5 6 9 7 -9 -10 -11 12 -13 -14 -15 -16
leaf_value=0.015782223755324318 -0.0029538807391216435 -0.049555959732398173 -0.0066002209329156488 0.080714302790515877 0.0077319896811134398 0.0038162019704424824 -0.041894584177570068 0.028076398235929102 0.02119991539245138 -0.053253893095493325 -0.018991883656253417 0.043665808820179564 0.012622829142087741 0.073879599937148238 0.058328447121911958
leaf_weight=1.3403888233005989 151.46687064692378 3.8584945350885382 29.423656841740012 3.8789780773222438 2.3213907666504401 6.4986358117312175 5.5827426761388805 10.432449631392954 53.195446146652102 7.3662024140357971 80.175627296790481 6.5236323922872534 14.493169046938418 6.9511682018637657 3.0625768527388573
leaf_count=14 763 17 141 25 13 31 25 44 331 25 418 26 63 42 35
internal_value=-6.22255e-05 -0.000585721 -8.62596e-05 0.00875967 -0.00328041 0.00586686 0.0233519 0.00368518 0.0112993 -0.0265044 -0.00594594 -0.00102889 -0.0141519 0.0573195 0.0453762
internal_weight=386.571 382.168 378.31 100.363 277.947 96.4839 25.2878 16.0152 82.6191 13.8648 252.659 157.991 94.6688 9.27256 4.40297
internal_count=2013 1964 1947 553 1394 528 124 69 472 56 1270 789 481 55 49
is_linear=0
shrinkage=0.05


Tree=82
num_leaves=30
num_cat=0
split_feature=5 5 55 91 51 122 65 64 73 64 5 114 121 17 126 104 95 108 14 92 122 120 132 21 24 102 28 69 109
split_gain=3.51443 6.49489 6.24889 8.07697 7.00763 6.40306 6.30941 7.68495 9.65716 6.37843 6.57072 5.38677 5.31843 7.81367 7.82271 5.34263 5.31004 5.25424 5.19741 5.19617 4.86664 8.04814 4.48449 3.87204 6.46773 4.96486 3.02454 2.70759 0.458407
threshold=0.064961336553096785 0.066924426704645171 0.00022919323964742946 0.029984454624354843 0.00072743941564112913 0.0083089848048985022 0.16081393510103228 0.25141502916812902 0.029695472680032257 0.21801259368658069 0.13559271395206454 66.882091522216811 0.045146496966481216 0.0097556598484516161 0.063783377408981337 -0.75156724452972401 0.02861926052719355 36.759397506713874 0.014518893323838713 0.034299267455935485 0.019590536132454876 0.029796688817441467 0.06624868139624597 0.04168327525258065 0.053810587152838714 86.463890075683608 0.012226961087435486 0.041135204955935485 35.539297103881843
decision_type=2 2 2 2 2 2 2 2 2 2 2 2 2 2 2 2 2 2 2 2 2 2 2 2 2 2 2 2 2
left_child=12 27 3 4 22 -5 9 8 -8 10 -4 -11 13 -1 -15 28 -9 -16 -6 -19 23 -22 -3 24 -17 -25 -7 -2 -14
right_child=1 2 6 5 18 26 7 16 -10 11 -12 -13 15 14 17 20 -18 19 -20 -21 21 -23 -24 25 -26 -27 -28 -29 -30
leaf_value=-0.03751120453376082 0.013095286608506385 0.0088664745437079685 -0.0090490765680068912 -0.0028249550207954553 0.067101217526061074 0.027117194337645603 -0.012667650203100653 0.052462729369122586 0.051457893873485018 -0.011815467542395037 0.030141836102927495 -0.057221477056699312 0.030592142675255292 -0.026570993434009333 -0.0014620153778881204 -0.011216187880227282 0.0070264943933920909 0.068216696771181515 -0.013422690574534319 0.0058573556250624175 0.068932577921723054 -0.019270843085643932 -0.059081636818977802 -0.031654577572206986 0.037793184763183524 -0.0070625057889864909 0.083709960602824263 0.075111711468555151 0.066433311332028497
leaf_weight=6.5751657746732226 2.9182601161301127 4.3329197913408297 56.290687084197998 4.4789042994380024 4.7725956551730615 3.3025238141417494 37.332669574767351 14.069936530664565 6.9668657630681983 16.134455278515819 13.203695598989723 10.975144781172274 1.6144004557281726 6.3342858925461796 6.6688990630209473 35.542529959231615 11.842779889702795 12.117102574557068 3.4542754888534546 4.6120674908161154 4.8235136717557889 5.5757685471326113 5.5241554602980614 44.519639980047941 8.3047764152288419 38.077732764184475 8.2803008481860143 4.4342618621885777 1.9940522089600561
leaf_count=29 16 18 283 27 25 25 165 80 34 70 85 34 24 36 36 230 53 68 22 21 24 27 29 228 49 184 50 24 17
internal_value=-5.9742e-05 0.0043403 0.00265158 0.0221395 -0.000778432 0.0479429 -0.00133741 0.0100687 -0.0025828 -0.0096274 -0.00160294 -0.0301978 -0.00524527 0.011813 0.0227209 -0.00965491 0.0316972 0.0360651 0.0332911 0.0510248 -0.0112385 0.0216407 -0.0292134 -0.0139426 -0.0019337 -0.0203175 0.0675741 0.050497 0.0503982
internal_weight=385.074 208.314 200.962 34.1457 18.0839 16.0617 166.816 70.2123 44.2995 96.604 69.4944 27.1096 176.76 36.3075 29.7324 140.452 25.9127 23.3981 8.22687 16.7292 136.844 10.3993 9.85708 126.445 43.8473 82.5974 11.5828 7.35252 3.60845
internal_count=2013 1040 1000 196 94 102 804 332 199 472 368 104 973 190 161 783 133 125 47 89 742 51 47 691 279 412 75 40 41
is_linear=0
shrinkage=0.05


Tree=83
num_leaves=21
num_cat=0
split_feature=81 48 78 111 32 4 129 119 122 132 120 88 51 129 132 73 56 38 114 78
split_gain=3.57351 4.43399 4.38919 6.5531 5.83404 5.51685 9.37568 8.6452 4.65413 9.82073 7.85369 3.98933 4.72517 3.50336 5.85507 3.28495 2.60602 1.07324 0.603448 0.108479
threshold=2.9894769795646429e-05 0.031040736474096779 0.00068757974077016126 61.676458358764656 0.053700972348451621 0.10179169103503229 0.019570245407521728 0.054875820875167854 0.012570002581924202 0.079173769801855101 0.014862835872918369 0.034000318497419364 0.092863123863935484 0.022552958689630035 0.075673647224903121 4.9824617235572084e-05 0.021115672774612907 0.087183114141225829 41.915164947509773 0.0026606344617903237
decision_type=2 2 2 2 2 2 2 2 2 2 2 2 2 2 2 2 2 2 2 2
left_child=15 13 3 -3 11 6 -5 -7 10 -10 -6 -4 -13 18 -15 -1 17 -17 -2 -20
right_child=1 2 4 5 8 7 -8 -9 9 -11 -12 12 -14 14 -16 16 -18 -19 19 -21
leaf_value=0.028859016363162227 0.030406281261587134 -0.031433177032007868 -0.055116621576712203 0.025116775876507142 0.013982306863029407 -0.00043482393434003149 -0.011287605282387803 0.068379410124774151 -0.0015525974644757835 0.037407988186178805 -0.014796895744558806 -0.0067686234863390676 -0.047195529933552909 0.062683695968186792 -0.034976815302129212 -0.061233797226337032 -0.0083261342079859503 -0.026959115089716074 0.056142008870552353 0.07145630300262347
leaf_weight=2.9312604423612383 1.7077625617384891 9.0970658734440786 5.9524771012365809 35.085357297211885 35.071332413703203 8.2864786852151173 35.664367359131575 10.160417318344114 51.249922551214695 23.633273916319013 73.151405207812786 53.279033463448286 8.3624340221285802 2.5427156146615744 3.8715180233120918 5.3248751349747199 8.5610499829053861 3.9994224905967712 1.9862174745649097 2.7676917500793934
leaf_count=26 25 34 35 206 198 59 163 59 211 119 405 253 32 28 20 35 39 21 29 16
internal_value=-5.85943e-05 0.00110025 3.71576e-05 0.0089922 -0.00347391 0.0131151 0.00676562 0.0374676 0.00116035 0.0107434 -0.00547053 -0.0160277 -0.012253 0.0299147 0.00373754 -0.0202036 -0.0282446 -0.0465325 0.0558998 0.0650579
internal_weight=382.686 361.869 348.994 98.2937 250.7 89.1966 70.7497 18.4469 183.106 74.8832 108.223 67.5939 61.6415 12.8759 6.41423 20.8166 17.8853 9.3243 6.46167 4.75391
internal_count=2013 1892 1774 521 1253 487 369 118 933 330 603 320 285 118 48 121 95 56 70 45
is_linear=0
shrinkage=0.05


Tree=84
num_leaves=21
num_cat=0
split_feature=103 53 5 5 55 91 51 65 15 64 122 52 30 0 40 25 21 0 69 69
split_gain=3.51575 4.27668 3.97769 5.97484 5.75486 7.57322 6.72877 5.94281 7.10597 6.3413 5.6823 5.06193 4.86791 5.62374 4.61819 5.41667 3.21547 2.53144 1.82304 1.22009
threshold=82.330219268798842 0.0031190209556370978 0.064961336553096785 0.066924426704645171 0.00022919323964742946 0.029984454624354843 0.00072743941564112913 0.16081393510103228 0.0020029495935887103 0.21801259368658069 0.0083089848048985022 0.083446267992258086 6.9754463766003041e-05 0.31284877657890325 0.099131058901548399 0.098323900252580657 0.047064334154129035 0.074657205492258086 0.035873724147677429 0.024334343150258068
decision_type=2 2 2 2 2 2 2 2 2 2 2 2 2 2 2 2 2 2 2 2
left_child=2 -2 11 18 5 6 -5 9 -9 -6 -7 12 13 17 15 -14 -16 -1 -4 -3
right_child=1 19 3 4 7 10 -8 8 -10 -11 -12 -13 14 -15 16 -17 -18 -19 -20 -21
leaf_value=0.025752170594658893 -0.0064716797640091434 0.023253675632267601 0.01254511281034433 -0.030191600935039767 -0.0020587352151728586 -0.0021522921608448354 0.031784267700185692 0.043384437772569964 0.0017540230923697329 -0.031186019510252495 0.064539189645114986 0.042340945824574032 -0.010191648979708206 -0.0067234541510613659 -0.0035089726679530305 0.035706355684667672 -0.051361583628741353 0.095296818260634505 0.065724813426611739 0.065565537309970945
leaf_weight=2.5759919770061952 5.9428436085581762 2.6507316902279854 2.4068688340485087 9.5111468173563498 68.471978107467294 4.4284621980041257 8.117294777184723 12.521600812673567 56.513210572302341 25.699526358395815 11.456916736438869 5.0810778476297846 122.91198694892228 7.3544550947844982 5.1505503654480007 6.782860228791832 11.025045614689587 2.6594119966030121 4.8770101927220821 4.7691312357783318
leaf_count=26 29 20 14 46 364 27 46 79 250 98 75 24 686 39 24 44 47 14 26 35
internal_value=-5.79794e-05 0.0251349 -0.000973906 0.00368329 0.00203676 0.0209088 -0.00165383 -0.00183855 0.00930499 -0.0100076 0.0459472 -0.00678336 -0.00835855 0.0214715 -0.0109331 -0.00779125 -0.0361246 0.0610786 0.0481522 0.0504497
internal_weight=380.908 13.3627 367.545 204.004 196.72 33.5138 17.6284 163.206 69.0348 94.1715 15.8854 163.541 158.46 12.5899 145.87 129.695 16.1756 5.2354 7.28388 7.41986
internal_count=2013 84 1929 1025 985 194 92 791 329 462 102 904 880 79 801 730 71 40 40 55
is_linear=0
shrinkage=0.05


Tree=85
num_leaves=18
num_cat=0
split_feature=37 42 75 78 77 38 124 93 46 120 63 49 118 72 117 14 64
split_gain=3.49514 3.82589 3.73554 6.64802 6.45705 5.78898 5.03648 7.71643 7.90584 6.70745 9.96891 6.58309 5.87208 3.34498 4.99563 0.894258 0.0685591
threshold=0.0023915816564112906 6.9754463766003041e-05 0.021574059501290325 0.020169004797935489 0.015864158980548385 0.063127789646387114 0.015370099805295469 0.015345981810241939 0.00012954400881426412 0.025008115917444233 0.039580676704645164 0.073780294507741942 0.12317385151982309 0.022042410448193554 747.18334960937511 0.027064732275903228 0.23574019968509677
decision_type=2 2 2 2 2 2 2 2 2 2 2 2 2 2 2 2 2
left_child=15 -2 3 4 5 -3 7 8 -4 10 -8 -9 -11 14 -5 16 -1
right_child=1 2 6 13 -6 -7 9 11 -10 12 -12 -13 -14 -15 -16 -17 -18
leaf_value=-0.047930440888979249 0.050664726839938681 0.013489809537172935 -0.042554041851108532 0.074768090064785964 -0.046377047079057793 -0.0032503288886490548 0.042402492150983018 0.01288972534691496 0.024808972920624475 0.02560440653994063 -0.024038455183013722 -0.034596635305008637 -0.019858393503722271 0.082459387239541299 -0.018915622881303329 -0.011016245227120421 -0.061730678328442347
leaf_weight=2.0323586314916606 3.7661542482674113 88.403427178040147 5.7686024494469192 2.4981926847249252 6.6353499703109255 124.20253144204617 19.094391185790304 8.8381364271044713 17.781261079013348 9.2173490207642299 8.015697129070757 41.895288661122322 30.958122359588742 3.6566157899796963 3.3062673769891262 1.8054606076329944 1.6152520291507242
leaf_count=28 24 513 34 18 26 563 89 48 109 58 35 241 152 18 24 19 14
internal_value=-5.52884e-05 0.000524093 1.40957e-05 0.00396535 0.00219447 0.00371037 -0.0063691 -0.0153447 0.00830822 0.00354 0.0227578 -0.0263242 -0.00942799 0.045002 0.0214051 -0.0397963 -0.0540415
internal_weight=379.49 374.037 370.271 228.702 219.241 212.606 141.569 74.2833 23.5499 67.2856 27.1101 50.7334 40.1755 9.46108 5.80446 5.45307 3.64761
internal_count=2013 1952 1928 1162 1102 1076 766 432 143 334 124 289 210 60 42 61 42
is_linear=0
shrinkage=0.05


Tree=86
num_leaves=23
num_cat=0
split_feature=13 28 17 33 84 120 126 132 5 85 105 61 129 110 103 92 112 71 6 121 94 30
split_gain=3.44533 3.73098 5.09819 5.85897 5.28118 5.56589 5.06011 4.44602 5.79713 6.26148 8.04261 6.25319 5.34187 4.60125 3.60467 3.25025 2.78985 2.41324 1.48985 0.953542 0.197237 0.0675791
threshold=0.00035873724846169358 0.0084502552635967749 0.032216599211096771 0.04168327525258065 0.13808394223451617 0.019123853184282783 0.11751278117299081 0.039130344986915595 0.061393894255161292 0.06135403364896775 27.653349876403812 8.9684312115423395e-05 0.014051213394850494 0.80979654192924511 48.745853424072273 0.016950335353612903 61.262763977050788 0.060965402051806457 0.046476403251290328 0.067090738564729704 4.9824617235572084e-05 0.016651387326419357
decision_type=2 2 2 2 2 2 2 2 2 2 2 2 2 2 2 2 2 2 2 2 2 2
left_child=20 2 14 -4 6 -6 -5 13 9 10 -9 16 -13 -3 17 -16 -10 19 -11 -2 -1 -15
right_child=1 7 3 4 5 -7 -8 8 11 18 -12 12 -14 21 15 -17 -18 -19 -20 -21 -22 -23
leaf_value=0.059367161183832944 -0.063562918837794205 -0.0081177654239434939 0.055681526227988887 -0.0050500256978964807 0.064505179591337933 -0.013642370108853745 -0.047960191823125338 -0.026722628684389849 0.023644183526255629 -0.063656906984730699 0.0057101621736646829 0.045094828451572748 0.0028194132113978621 0.069904613402233681 0.020840293373733554 -0.035349202980008675 0.078806022809457824 -0.0078111301536015424 -0.026148267743442189 -0.036080507048972935 0.035735483875373307 0.058914928757350715
leaf_weight=1.9767707996070378 7.3306275364011579 3.488093998283146 4.1733735576272002 64.713400773704052 5.23306707292795 4.0355490110814571 7.6864032316952935 26.511701138690114 5.2879878338426334 5.0033849254250509 68.509911026805639 7.9304672181606284 129.35700469836593 3.0880332998931408 5.8799989558756334 4.5769098363816738 4.045911518856883 4.131592631340026 5.6222347915172577 5.542664248496294 1.5956992004066703 2.5573817901313305
leaf_count=26 40 15 30 352 27 25 37 145 40 20 370 46 625 19 27 19 34 22 24 31 17 22
internal_value=-5.81233e-05 -0.000524052 -0.00810231 -0.00210341 -0.0050563 0.0304798 -0.00960563 0.00276071 0.00151995 -0.00740929 -0.00333882 0.00795386 0.00526147 0.0370307 -0.026854 -0.00375342 0.0475549 -0.0410594 -0.0438103 -0.0517302 0.0488117 0.0649263
internal_weight=378.278 374.706 113.304 85.8418 81.6684 9.26862 72.3998 261.402 252.269 105.647 95.0216 146.621 137.287 9.13351 27.4618 10.4569 9.3339 17.0049 10.6256 12.8733 3.57247 5.64542
internal_count=2013 1970 610 471 441 52 389 1360 1304 559 515 745 671 56 139 46 74 93 44 71 43 41
is_linear=0
shrinkage=0.05


Tree=87
num_leaves=22
num_cat=0
split_feature=77 61 59 72 84 125 124 111 99 115 30 66 117 52 31 15 45 19 19 52 109
split_gain=3.39473 3.65129 7.59809 6.74067 6.55069 5.26954 5.29524 5.01084 5.60473 5.00839 5.41626 5.22155 4.4154 4.15997 7.88517 5.92862 3.0208 4.36681 1.88309 0.0311652 0.000891986
threshold=0.1213827319443226 0.015425701159983875 0.032306281849741943 0.017687739804387096 0.043397240340709693 0.0937829725444317 0.015715039335191253 76.909099578857436 48.056669235229499 106.3398780822754 0.022749920375645164 0.18226841092109683 1020.0009765625001 0.002262037713080645 0.01963089965283871 0.023108657449483875 0.0034578284248709683 0.1155233569443226 0.055414939299225814 0.00022919323964742946 63.615085601806648
decision_type=2 2 2 2 2 2 2 2 2 2 2 2 2 2 2 2 2 2 2 2 2
left_child=1 2 12 4 -3 9 -7 8 -5 11 -11 -4 13 14 -1 -15 -9 -18 -2 -20 -21
right_child=18 3 5 7 -6 6 -8 16 -10 10 -12 -13 -14 15 -16 -17 17 -19 19 20 -22
leaf_value=-0.00064188210446373311 0.011282949615481935 -0.031985592183307265 0.033427885888635045 -0.029918154989804858 0.048102050827969658 0.014524050350809318 0.078377231343654263 -0.061367120436653426 0.051202791419628003 -0.046467541656079636 0.025092416358641418 -0.018201612435395458 0.04370178409208237 0.0019204155343620238 0.037141970943248497 -0.016127353040494525 -0.038919635804435054 0.012643273607928943 -0.043533146757863198 -0.052095457843224141 -0.053634176926352917
leaf_weight=62.616923993453383 1.6293770447373379 3.8607416190206987 21.98537473753095 4.3047309145331365 7.5393214412033558 6.2849675677716714 6.716726191341877 7.255488462746146 4.2132974565029144 6.6040043383836728 4.4099710285663605 6.3005872145295134 5.4379951916635028 104.54629469662905 17.71468379534781 80.572919007390738 13.841049116104843 5.8380162864923468 1.2005031798034904 2.1628459934145217 1.6683559492230413
leaf_count=354 20 18 151 24 37 30 36 30 19 25 22 33 33 514 109 397 61 30 21 33 16
internal_value=-5.71698e-05 0.000579653 0.00247071 -0.0124649 0.0209796 0.0199181 0.0475109 -0.0232193 0.0102069 0.0107896 -0.0178151 0.0219276 -0.000897933 -0.0018116 0.00769019 -0.00593485 -0.0337903 -0.0236229 -0.0354346 -0.0505628 -0.0527655
internal_weight=376.704 370.043 323.19 46.8526 11.4001 52.3016 13.0017 35.4526 8.51803 39.2999 11.014 28.286 270.889 265.451 80.3316 185.119 26.9346 19.6791 6.66108 5.03171 3.8312
internal_count=2013 1923 1704 219 55 297 66 164 43 231 47 184 1407 1374 463 911 121 91 90 70 49
is_linear=0
shrinkage=0.05


Tree=88
num_leaves=23
num_cat=0
split_feature=19 115 24 48 124 133 132 114 121 117 122 17 49 101 2 101 131 81 9 69 27 55
split_gain=3.37032 4.13287 7.02714 4.62061 8.40376 7.03332 10.3131 4.93101 4.86515 5.2177 4.52527 4.26237 3.92788 3.04397 3.86663 3.49181 5.3376 2.89281 1.67274 1.52204 0.958829 0.162424
threshold=0.1739875674247742 49.354843139648445 0.0036670918343588714 0.55544483661651622 0.01934705022722483 0.51638463139534008 0.049275627359747894 61.684488296508796 0.039241945371031768 952.01153564453136 0.015593295916914942 0.15499442070722583 0.11068040505051614 1.5243360400199892 0.045180963352322585 0.80185016989707958 0.028721288777887825 2.9894769795646429e-05 0.057368064299225814 0.024663185700774196 0.014777981676161291 0.0070452007930725822
decision_type=2 2 2 2 2 2 2 2 2 2 2 2 2 2 2 2 2 2 2 2 2 2
left_child=1 2 -1 5 7 8 19 12 10 -10 -3 17 -5 14 -2 -16 -17 -4 -9 -7 -19 -15
right_child=13 3 11 4 -6 6 -8 18 9 -11 -12 -13 -14 21 15 16 -18 20 -20 -21 -22 -23
leaf_value=-0.056724864150854364 -0.054719815558155527 -0.056334765347262721 0.006471151859248331 0.0036875036104889718 0.059740799113746294 0.033881714644313013 -0.025295736369886385 -0.056296710823206565 -0.00075031973877976311 0.020235396978015026 0.0064072995152897327 -0.0073781703844983393 -0.032214174361116926 -0.039644238051044459 -0.028852110748807919 0.057937035937392516 -0.018522396701410065 0.094225061403998348 -0.018064639640835902 0.072448922485294706 0.056660160732830728 -0.056041324249619551
leaf_weight=2.0865013264119616 3.5267772842198672 7.0303847063332778 1.9159165695309619 21.328783720731735 3.599574163556098 3.7904983293265122 5.1067823655903331 9.5548433288931829 224.15822631679475 34.128687966614962 4.8608967028558254 3.1178925186395636 11.851910741999744 2.7438691295683375 5.2452041134238234 4.8965635821223241 4.2757347002625465 3.50650754570961 4.08375778235495 7.8686227835714817 3.294876990839839 3.3593214452266693
leaf_count=18 21 23 21 135 25 31 27 49 1127 162 29 23 73 23 26 26 23 21 24 47 40 19
internal_value=-5.7799e-05 0.00118186 0.0278793 8.01611e-05 -0.0138794 0.002533 0.0339571 -0.0195395 0.000582976 0.00202262 -0.0306872 0.0427947 -0.00913632 -0.0181667 -0.00779214 0.00368721 0.0222949 0.0607398 -0.044849 0.0599103 0.076027 -0.0486695
internal_weight=375.332 351.285 13.9217 337.363 50.4189 286.944 16.7659 46.8193 270.178 258.287 11.8913 11.8352 33.1807 24.0475 17.9443 14.4175 9.1723 8.7173 13.6386 11.6591 6.80138 6.10319
internal_count=2013 1875 123 1752 306 1446 105 281 1341 1289 52 105 208 138 96 75 49 82 73 78 61 42
is_linear=0
shrinkage=0.05


Tree=89
num_leaves=26
num_cat=0
split_feature=10 132 112 47 74 64 50 71 67 100 5 20 115 121 80 82 119 122 131 123 79 40 21 60 63
split_gain=3.19963 7.36443 6.95985 6.07584 5.69859 4.90692 4.85763 4.66522 7.48297 4.44701 5.43319 8.05879 7.85657 6.9005 6.32691 6.16181 6.05847 5.03272 4.34605 4.35457 4.23326 3.5387 4.55382 2.97788 2.08567
threshold=0.021653778851032261 0.048666911199688918 45.240917205810554 0.020697146654129032 0.071558114141225829 0.254852905869484 0.0082708862610161322 0.1190808340907097 0.0545878503471613 38.993888854980476 0.064961336553096785 0.066107302904129042 112.34337615966798 0.094564158469438567 6.9754463766003041e-05 0.0258988356217742 0.048910396173596389 0.011535183992236854 0.010896031279116871 0.0057320834603160628 0.034897161647677429 0.0291772959753871 0.050641741603612907 0.0025211255997419362 0.010672432836145164
decision_type=2 2 2 2 2 2 2 2 2 2 2 2 2 2 2 2 2 2 2 2 2 2 2 2 2
left_child=1 3 5 18 6 21 -4 9 24 17 11 14 13 -12 -11 -13 -14 23 -1 -20 -8 22 -3 -2 -9
right_child=7 2 4 -5 -6 -7 20 8 -10 10 12 15 16 -15 -16 -17 -18 -19 19 -21 -22 -23 -24 -25 -26
leaf_value=-0.045678419117772838 0.04104534198275829 -0.014076731887888003 0.011148171998333454 0.073169176326224786 0.030002755488355522 0.066198498791612145 -0.04496983211061762 0.025121734023128214 0.073000971374222026 -0.0279671926678868 0.022082782238959528 0.016795556774263393 -0.051601925256987417 -0.0068737445487886007 0.010516141631269346 -0.03320793319208433 0.0012633837529727921 -0.059404065705422032 0.048667281310592579 -0.019257575731621124 -0.015221508120962899 -0.039803854614006019 0.065621245243497037 -0.024438701254552858 -0.027178006323138555
leaf_weight=3.2501840516924885 2.8887502737343294 4.2261282838880998 7.3747765962034455 4.2646123673766843 4.8120327703654757 3.6625051945447913 28.254642764106393 3.7204682640731317 5.9869964458048344 12.800701992586253 84.660829663276672 7.6288637202233067 8.0990336388349551 27.179661896079779 64.478637838736176 32.01899372600019 16.380967281758785 6.3078286424279213 5.8051099944859725 3.9753692895174026 20.734992183744907 3.7838468961417675 3.1123042516410351 4.3510142304003239 3.9093328341841698
leaf_count=21 27 28 39 27 38 26 135 21 36 65 451 54 27 150 352 159 68 32 32 18 120 18 17 33 19
internal_value=-5.70302e-05 -0.00808001 -0.0147845 0.0213664 -0.0222248 0.0160018 -0.0266837 0.00261117 0.0311581 0.00115418 0.00264722 -0.00526043 0.00942991 0.0150457 0.00414169 -0.0235865 -0.0162267 -0.0267556 0.00441264 0.0210586 -0.0323788 -0.000527633 0.019724 0.00169019 -0.00167544
internal_weight=373.669 93.2565 75.9612 17.2953 61.1764 14.7848 56.3644 280.412 13.6168 266.795 253.248 116.927 136.32 111.84 77.2793 39.6479 24.48 13.5476 13.0307 9.78048 48.9896 11.1223 7.33843 7.23976 7.6298
internal_count=2013 519 421 98 332 89 294 1494 76 1418 1326 630 696 601 417 213 95 92 71 50 255 63 45 60 40
is_linear=0
shrinkage=0.05


Tree=90
num_leaves=20
num_cat=0
split_feature=77 76 10 57 88 78 5 87 24 23 130 9 127 117 15 81 19 52 109
split_gain=3.14729 3.41469 3.48754 5.874 7.31951 7.30979 5.62186 7.12898 6.8587 8.61684 6.37252 5.39978 5.31323 4.87736 4.43488 4.31329 1.8049 0.0334448 0.000851158
threshold=0.1213827319443226 0.11784518510103227 0.026277502998709682 0.10981345921754838 0.063885126262903227 0.0068160076625645169 0.12449178844690324 0.11715760454535486 0.026307397522032264 0.025131537579 0.056823715567588813 0.033551897853612907 0.025921192020177845 654.28811645507824 0.00028898278833366936 0.013622050173580648 0.055414939299225814 0.00022919323964742946 63.615085601806648
decision_type=2 2 2 2 2 2 2 2 2 2 2 2 2 2 2 2 2 2 2
left_child=1 2 6 12 11 -6 8 10 9 -1 -8 -5 15 -14 -10 -4 -2 -18 -19
right_child=16 -3 3 4 5 -7 7 -9 14 -11 -12 -13 13 -15 -16 -17 17 18 -20
leaf_value=-0.012121931759877365 0.010629659483076089 0.046963659332478494 -0.016672276758988358 -0.0081126433068949878 0.014462984999844173 -0.031193937467138323 0.044687953146011664 0.067494864139558422 0.013784462684762078 0.032430488801002182 -0.023673796956987039 0.041395870225984253 -0.036840494789587168 0.038083348016865616 -0.033929211614805402 0.0012914911288529841 -0.042856260277406306 -0.051967240787081509 -0.053510216603644557
leaf_weight=42.199691722169518 1.6306748986244191 3.9203111454844466 50.202573750168085 6.841495629400014 29.207396574318409 12.52641376852989 5.170988546684387 5.1922390535473815 5.638491539284586 14.610369358211754 10.004401374608276 28.246243264526129 2.5996773205697528 13.207285989075897 35.736209353432059 99.934544384479523 1.149082653224468 2.0380481686443095 1.5919129028916357
leaf_count=271 20 25 247 34 177 50 33 31 36 77 42 203 14 67 148 468 21 33 16
internal_value=-5.91265e-05 0.000550416 4.68308e-05 0.00347961 0.0149106 0.000759048 -0.00698265 0.0169233 -0.0119418 -0.000663973 -0.000379646 0.0317426 -0.00181219 0.0257611 -0.0274269 -0.0047152 -0.034792 -0.0502905 -0.0526439
internal_weight=371.648 365.238 361.318 242.766 76.8215 41.7338 118.552 20.3676 98.1848 56.8101 15.1754 35.0877 165.944 15.807 41.3747 150.137 6.40972 4.77904 3.62996
internal_count=2013 1923 1898 1260 464 227 638 106 532 348 75 237 796 81 184 715 90 70 49
is_linear=0
shrinkage=0.05


Tree=91
num_leaves=22
num_cat=0
split_feature=13 43 38 87 104 128 40 127 5 58 113 41 131 121 65 97 85 5 130 121 122
split_gain=3.04758 3.46312 4.72423 4.04217 5.4697 3.8623 3.74349 4.48057 5.72087 4.32408 5.68285 4.06901 5.30868 4.93206 4.05548 5.50583 3.60551 4.79845 2.31524 1.5685 0.183786
threshold=0.00035873724846169358 0.0021025987807661299 0.11678890138864519 0.031289859674870975 2.0184310674667363 0.0041494197212159642 0.10381457209587099 0.028011118993163112 0.091208945959806456 0.066256776452064528 0.24742542207241061 0.077228158712387099 0.030405405908823017 0.060831101611256606 0.16999162733554843 56.761451721191413 0.099439971148967757 0.12818878144025805 0.071443062275648131 0.062089117243886001 0.0086133428849279898
decision_type=2 2 2 2 2 2 2 2 2 2 2 2 2 2 2 2 2 2 2 2 2
left_child=20 2 3 4 -2 -6 7 11 -9 14 18 12 -3 -13 15 -8 19 -18 -11 -5 -1
right_child=1 6 -4 16 5 -7 9 8 -10 10 -12 13 -14 -15 -16 -17 17 -19 -20 -21 -22
leaf_value=0.034862582484172566 0.057823764838037008 0.0038424283756231248 0.036983784847311456 -0.024333395572072727 0.02536525587269577 -0.043888525688096688 0.038626429383013861 0.081763670364508628 0.0059893564563542299 0.071640694294959104 -0.037180106737527738 -0.023027258950533848 -0.013378168197761803 0.035162280532093089 -0.053982770389116877 -0.036410518672143281 0.032462581631838204 -0.040218018277195254 0.0092730108000238388 -0.054100265375730733 0.058400895996250118
leaf_weight=1.5427112095057958 3.4984477553516617 204.65000080689788 4.1575768887996665 7.3494171947240892 3.3263706713914853 5.0999743174761534 3.9201106131076866 4.0354217775166017 6.5081091895699501 3.101929619908331 3.6972823441028595 4.6378773078322437 57.280116353183985 16.949865551665425 9.0075728911906463 6.4949706494808197 4.5536427125334722 4.5301463417708874 2.8600642718374729 11.123521959409116 1.7932300399988887
leaf_count=21 19 1041 21 37 33 57 32 23 34 23 16 24 277 115 35 25 27 24 18 89 22
internal_value=-5.87461e-05 -0.000491442 -0.0137123 -0.0190508 0.00526947 -0.01655 0.00129398 0.00298638 0.0349912 -0.0158187 0.0115206 0.00179618 7.65469e-05 0.0226609 -0.0294151 -0.00816752 -0.0295751 -0.00378372 0.0417219 -0.0422576 0.0475156
internal_weight=370.118 366.782 43.6391 39.4815 11.9248 8.42634 323.143 294.061 10.5435 29.0819 9.65928 283.518 261.93 21.5877 19.4227 10.4151 27.5567 9.08379 5.96199 18.4729 3.33594
internal_count=2013 1970 307 286 109 90 1663 1514 57 149 57 1457 1318 139 92 57 177 51 41 126 43
is_linear=0
shrinkage=0.05


Tree=92
num_leaves=25
num_cat=0
split_feature=81 102 56 128 122 71 60 36 106 132 54 120 99 96 14 122 54 96 74 67 59 92 130 42
split_gain=3.01159 3.80889 5.66228 4.18642 3.75107 3.47926 6.65043 7.54847 6.44318 5.63917 4.83185 4.23132 7.09275 7.73444 4.77828 6.1486 5.26065 3.44038 2.92544 2.87019 2.60501 1.59239 0.853217 0.456957
threshold=2.9894769795646429e-05 131.22708129882815 0.063984774053096785 0.009932229761034252 0.012204772327095272 0.080217633396387114 0.0044941806700080642 0.078244581818580641 46.139139175415046 0.065650112926960005 0.0011858259094879033 0.014335281215608122 112.43431091308595 107.78220748901369 0.0036172671243548398 0.014781673904508354 0.00078722895705141138 146.28804016113284 8.9684312115423395e-05 0.098264109343290343 0.043317522853612907 0.027313854545354847 0.075399722903966918 0.034090002998709686
decision_type=2 2 2 2 2 2 2 2 2 2 2 2 2 2 2 2 2 2 2 2 2 2 2 2
left_child=18 5 3 20 17 11 7 21 -8 -9 -10 12 13 -2 16 -16 -13 -4 -1 22 23 -7 -20 -3
right_child=1 2 4 -5 -6 6 8 9 10 -11 -12 14 -14 -15 15 -17 -18 -19 19 -21 -22 -23 -24 -25
leaf_value=0.022501815548204292 0.011762354680454733 0.08113438751223713 0.056091399493083338 -0.014387843489171773 -0.045946058572245006 -0.059070371984008524 0.073007594441126603 -0.027203696379398425 0.067420338298910421 0.032765925630025103 -0.0045574308031231065 -0.023467376451053106 0.072328118425773011 -0.043956909000366987 -0.015824150664861533 0.0036685762816403666 0.02218381434961576 -0.01521229438019088 -0.031189567007240234 -0.0057562002004750788 0.018252146908647453 -0.017200688992468127 -0.062754274951848404 0.057023893404812023
leaf_weight=3.4886863641440895 47.262196553871036 2.8843535445630604 2.8428181335329992 3.1957535166293374 4.2295530922710896 5.1789110042154807 6.9420328326523331 5.6204426288604763 3.0860144346952429 12.957351066172121 9.5378830172121507 8.3260743580758554 4.1373469308018676 7.1734464131295672 119.07860207185149 61.270435810089111 26.070773901417851 4.1778285354375839 4.0639913138002175 7.6851793564856044 4.5271391086280337 4.0441458243876696 4.5242671240121126 6.1667607706040144
leaf_count=32 275 20 26 22 16 28 34 21 15 61 54 36 28 32 647 290 142 27 24 37 34 20 28 64
internal_value=-5.87944e-05 0.0010173 0.0186944 0.0371004 -0.008749 -0.00052747 0.0119829 -0.0037344 0.0343154 0.014623 0.0130381 -0.00269555 0.00921651 0.00441975 -0.00594463 -0.00920184 0.0111335 0.0136602 -0.0190469 -0.0279541 0.0492186 -0.0407113 -0.0478178 0.0647073
internal_weight=368.472 348.71 28.0242 16.774 11.2502 320.686 47.3668 27.8009 19.5659 18.5778 12.6239 273.319 58.573 54.4356 214.746 180.349 34.3968 7.02065 19.7621 16.2734 13.5783 9.22306 8.58826 9.05111
internal_count=2013 1892 209 140 69 1683 233 130 103 82 69 1450 335 307 1115 937 178 53 121 89 118 48 52 84
is_linear=0
shrinkage=0.05


Tree=93
num_leaves=14
num_cat=0
split_feature=37 13 42 43 75 126 115 29 128 90 14 82 49
split_gain=3.01093 3.23966 3.50203 3.92105 4.07526 4.56292 3.21807 8.6747 5.28532 3.17783 0.8109 0.109379 0.0505292
threshold=0.0023915816564112906 0.00035873724846169358 6.9754463766003041e-05 0.0021025987807661299 0.032904177904129035 0.087492898106575026 111.72847366333009 0.011210538912564518 0.0091003165580332297 0.0079619740135967749 0.027064732275903228 0.045131139457225806 0.1899613365530968
decision_type=2 2 2 2 2 2 2 2 2 2 2 2 2
left_child=10 11 -3 4 5 -4 8 -8 -5 -6 12 -2 -1
right_child=1 2 3 6 9 -7 7 -9 -10 -11 -12 -13 -14
leaf_value=-0.047589037700719372 0.040283813696291859 0.051313804026683577 0.026143248464736358 -7.7589978510935367e-06 0.021705226990259535 -0.021521145135614345 -0.041376739575298131 0.0016528787253113253 0.017300005540302407 -0.04493922426635092 -0.010549699802913873 0.059675434948306662 -0.060061174526090812
leaf_weight=1.8040598332881921 1.210067501291632 3.2992923334240905 8.6001387722790259 198.63236328214407 2.0721304155886164 12.065012866631148 15.419879112392662 48.719734136015177 56.700328607112169 13.078047301620243 1.6873445510864256 1.8222653474658725 1.4768967665731905
leaf_count=30 19 21 52 1062 16 53 70 216 303 118 19 22 12
internal_value=-5.79644e-05 0.000473176 3.79796e-05 -0.000438181 -0.016126 -0.00168483 0.00132055 -0.00869192 0.00383568 -0.0358241 -0.0387172 0.0519371 -0.0532033
internal_weight=366.588 361.619 358.587 355.288 35.8153 20.6652 319.472 64.1396 255.333 15.1502 4.9683 3.03233 3.28096
internal_count=2013 1952 1911 1890 239 105 1651 286 1365 134 61 41 42
is_linear=0
shrinkage=0.05


Tree=94
num_leaves=20
num_cat=0
split_feature=133 130 86 104 127 39 48 106 23 91 76 110 22 66 95 129 31 129 29
split_gain=2.99499 5.71717 5.18081 5.27833 4.41888 4.32315 4.26207 4.28521 5.56884 4.92557 4.24412 3.40912 3.12184 2.86281 2.75014 2.32538 1.31823 0.292627 0.076457
threshold=0.19543868303298953 0.095335200428962721 0.1259267404675484 0.22511682659387591 0.028011118993163112 0.064333543181419386 0.031040736474096779 43.965929031372077 0.058374522253870971 0.024533641524612907 0.0278519606217742 1.3374965190887453 0.090401787310838713 0.10439253598451616 0.011648995336145164 0.022116711363196376 0.019341915845870975 0.020950003527104858 0.020796795375645164
decision_type=2 2 2 2 2 2 2 2 2 2 2 2 2 2 2 2 2 2 2
left_child=2 4 3 11 6 -6 13 9 -9 -8 12 -1 -3 15 -5 -2 17 -16 -15
right_child=1 10 -4 14 5 -7 7 8 -10 -11 -12 -13 -14 18 16 -17 -18 -19 -20
leaf_value=0.048868386341283515 0.039140383871430054 0.078818554564921511 0.03620119091097445 -0.0072943317676712055 0.06529556671238966 -0.0038542912231055875 -0.022597850296215839 0.011076976395156762 -0.0067006582379030288 -0.0016945453317264237 -0.0086458171953787445 -0.016039115124530084 0.015651397415345644 0.068611087699542161 -0.049593747406689509 -0.038360990439943905 -0.0301652562403638 -0.068511631085207164 0.055413915056707098
leaf_weight=3.6008950248360652 2.0909357788041221 5.1985446438193303 4.4436673130840054 6.4180807247757938 5.0544593147933465 4.0886038020253181 43.342569500207901 98.19880641438067 79.888262823224068 80.566855946555734 3.810800662264227 4.616589805111289 3.1359060853719711 2.2437716666609049 3.7698920015245658 1.8019815143197773 6.8501323349773875 4.4653684496879578 2.1482165064662695
leaf_count=20 30 36 24 30 32 17 237 570 372 425 26 24 21 16 27 14 38 15 39
internal_value=-5.80528e-05 0.00139434 -0.0141537 -0.0216824 0.000114102 0.0343731 -0.000895407 -0.00186602 0.00310209 -0.00900636 0.0350652 0.0124033 0.0550514 0.0344848 -0.0347081 0.00326599 -0.0463713 -0.0598515 0.0621561
internal_weight=365.734 331.57 34.1646 29.721 319.424 9.14306 310.281 301.996 178.087 123.909 12.1453 8.21748 8.33445 8.28491 21.5035 3.89292 15.0854 8.23526 4.39199
internal_count=2013 1835 178 154 1752 49 1703 1604 942 662 83 44 57 99 110 44 80 42 55
is_linear=0
shrinkage=0.05


Tree=95
num_leaves=17
num_cat=0
split_feature=6 14 28 87 96 17 81 94 14 89 39 77 20 75 108 109
split_gain=2.95266 3.64333 3.3148 5.35063 4.89575 4.65962 5.75274 4.22959 6.87542 3.39049 3.27931 3.14395 2.0233 0.774019 0.745058 0.0338375
threshold=0.21126634627580645 6.9754463766003041e-05 0.0084502552635967749 0.12199059501290323 103.7777557373047 0.025560028851032261 0.091966278851032271 0.00080715882359072577 0.001773756346665323 0.10241948068141939 0.082091040909290328 0.002281967550516129 0.084293287247419371 0.047672193497419364 17.20567607879639 67.023105621337905
decision_type=2 2 2 2 2 2 2 2 2 2 2 2 2 2 2 2
left_child=1 14 4 7 5 12 -7 -4 -9 10 -5 -6 -3 -13 -1 -16
right_child=-2 2 3 9 11 6 -8 8 -10 -11 -12 13 -14 -15 15 -17
leaf_value=0.011481765240795756 -0.045132312489601471 -0.050421633447111341 -0.04676917260883906 0.011723525058710065 0.0011807684125678904 0.0144672826518936 -0.012527081846570698 0.063255239784911363 0.00073333347286471783 -0.00017553830164199368 0.067548667389871697 -0.059295754366308233 -0.01227540440384765 -0.028632955793740634 0.054447317133426869 0.064939229630362513
leaf_weight=1.1137164421379555 3.5970573257654896 6.4765541516244394 4.541011966764926 4.2516687177121657 4.2317205518484107 40.673448784276843 38.341080317273736 4.4855142403393975 223.29983163252473 6.0693124346435061 6.8997712694108486 7.0092108752578479 7.5033990703523159 2.9136329330503941 1.7162700109183791 1.3915532827377317
leaf_count=10 19 32 16 21 21 204 240 42 1183 34 39 37 39 32 33 11
internal_value=-5.58734e-05 0.000393377 -0.000153137 0.00300527 -0.00750897 -0.00333927 0.00136851 0.00101197 0.00196451 0.029897 0.0462644 -0.0349036 -0.0299476 -0.0502923 0.0465707 0.0591452
internal_weight=364.515 360.918 356.696 249.547 107.149 92.9945 79.0145 232.326 227.785 17.2208 11.1514 14.1546 13.98 9.92284 4.22154 3.10782
internal_count=2013 1994 1940 1335 605 515 444 1241 1225 94 60 90 71 69 54 44
is_linear=0
shrinkage=0.05


Tree=96
num_leaves=31
num_cat=0
split_feature=81 78 4 84 28 67 122 119 32 126 126 95 107 33 124 30 63 110 73 53 56 85 28 39 28 127 128 44 108 26
split_gain=2.91216 3.46555 6.20454 8.11401 7.72024 6.64383 7.08693 5.62004 4.29274 4.26916 4.18417 8.19576 6.8558 3.76083 5.27588 5.91715 4.57269 3.29454 2.70708 2.47947 2.34386 2.3224 1.39882 1.10471 0.858351 0.762995 0.316007 0.0509552 0.0389493 0.0330749
threshold=2.9894769795646429e-05 0.00068757974077016126 0.10179169103503229 0.083994340151548399 0.011369977612048389 0.13817363232374194 0.012143900617957117 0.054875820875167854 0.053700972348451621 0.047114683315157897 0.1087574064731598 0.02861926052719355 0.62682762742042553 0.16276706010103228 0.015857073478400711 0.006128427805379034 0.0296655772253871 1.5458776354789736 4.9824617235572084e-05 0.0044941806700080642 0.021115672774612907 0.089205995202064528 0.017309071496129039 0.09350087866187097 0.016850685700774196 0.020260124467313293 0.0071930037811398515 0.0042749519925564536 73.822116851806655 0.0331034753471613
decision_type=2 2 2 2 2 2 2 2 2 2 2 2 2 2 2 2 2 2 2 2 2 2 2 2 2 2 2 2 2 2
left_child=18 2 3 5 7 6 -2 -4 13 19 12 -12 -11 14 15 -3 -16 22 -1 27 23 29 -5 28 -6 -26 -7 -10 -20 -15
right_child=1 8 4 17 24 26 -8 -9 9 10 11 -13 -14 21 16 -17 -18 -19 20 -21 -22 -23 -24 -25 25 -27 -28 -29 -30 -31
leaf_value=0.027451487737969366 0.022006114957280269 0.039439669259487657 -0.028679239326459955 -0.057702531311461094 0.088495861900320993 0.043515081904459595 -0.014879853007396132 0.047607519682884569 -0.049465982088831274 -0.0093391095810459665 0.0092616524974873243 -0.043798677255189628 0.014786199575175558 -0.054109195619063445 -0.006036413050025129 -0.0094923736989086759 -0.043829371068179891 0.0031742710878722991 -0.06198469293933756 -0.0010192674581141377 -0.0072793285585210634 -0.0013943236706041953 -0.023718651342804598 -0.020077967475475592 0.029610572469187326 0.065970166574524564 0.066995111441443961 -0.059485654383657188 -0.053613294261201018 -0.0611048174513424
leaf_weight=2.7075214423239258 29.484621293842793 9.7850958611816186 5.8602078109979647 6.3913159221410769 2.7936483547091466 2.1330303363502017 23.322244880720973 4.1056600213050842 2.4443506076931936 42.436190519481897 17.152993021532897 12.640846859663723 96.212811360135674 3.9300356209278089 19.743402119725943 16.761182153597474 13.460307799279688 6.2077965661883345 2.8602250367403048 3.7372835427522659 8.1453854441642743 2.565862949937582 5.7541106194257736 2.9526717290282249 2.0011407667770982 5.1718762647360563 4.366234453395009 2.6386054456233978 2.7020753268152475 2.9638165347278118
leaf_count=26 196 55 31 21 16 20 102 25 32 201 81 60 535 37 93 85 58 33 10 29 39 18 27 16 26 52 35 12 30 12
internal_value=-5.38771e-05 0.00100803 0.00898272 0.00259565 0.0338675 0.0115864 0.00571536 0.00274878 -0.00214958 0.00197355 0.00374915 -0.0132506 0.00740219 -0.0127099 -0.00807228 0.00854423 -0.0213571 -0.0264569 -0.0189184 -0.0319357 -0.026454 -0.0420026 -0.0416021 -0.0447965 0.0649837 0.0558265 0.0592891 -0.0546673 -0.057918 -0.0571168
internal_weight=363.433 344.065 97.5919 77.6594 19.9325 59.3061 52.8069 9.96587 246.473 177.263 168.443 29.7938 138.649 69.2097 59.75 26.5463 33.2037 18.3532 19.3679 8.82024 16.6604 9.45972 12.1454 8.51497 9.96667 7.17302 6.49926 5.08296 5.5623 6.89385
internal_count=2013 1892 584 434 150 353 298 56 1308 950 877 141 736 358 291 140 151 81 121 73 95 67 48 56 94 78 55 44 40 49
is_linear=0
shrinkage=0.05


Tree=97
num_leaves=13
num_cat=0
split_feature=103 125 104 92 37 15 80 100 62 10 53 18
split_gain=2.83518 4.77011 3.24691 3.91503 3.25861 3.27185 6.40577 5.89105 3.00323 0.736571 0.362625 0.113702
threshold=82.330219268798842 0.081699945032596602 -0.81801742315292347 0.16618502885103228 0.0023915816564112906 0.051548548042774207 0.0743682235479355 80.761455535888686 0.01312380423769355 0.063097894191741957 0.007922114338725807 0.057049186900258071
decision_type=2 2 2 2 2 2 2 2 2 2 2 2
left_child=2 8 9 4 10 7 -7 -6 11 -1 -4 -2
right_child=1 -3 3 -5 5 6 -8 -9 -10 -11 -12 -13
leaf_value=0.016552322889300315 0.05800429398371857 -0.031814136342142321 -0.05597963166719943 -0.047411689008374586 0.0036375696586129825 -0.015691988057615371 0.016850579718453971 -0.060160362694857084 0.0068165786855845806 0.061388540059766177 -0.025531964022428584 0.072392658880907151
leaf_weight=1.4705790514126413 3.1295923292636854 2.966822173446416 2.6256226524710646 4.5623151417821637 244.81370257027447 68.641732012853026 19.394643044099212 3.6727088615298262 3.8310986422002316 2.4289746601134539 1.5582448095083234 2.446320341899991
leaf_count=22 31 17 34 26 1282 399 108 11 21 29 18 15
internal_value=-5.53355e-05 0.0234651 -0.000888853 -0.00140126 -0.000785148 -0.000239921 -0.00852278 0.00269462 0.0408993 0.0444801 -0.0446397 0.0643169
internal_weight=361.542 12.3738 349.169 345.269 340.707 336.523 88.0364 248.486 9.40701 3.89955 4.18387 5.57591
internal_count=2013 84 1929 1878 1852 1800 507 1293 67 51 52 46
is_linear=0
shrinkage=0.05


Tree=98
num_leaves=18
num_cat=0
split_feature=25 20 78 40 127 35 131 48 25 49 30 30 44 54 125 104 54
split_gain=2.77794 4.5347 5.2068 3.97306 4.2917 4.85492 3.76946 4.50923 4.04641 3.50863 4.52744 2.94486 3.70661 4.89473 2.55131 2.23091 0.58579
threshold=0.12095424160361291 0.071498323231935515 0.0015047034248709681 0.10381457209587099 0.028011118993163112 0.11192601919174196 0.036786787211894996 0.031040736474096779 0.042699696496129043 0.42013114690780645 0.022749920375645164 0.00074736925307661306 0.015615035314112903 0.0096759404987096804 0.076099749654531493 1.4965251684188845 0.012177136261016132
decision_type=2 2 2 2 2 2 2 2 2 2 2 2 2 2 2 2 2
left_child=3 2 14 4 6 16 7 15 -9 10 -8 -5 -13 -14 -2 -1 -6
right_child=1 -3 -4 11 5 -7 9 8 -10 -11 -12 12 13 -15 -16 -17 -18
leaf_value=0.058839949330399634 0.006557397095062434 0.062251586744676596 -0.02589833250209167 0.019725559773559258 0.046087574989826678 -0.00070978190187945636 -0.047776098348410657 -0.0049690266610447715 0.0073341214784486287 0.02168143856381367 0.0046729827559018845 -0.055269838203049509 0.033291078085729731 -0.040047074207986595 0.07311443301052134 -0.011558680326476634 0.077673164173830384
leaf_weight=4.8505257638171306 2.9636239502578992 4.5711616445332757 6.7110723108053207 3.4980255644768503 2.8842117115855199 6.4334855750203133 12.064730204641824 172.83874408714473 108.96330847498029 4.0228724665939799 6.2438789531588546 8.1072276309132594 3.9413929618895036 5.3816971387714148 2.800366248935461 1.4653339609503744 2.9893771894276142
leaf_count=72 28 32 30 22 21 30 66 957 562 26 32 34 30 24 19 9 19
internal_value=-5.30321e-05 0.0196488 0.00403808 -0.00103021 0.000338723 0.0292965 -0.000809244 0.000724624 -0.000211816 -0.020599 -0.0298891 -0.0221419 -0.0305441 -0.00904292 0.0388933 0.0425069 0.0621631
internal_weight=360.731 17.0462 12.4751 343.685 322.756 12.3071 310.449 288.118 281.802 22.3315 18.3086 20.9283 17.4303 9.32309 5.76399 6.31586 5.87359
internal_count=2013 109 77 1904 1794 70 1724 1600 1519 124 98 110 88 54 47 81 40
is_linear=0
shrinkage=0.05


Tree=99
num_leaves=12
num_cat=0
split_feature=6 14 46 65 92 57 10 48 53 109 105
split_gain=2.77072 3.338 3.15092 3.72702 3.4655 3.62432 3.38642 2.11725 0.852027 0.580509 0.031764
threshold=0.21126634627580645 6.9754463766003041e-05 0.096719548106193556 0.12640506029129031 0.16618502885103228 0.37960380315780645 0.021653778851032261 0.093441087752580657 2.9894769795646429e-05 46.34814643859864 35.104572296142585
decision_type=2 2 2 2 2 2 2 2 2 2 2
left_child=1 8 4 -4 5 6 -3 -7 -1 -5 -10
right_child=-2 2 3 9 -6 7 -8 -9 10 -11 -12
leaf_value=0.0041855914065294019 -0.044319688762645137 -0.010199205587822842 -0.003757807049932037 0.044860803060143589 -0.0421831756942058 0.010051959569061566 0.0016747988864477669 0.056612655850158705 0.06512070563651523 0.080799348609616309 0.054562881843684186
leaf_weight=0.94780414178967376 3.5001422613859168 79.163438476622105 4.3716505467891675 2.5178936943411827 5.0084224287420502 5.920803680084644 248.64879780076444 4.1550082229077816 1.1186104640364649 2.0291956961154938 1.9618094284087417
leaf_count=7 19 447 29 35 30 66 1287 33 10 13 37
internal_value=-5.08808e-05 0.000384555 -0.000133628 0.0292064 -0.000896763 -0.000284786 -0.00119266 0.0292524 0.0456414 0.0608988 0.0583968
internal_weight=359.344 355.843 351.815 8.91874 342.896 337.888 327.812 10.0758 4.02822 4.54709 3.08042
internal_count=2013 1994 1940 77 1863 1833 1734 99 54 48 47
is_linear=0
shrinkage=0.05


Tree=100
num_leaves=21
num_cat=0
split_feature=133 130 86 104 50 128 15 76 127 106 127 70 22 110 39 72 3 63 63 110
split_gain=2.81352 5.08 4.69992 4.67379 4.17901 6.70342 4.63628 3.8656 3.59058 3.72376 6.2923 4.62153 3.07395 3.04746 2.8514 2.66718 2.85433 2.56581 1.21942 0.80046
threshold=0.19543868303298953 0.095335200428962721 0.1259267404675484 0.22511682659387591 0.17567163705825808 0.0077814301475882539 0.034827407449483878 0.0278519606217742 0.028011118993163112 46.41186714172364 0.01910356339067221 0.067592076957225813 0.090401787310838713 1.3374965190887453 0.064333543181419386 0.014249840285629036 0.10908601805567743 0.012944435700774195 0.010403380263596775 0.42445600032806402
decision_type=2 2 2 2 2 2 2 2 2 2 2 2 2 2 2 2 2 2 2 2
left_child=2 4 3 13 8 17 18 12 9 11 -11 -2 -3 -1 -10 -5 19 -6 -7 -17
right_child=1 7 -4 15 5 6 -8 -9 14 10 -12 -13 -14 -15 -16 16 -18 -19 -20 -21
leaf_value=0.045806497304589903 -0.013815025366913794 0.077402551253879417 0.034446379355355675 0.0042245615605840652 0.0099494975245716932 0.056070141899982565 0.0055722736382651065 -0.0083744096295096191 0.060221149169037202 0.01415832382785475 -0.0065390222480923819 0.0061062603015018804 0.013553906298719644 -0.016192009392196179 -0.0010428618338194837 -0.037534018428244983 -0.010252903250259319 -0.049437395725681774 0.099498769698600942 -0.064687097611016028
leaf_weight=3.5423917695879954 99.570343949832022 4.9789053723216039 4.3621200360357753 3.7770124729722765 5.1433557830750969 3.62221886590123 3.7258716523647308 3.732993794605135 4.1968628820031872 70.557978928089142 76.573793610557914 41.143109270371497 3.03370201587677 4.4997964892536402 3.4692888185381889 4.1328233089298028 4.9466172829270354 2.8138183131814003 2.9188947081565857 7.907154381275177
leaf_count=20 572 36 24 27 36 28 31 26 27 409 395 211 21 24 15 32 24 15 13 27
internal_value=-4.75966e-05 0.0013661 -0.0139204 -0.0212447 0.000157467 0.0233949 0.0500913 0.0336498 -0.00127558 -0.00217503 0.00338652 -0.00799025 0.0532284 0.0111169 0.0324963 -0.033779 -0.0422292 -0.0110509 0.0754497 -0.0553666
internal_weight=358.649 325.481 33.1679 28.8058 313.736 18.2242 10.267 11.7456 295.511 287.845 147.132 140.713 8.01261 8.04219 7.66615 20.7636 16.9866 7.95717 6.54111 12.04
internal_count=2013 1835 178 154 1752 123 72 83 1629 1587 804 783 57 44 42 110 83 51 41 59
is_linear=0
shrinkage=0.05


Tree=101
num_leaves=17
num_cat=0
split_feature=19 3 101 114 84 62 46 1 74 101 2 101 82 55 34 31
split_gain=2.68627 3.58752 4.07144 5.35807 4.1736 8.69768 4.71326 4.08722 3.78663 2.77266 3.50226 2.97518 4.60701 0.163794 0.00144199 9.28807e-05
threshold=0.1739875674247742 0.17474489659070971 3.2790094614028935 34.590147018432624 0.13992746174335483 0.0057298310566693553 0.0099549586884677427 0.00040856187115423387 0.041852677240967757 1.5243360400199892 0.045180963352322585 0.80185016989707958 0.089066486805677428 0.0070452007930725822 0.057218590751290328 0.00084701849846169363
decision_type=2 2 2 2 2 2 2 2 2 2 2 2 2 2 2 2
left_child=1 2 3 7 6 -6 -5 -1 -9 10 -2 -12 -13 -11 15 -4
right_child=9 -3 14 4 5 -7 -8 8 -10 13 11 12 -14 -15 -16 -17
leaf_value=-0.027606683740471982 -0.053687818502226592 0.048668140249758685 -0.051898467080644911 -0.0078730995426650168 -0.023765488323074367 0.06352433254667765 0.0049376414539407725 0.043482457769666472 -0.00068103525653512092 -0.037998362700947676 -0.027013273646313698 0.066330416711536805 -0.0077813263730218242 -0.055341244982115206 -0.053793388713783967 -0.051269586350799735
leaf_weight=3.5195354446768787 3.2152477260679069 3.9128831010311833 1.4799201413989065 156.65927984751761 4.7872222093865258 7.0658157840371132 132.54376450646669 16.177473427727822 6.9339781589806071 2.4551754593849173 4.8644255958497515 3.4872442521154863 5.2596318535506725 3.0560702681541443 1.1521260030567644 0.97322773560881604
leaf_count=29 21 32 23 807 33 36 716 120 45 23 26 21 28 19 12 22
internal_value=-4.64695e-05 0.00107231 0.00051016 0.00109156 -0.000810015 0.0282696 -0.00200185 0.0225884 0.0302324 -0.0168351 -0.00675363 0.00433312 0.0217659 -0.0476153 -0.0523343 -0.051649
internal_weight=357.543 335.205 331.292 327.687 301.056 11.853 289.203 26.631 23.1115 22.3378 16.8265 13.6113 8.74688 5.51125 3.60527 2.45315
internal_count=2013 1875 1843 1786 1592 69 1523 194 165 138 96 75 49 42 57 45
is_linear=0
shrinkage=0.05


Tree=102
num_leaves=16
num_cat=0
split_feature=104 92 77 61 60 73 22 121 76 123 12 2 76 0 131
split_gain=2.59472 3.77077 3.03145 3.34334 6.16999 5.81906 9.2403 4.39678 3.68337 3.27811 2.08118 0.655227 0.0308323 0.000281028 7.75729e-05
threshold=-0.75156724452972401 0.16618502885103228 0.12882652878761294 0.016581633128225807 0.020139110274612907 0.014349489938467743 0.08578802272677423 0.039708627387881286 0.11784518510103227 0.003581283963285387 0.019112722948193554 0.13465601205825808 0.0022122130030766134 0.095015548169612898 0.028964775614440445
decision_type=2 2 2 2 2 2 2 2 2 2 2 2 2 2 2
left_child=10 2 3 4 8 6 -5 -6 -2 -7 -1 13 -12 14 -4
right_child=1 -3 11 5 7 9 -8 -9 -10 -11 12 -13 -14 -15 -16
leaf_value=-0.01006667757951933 -0.00038626093587277595 -0.045552882507365153 -0.051861659972239738 0.06195238678900309 -0.039758580101153386 0.0017917452470448719 -0.02243644352205584 0.033674951777848919 0.049905777281474807 -0.03760607006739497 0.054340723310463024 -0.0070852335278812524 0.064146368526562164 -0.052523651581310699 -0.051239165179803571
leaf_weight=1.6098366575315584 275.53525878395885 4.5931248720735303 1.1337848734110592 5.7054181806743127 2.2504228577017811 7.3067640624940422 7.5184014663100243 21.633803185075521 3.6894689798355094 19.032775517553091 1.5063054198399188 1.0743445940315721 1.7137142382562158 1.3221019897609947 0.89596222713589657
leaf_count=18 1498 27 19 31 10 43 27 126 22 93 28 16 15 18 22
internal_value=-4.64275e-05 -0.0005463 4.92687e-05 0.00058033 0.00236463 -0.0130898 0.0139731 0.0267559 0.000278261 -0.0266769 0.0363523 -0.0410651 0.0595593 -0.0519564 -0.0515869
internal_weight=356.521 351.692 347.099 342.672 303.109 39.5634 13.2238 23.8842 279.225 26.3395 4.82986 4.42619 3.22002 3.35185 2.02975
internal_count=2013 1952 1925 1850 1656 194 58 136 1520 136 61 75 43 59 41
is_linear=0
shrinkage=0.05


Tree=103
num_leaves=21
num_cat=0
split_feature=103 125 118 5 5 55 91 51 101 114 122 52 104 40 25 40 112 105 15 73
split_gain=2.56338 3.59799 4.0806 3.02848 4.82845 4.988 6.10199 5.16301 4.95491 5.01555 4.77724 4.2981 3.90945 3.83426 4.10064 2.48141 2.10496 0.80998 0.472762 0.325739
threshold=82.330219268798842 0.081233259290456786 0.092139437794685378 0.064961336553096785 0.066924426704645171 0.00022919323964742946 0.029984454624354843 0.00072743941564112913 1.5824530720710757 91.253524780273452 0.0078423018567264097 0.092055961489677443 -0.75156724452972401 0.10030692070722581 0.098323900252580657 0.139040581882 54.954755783081062 37.586286544799812 0.15116789191961291 0.0050123564433306464
decision_type=2 2 2 2 2 2 2 2 2 2 2 2 2 2 2 2 2 2 2 2
left_child=3 2 -2 11 16 6 7 -6 9 -7 -8 12 19 14 -14 -15 -5 -10 -4 -1
right_child=1 -3 18 4 5 8 10 -9 17 -11 -12 -13 13 15 -16 -17 -18 -19 -20 -21
leaf_value=0.030034869332942873 -0.010658831848904907 -0.023498193372091664 0.0489503426138043 0.0017044726264515955 -0.027054568935927382 0.0044634365725541459 -0.0069265244318788477 0.028930607613533089 -0.022804437558096878 -0.019562408029867945 0.059177858577981225 0.044939089924174558 -0.0081703648652868815 -0.05018886847663321 0.030681771916583941 -0.0056692314420296562 0.062248705889249412 -0.056879250725235066 0.076926906063780262 0.062705666882947278
leaf_weight=1.3735395800322288 2.8372195065021497 3.1275799237191668 3.2419636398553848 2.0357265919446936 8.8304491005837971 119.02201943472028 3.6064325477927914 7.716883957386016 3.0112752094864836 26.571525514125824 11.286448302678762 4.0174349658191195 124.76400110498071 8.6105226427316648 7.1824102923274031 4.9174134843051425 4.8699453920125961 4.1440771222114563 2.8266922384500504 1.7162270583212373
leaf_count=24 18 18 32 12 46 635 23 46 25 105 79 20 733 36 43 30 28 26 16 18
internal_value=-4.56839e-05 0.0226377 0.0388398 -0.000839919 0.00335413 0.0018152 0.0199515 -0.000945763 -0.00191778 7.86038e-05 0.0431701 -0.00609259 -0.00747258 -0.00865464 -0.00605548 -0.034006 0.0444008 -0.0425391 0.0619814 0.048182
internal_weight=355.71 12.0335 8.90588 343.676 191.095 184.189 31.4402 16.5473 152.749 145.594 14.8929 152.582 148.564 145.474 131.946 13.5279 6.90567 7.15535 6.06866 3.08977
internal_count=2013 84 66 1929 1025 985 194 92 791 740 102 904 884 842 776 66 40 51 48 42
is_linear=0
shrinkage=0.05


Tree=104
num_leaves=18
num_cat=0
split_feature=6 14 110 110 125 120 60 131 126 120 124 69 53 75 105 6 39
split_gain=2.50916 3.11101 2.8185 4.29064 5.39103 3.72028 7.29987 6.92228 3.42969 6.00771 7.71055 2.31691 0.810526 0.0878202 0.0287369 0.0167219 0.00102909
threshold=0.21126634627580645 6.9754463766003041e-05 -0.59144088625907887 -0.40110798180103296 0.09474677219986917 0.014862835872918369 0.0086993779987096804 0.018393393605947498 0.086985636502504363 0.026550198905169967 0.01137285912409425 0.035574777051806457 2.9894769795646429e-05 0.031509088352322585 35.104572296142585 0.051000477746129043 0.010323660913854839
decision_type=2 2 2 2 2 2 2 2 2 2 2 2 2 2 2 2 2
left_child=1 12 8 4 11 6 -5 -7 9 10 -3 -4 -1 -11 -14 -10 -17
right_child=-2 2 3 5 -6 7 -8 -9 15 13 -12 -13 14 -15 -16 16 -18
leaf_value=0.0046531285060974264 -0.042774837150619596 -0.023221659360659869 0.0408986894865596 -0.0017945305577384296 0.090077318606435752 -0.02522488903692004 0.03225534393289782 0.00027821952159598522 -0.047539717425295454 -0.036852243851412801 0.075505264700338123 -0.026363986462791242 0.064597940901198289 -0.053006914818747433 0.054300019725573391 -0.052694634927222234 -0.054309426674269939
leaf_weight=0.93813665211200659 3.4025640860199919 4.3472442794591206 2.4458379261195642 44.118979439139366 2.9982143566012383 30.23216493614018 24.471676075831056 221.91900933161378 1.673847222700714 1.0918132737278936 3.6282601822167635 2.6865327004343271 1.0726067014038565 3.666182292625308 1.8388943122699855 1.9694540649652483 1.9771297872066496
leaf_count=7 19 51 17 241 15 141 142 1142 24 12 35 24 10 56 37 25 15
internal_value=-4.4437e-05 0.000369698 -0.000125893 0.000938308 0.0368085 2.90223e-05 0.0103537 -0.00277953 -0.0191946 -0.00483498 0.0216917 0.00569013 0.0450706 -0.0492999 0.0580938 -0.0517275 -0.0535036
internal_weight=354.479 351.076 347.226 328.872 8.13058 320.742 68.5907 252.151 18.3539 12.7335 7.9755 5.13237 3.84964 4.758 2.9115 5.62043 3.94658
internal_count=2013 1994 1940 1722 56 1666 383 1283 218 154 86 41 54 68 47 64 40
is_linear=0
shrinkage=0.05


Tree=105
num_leaves=22
num_cat=0
split_feature=25 20 78 90 42 122 126 42 6 83 122 86 15 64 55 73 9 91 125 133 48
split_gain=2.43663 4.14833 4.85401 3.81733 5.6682 5.11586 3.76643 3.76284 4.62255 4.51674 4.31429 4.09562 3.52538 3.49021 5.09692 5.08899 3.11668 2.45446 2.31176 1.2047 0.509757
threshold=0.12095424160361291 0.071498323231935515 0.0015047034248709681 0.084213569760322585 0.0706014819443226 0.0059146983548998841 0.049042284488677985 0.086535397917032256 0.10074537619948389 0.046536192297935493 0.011778670828789474 0.065788421779871001 0.0056002871133387097 0.34032207727432257 0.010313695762306454 0.082539461553096785 0.055873326957225806 0.092464521527290358 0.076099749654531493 0.31405730545520788 0.22243702411651614
decision_type=2 2 2 2 2 2 2 2 2 2 2 2 2 2 2 2 2 2 2 2 2
left_child=3 2 18 4 6 -5 12 8 17 10 -9 -11 -1 15 -15 -8 -6 -7 -2 -14 -18
right_child=1 -3 -4 5 16 7 13 9 -10 11 -12 -13 19 14 -16 -17 20 -19 -20 -21 -22
leaf_value=0.0066616628078659743 0.0068686176541909658 0.060126011608514107 -0.02569864388677013 0.05086828129723845 0.0078281316384353553 -0.055113188020065013 -0.0055157987233264618 0.016874771677151335 0.014304900058651281 0.071645441115760752 -0.048671525171855884 -0.01699708972596654 -0.013152100486847257 0.0026597568478673559 0.032376692029683907 0.019301696287047879 0.049919068165500208 -0.017901939433006928 0.071329561023780366 -0.056591261729952984 0.081060472544499967
leaf_weight=5.181079037487506 2.8956165891140717 4.4249906167387953 6.5301737710833549 2.7581928810104719 4.4665487539023143 12.909665523096924 170.64980792906135 4.4538247529417259 4.4095964189618817 3.2722301036119452 5.7534862589091063 2.1654219087213278 2.1314477678388339 57.952019646763802 19.21278352662921 23.501194044947624 2.7895050775259733 6.7477458491921416 2.6765107251703739 6.3544167689979076 2.4845166616141796
leaf_count=38 28 32 30 23 32 57 928 33 27 33 23 12 23 296 112 140 27 38 19 47 15
internal_value=-4.54814e-05 0.018699 0.00355194 -0.000964228 0.00105528 -0.0149787 -0.000226664 -0.0195521 -0.0319613 -0.000462716 -0.0200713 0.0363456 -0.0258377 0.00106344 0.0100588 -0.00251174 0.0385614 -0.0423398 0.0378317 -0.0456804 0.0645893
internal_weight=353.721 16.5273 12.1023 337.193 294.723 42.4702 284.983 39.712 24.067 15.645 10.2073 5.43765 13.6669 271.316 77.1648 194.151 9.74057 19.6574 5.57213 8.48586 5.27402
internal_count=2013 109 77 1904 1658 246 1584 223 122 101 56 45 108 1476 408 1068 74 95 47 70 42
is_linear=0
shrinkage=0.05


Tree=106
num_leaves=23
num_cat=0
split_feature=81 48 78 107 88 22 122 49 60 120 23 125 129 121 125 129 40 83 107 95 37 99
split_gain=2.40936 2.95755 2.99506 5.3042 4.9599 4.84539 6.41287 4.43054 8.80556 8.42732 4.33477 4.09157 3.87859 5.45312 2.86186 3.45255 2.58279 4.19027 1.02279 0.782026 0.565047 0.338508
threshold=2.9894769795646429e-05 0.031040736474096779 0.00068757974077016126 -1.0000000180025095e-35 0.11331114545464517 0.1042231358587742 0.012103319633752109 0.23422552645206454 0.0044941806700080642 0.014558477327227594 0.1300422474741936 0.066045776009559645 0.021193490363657478 0.058000568300485618 0.074395343661308302 0.023060222156345848 0.054278938099741943 0.017627949826419357 0.54045912623405468 0.041284678503870971 0.091129224747419371 108.06786346435548
decision_type=2 2 2 2 2 2 2 2 2 2 2 2 2 2 2 2 2 2 2 2 2 2
left_child=16 14 3 12 7 6 -5 9 -9 -4 20 -7 21 -14 15 -2 18 -18 -1 -16 -6 -3
right_child=1 2 4 5 10 11 -8 8 -10 -11 -12 -13 13 -15 19 -17 17 -19 -20 -21 -22 -23
leaf_value=-0.016807501545298309 0.042122446016608805 0.07228025265354894 0.018735909329608259 0.010571246084820667 -0.03846375861957517 -0.01639772397206762 -0.023120104669527651 -0.0055932371291885427 0.026875388207857506 -0.013041158772667786 0.0013484921655722126 0.03762207002559409 -0.058321656452707073 0.038464233970122497 0.064614336414247756 -0.04069901905134183 -0.029234450344626864 0.031942709086607859 -0.056753937943295189 0.024569294280823148 -0.062596214822042792 0.050563339048546277
leaf_weight=2.5467387735843685 2.4512538574635965 3.6891448162496072 26.058845495805144 31.16085671633482 4.7515367232263106 4.6356102265417602 25.832961529493332 50.219127321615815 35.74531177803874 104.66504871845245 6.7677088696509591 14.375679615885018 2.0850103907287121 4.8189102159813046 3.7597995456308126 2.5856459029018879 6.56620238535106 4.8786335308104753 4.3214426059275866 1.8042075671255586 4.9551853835582733 3.4936766186729074
leaf_count=21 33 23 161 193 26 23 106 263 171 579 33 77 9 45 38 15 39 28 33 32 20 45
internal_value=-4.43312e-05 0.000924273 7.20456e-05 0.00781465 -0.00291962 0.00259164 -0.00469966 -0.000908843 0.00790771 -0.00670663 -0.0293674 0.0244502 0.0359955 0.00923453 0.0269113 -0.000393187 -0.0177025 -0.00315623 -0.0419417 0.0516292 -0.0507831 0.0617173
internal_weight=352.169 333.856 323.255 90.0919 233.163 76.0051 56.9938 216.688 85.9644 130.724 16.4744 19.0113 14.0867 6.90392 10.6009 5.0369 18.313 11.4448 6.86818 5.56401 9.70672 7.18282
internal_count=2013 1892 1774 521 1253 399 299 1174 434 740 79 100 122 54 118 48 121 67 54 70 46 68
is_linear=0
shrinkage=0.05


Tree=107
num_leaves=15
num_cat=0
split_feature=101 90 90 43 39 80 129 72 42 75 28 50 5 34
split_gain=2.42134 3.66356 6.54445 3.85965 3.60455 4.74135 3.4523 3.78892 3.4159 4.13965 2.89896 0.894693 0.699098 0.000924829
threshold=3.2790094614028935 0.0079619740135967749 0.010104432236403229 0.0021025987807661299 0.0072743939235806474 0.1165696755051613 0.030861943028867248 0.061274314299225814 6.9754463766003041e-05 0.019670759327709678 0.0028200733941048388 0.034488599747419364 0.042231345549225814 0.044852118939161308
decision_type=2 2 2 2 2 2 2 2 2 2 2 2 2 2
left_child=1 4 11 8 10 -6 7 -5 -4 -10 -1 -3 13 -2
right_child=12 2 3 6 5 -7 -8 -9 9 -11 -12 -13 -14 -15
leaf_value=0.032085569675546786 -0.051607307293881688 -0.062510283601976233 0.030657391655216238 5.7155422892287639e-05 -0.00019459292057616586 0.074850195555130616 -0.031980748095805346 0.014277572249064487 0.00078852322548505355 -0.039051323917835806 -0.035275635819986481 -0.028316756192304338 -0.0037830439275429889 -0.053439920168301784
leaf_weight=2.9731393828988066 1.6224475912749765 4.0459376815706483 3.3923608325421837 227.1774943433702 3.4828055556863529 5.319414958357811 7.2360621765255919 59.008327973075211 11.113015848211946 15.777235601097344 3.4513022191822529 3.6289221942424774 1.0032987128943203 1.1958473455160854
leaf_count=17 31 17 25 1253 20 32 30 313 60 135 23 25 18 14
internal_value=-4.35665e-05 0.000392852 -0.000709051 0.000372893 0.0243737 0.045157 0.00212685 0.00298925 -0.016622 -0.0225866 -0.00410184 -0.0463425 -0.0396253 -0.0523849
internal_weight=350.428 346.606 331.379 323.704 15.2267 8.80222 293.422 286.186 30.2826 26.8903 6.42444 7.67486 3.82159 2.81829
internal_count=2013 1950 1858 1816 92 52 1596 1566 220 195 40 42 63 45
is_linear=0
shrinkage=0.05


Tree=108
num_leaves=23
num_cat=0
split_feature=133 130 86 104 128 115 114 45 93 113 28 50 101 70 56 124 79 110 95 74 31 28
split_gain=2.37238 4.44471 4.18057 4.27814 3.92349 11.8525 8.07605 6.48397 5.1971 4.88767 4.576 4.1497 6.3363 5.25045 3.59936 3.50544 2.82165 2.61264 2.59389 2.5907 1.21772 0.223382
threshold=0.19543868303298953 0.095335200428962721 0.1259267404675484 0.22511682659387591 0.0091003165580332297 109.60233306884767 92.187957763671889 0.00102638709358871 0.052644690498709686 -0.22767624258995053 0.021633848547935489 0.071338884532451644 0.011469240766018631 0.11397879570722581 0.042261241003870971 0.013503368478268387 0.0150071750395 1.3374965190887453 0.011648995336145164 0.021414620801806453 0.019341915845870975 0.036989795044064529
decision_type=2 2 2 2 2 2 2 2 2 2 2 2 2 2 2 2 2 2 2 2 2 2
left_child=2 4 3 17 6 7 11 19 16 -9 -8 13 -13 -2 15 -3 -7 -1 -5 -6 21 -20
right_child=1 14 -4 18 5 8 10 9 -10 -11 -12 12 -14 -15 -16 -17 -18 -19 20 -21 -22 -23
leaf_value=0.043597445554990184 0.0019622370080112574 0.042430953272168725 0.032879297620163665 -0.0050268436156623878 0.013188274147000238 -0.011917530999484387 -0.0022560630141195428 -0.015224184365854702 0.025847490680588066 0.041038347477209969 0.067048721888787827 0.016972362787244826 -0.02281044669730331 -0.032517600469521707 0.076996083416608629 -0.024139546957576873 -0.054281865540864921 -0.014566553655186672 -0.049233586293955432 -0.051295363638916347 -0.028252093275677567 -0.0664812160314978
leaf_weight=3.469213172793391 155.58818077389151 4.6864792723208648 4.2985069658607236 6.0352495908737209 2.9512194693088523 7.585762660950425 3.8229420036077482 4.3877962827682486 4.7408199720084658 32.099920582957566 6.3180345892906189 12.328265249729155 53.199859938584268 11.884292978793381 3.195678398013114 3.4210622161626816 8.1567736715078336 4.3534638322889805 3.7209180891513807 3.2985028363764286 6.3993538003414869 3.7888171747326851
leaf_count=20 918 35 24 30 17 33 17 25 21 203 33 80 294 58 23 25 30 24 29 23 38 13
internal_value=-4.44115e-05 0.00126395 -0.0130061 -0.0201094 0.000127925 0.0112245 -0.00275736 0.0262124 -0.020047 0.0342725 0.0409222 -0.00465845 -0.0153258 -0.000484544 0.0320549 0.0143408 -0.033868 0.0112281 -0.0324008 -0.0208452 -0.0442786 -0.0579354
internal_weight=349.731 317.666 32.0655 27.767 306.362 63.2208 243.142 42.7374 20.4834 36.4877 10.141 233.001 65.5281 167.472 11.3032 8.10754 15.7425 7.82268 19.9443 6.24972 13.9091 7.50974
internal_count=2013 1835 178 154 1752 352 1400 268 84 228 50 1350 374 976 83 60 63 44 110 40 80 42
is_linear=0
shrinkage=0.05


Tree=109
num_leaves=31
num_cat=0
split_feature=80 79 99 71 99 61 100 84 120 127 133 126 70 20 59 73 19 127 49 16 39 47 95 23 18 129 122 76 66 74
split_gain=2.37652 5.02909 4.49311 5.84808 5.28574 4.45054 5.52415 6.13468 4.05613 4.05138 4.28612 4.52901 4.9232 4.39016 3.92748 8.17295 5.38575 4.22107 3.7421 3.73653 3.61783 3.06392 2.95957 1.92115 5.2004 0.426105 0.313829 0.205712 0.187052 0.0139892
threshold=0.0019232302438467743 0.003726881463080645 116.58208084106447 0.019401705823838714 125.12173080444337 0.003726881463080645 65.843376159667983 0.1488759517669678 0.036786785349249847 0.028011118993163112 0.19632132351398471 0.11751278117299081 0.018963249400258068 0.12575732916593554 0.028150908648967746 0.012755102012306454 0.060048628598451621 0.018028163351118568 0.14966318756341937 0.0012057557469233873 0.069017060101032271 0.0024214764125645165 0.010732222348451616 0.055624201893806464 0.11877192184329034 0.020036929287016395 0.011880123522132637 0.0056002871133387097 0.04014867544174195 0.0034578284248709683
decision_type=2 2 2 2 2 2 2 2 2 2 2 2 2 2 2 2 2 2 2 2 2 2 2 2 2 2 2 2 2 2
left_child=1 5 9 27 -5 6 7 8 -1 10 22 12 -12 -13 17 16 -16 -7 -6 -3 -17 -19 -2 24 -21 -24 -25 29 -26 -4
right_child=2 19 3 4 18 14 -8 -9 -10 -11 11 13 -14 -15 15 20 -18 21 -20 23 -22 -23 25 26 28 -27 -28 -29 -30 -31
leaf_value=0.039194695756066544 0.0040570706653565393 0.011488230316298684 0.054980586455541484 0.055647685701013583 0.026315453567859987 0.027488683350881993 -0.028089412696741475 -0.025699615711052521 -0.015824827517546599 0.042822892515571365 -0.012226125158324753 -0.032573651901220954 0.0080319032084644262 0.024211976814454136 -0.0029441163008098112 0.0029777712432167008 0.061050235918050248 0.0013862102970768305 -0.031972809482479304 0.040347009794299567 -0.050307045427969592 -0.045491233782811558 -0.037992041866005528 -0.03953853388624471 -0.037181798761139015 -0.062581856464508936 -0.058734435917128971 0.076152290934385206 -0.056340096874303247 0.060662783755960917
leaf_weight=22.33003545738757 3.8660336527973396 4.8596939295530346 3.7061516437679556 4.1274626711383453 4.4043741431087238 3.176816180348399 7.1042457297444335 5.8439329601824275 3.9409918971359721 5.5154089797288171 38.207764413207769 16.608670823276046 139.46070096921176 4.2809375859796992 6.3593513164669293 5.872032091021536 6.806991184130311 4.5353089850395945 7.3464354313910007 2.4741811826825169 6.962783470749855 15.061500772833822 3.4962505958974361 3.1132783722132427 2.2933790208771825 3.55121149122715 6.7360402327030897 1.8206516765058038 2.8665048889815807 1.5304902382194994
leaf_count=170 20 37 59 24 26 21 35 34 21 34 258 86 720 21 39 29 41 24 30 20 30 67 26 21 27 15 35 12 18 13
internal_value=-4.54551e-05 -0.00611068 0.0027673 0.023804 0.00697183 -0.00073171 0.0118083 0.0206342 0.0309411 0.000523038 -0.000590722 0.00108606 0.0036754 -0.0209365 -0.010815 0.00246352 0.0301409 -0.0259753 -0.0101255 -0.0272947 -0.0259288 -0.0346423 -0.0310979 -0.0380749 -0.0192486 -0.0503828 -0.0526668 0.0616748 -0.0478249 0.0566413
internal_weight=348.26 110.337 237.923 22.9356 15.8783 87.994 39.2192 32.115 26.271 214.987 209.472 198.558 177.668 20.8896 48.7748 26.0012 13.1663 22.7736 11.7508 22.3431 12.8348 19.5968 10.9135 17.4834 7.63407 7.04746 9.84932 7.05729 5.15988 5.23664
internal_count=2013 669 1344 164 80 511 260 225 191 1180 1146 1085 978 107 251 139 80 112 56 158 59 91 61 121 65 41 56 84 45 72
is_linear=0
shrinkage=0.05


Tree=110
num_leaves=31
num_cat=0
split_feature=10 132 3 79 52 123 123 3 80 79 19 21 80 70 57 75 20 65 117 129 19 124 18 62 74 125 122 90 120 92
split_gain=2.32677 6.28902 5.29405 9.72892 5.93037 5.21416 5.71998 4.7632 4.73845 6.12832 4.34676 3.74076 3.71008 4.83338 7.82268 6.76015 6.52569 6.28586 7.09672 6.53544 5.74838 8.86929 7.4713 5.43476 4.60229 3.90296 4.98728 4.76526 3.74369 3.67775
threshold=0.021653778851032261 0.048666911199688918 0.088647957891225829 0.033980388194322593 0.00078722895705141138 0.0025667558657005434 0.0061784759163856515 0.070750959217548384 0.17834223806858066 0.083366550505161299 0.041304606944322593 0.089933436363935484 0.0019232302438467743 0.067592076957225813 0.10810945555567743 0.0060686382930725822 0.072953205555677428 0.19956752657890323 812.55459594726574 0.011575764976441862 0.10953443869948389 0.016100560314953331 0.042470503598451621 0.019431600347161296 0.00040856187115423387 0.095822174102067961 0.0062190569005906591 0.057567361742258079 0.028558964841067794 0.062998246401548399
decision_type=2 2 2 2 2 2 2 2 2 2 2 2 2 2 2 2 2 2 2 2 2 2 2 2 2 2 2 2 2 2
left_child=1 5 7 4 -4 -1 -7 10 9 -5 -3 -6 24 14 17 -16 -17 19 -19 -14 22 -22 29 -24 -2 26 -26 -27 -28 -15
right_child=12 2 3 8 11 6 -8 -9 -10 -11 -12 -13 13 20 15 16 -18 18 -20 -21 21 -23 23 -25 25 27 28 -29 -30 -31
leaf_value=-0.039671708525391702 0.023236694128137649 -0.042614367654749248 0.04266598848103928 0.048314217654154543 -0.052059666056613864 0.054837453296512233 -0.018300454817305412 -0.057454256040952813 0.065616383591134406 -0.038880903581914525 0.0031601351119644816 -0.0096149351780684834 0.061493697283960813 0.084798688661293337 0.061967157306185343 0.035632067248577183 -0.017223889589574964 -0.02226337599810696 0.053890163596425039 -0.014196418735495226 -0.04295879031478899 0.073145008282252566 0.0098885504120670292 -0.046752377715783409 0.022333519204888165 0.04588670961590318 -0.03178157187429461 -0.0082754312086612027 -0.0067448734778790239 0.015004690103874153
leaf_weight=2.9097390230745104 12.258642078377305 8.799735804088419 3.2138514779508141 4.2411928400397283 10.134241491556169 9.5015217624604684 3.7199371960014096 9.9809266366064531 5.9729737490415564 3.8392185419797897 12.630140564404426 10.642221027985213 2.9675629436969748 4.1900492105633047 8.297852919436993 11.779599197208883 11.580275222659109 4.8149586012586942 8.3899951223283988 73.180431590415537 2.0052394215017548 9.1532183773815614 17.684144111350182 5.5686633437871924 7.916611583903431 6.3992141745984581 31.446695741266012 11.1142799295485 28.428907763212919 3.4347488135099411
leaf_count=21 110 75 22 20 62 57 20 55 29 24 79 55 19 25 97 73 51 27 45 389 17 47 78 25 61 36 167 50 157 20
internal_value=-4.72128e-05 -0.0072001 -0.0137321 -0.00118876 -0.0205411 0.020924 0.0342597 -0.0289241 0.0318473 0.00688549 -0.0156362 -0.0303184 0.00230182 0.00691664 0.00184278 0.0232003 0.00942959 -0.00572418 0.0261221 -0.0112467 0.0215229 0.0522805 0.0104079 -0.00367602 -0.00541033 -0.00952698 -0.0149629 0.0115147 -0.0198942 0.0533585
internal_weight=346.197 85.5857 69.4545 38.0437 23.9903 16.1312 13.2215 31.4108 14.0534 8.08041 21.4299 20.7765 260.611 163.047 121.011 31.6577 23.3599 89.3529 13.205 76.148 42.0361 11.1585 30.8776 23.2528 97.5644 85.3057 67.7922 17.5135 59.8756 7.6248
internal_count=2013 519 421 212 139 98 77 209 73 44 154 117 1494 913 701 221 124 480 72 408 212 64 148 103 581 471 385 86 324 45
is_linear=0
shrinkage=0.05


Tree=111
num_leaves=23
num_cat=0
split_feature=35 11 122 130 115 38 13 79 117 55 95 48 36 126 83 40 117 41 30 78 69 58
split_gain=2.24534 3.77474 5.37545 5.28011 3.76209 3.82311 3.62808 3.17093 3.02512 2.87157 5.25333 5.03234 3.3191 3.17874 2.31177 2.41538 1.73453 1.70359 1.10058 0.0204825 0.0173853 0.00236166
threshold=0.16559710353612903 0.046815210953354842 0.013239590916782619 0.062464492395520217 49.354843139648445 0.0072843588422983893 0.018624441698193554 0.24805684387683871 747.18334960937511 0.03889309614896775 0.053093111142516143 0.098662707954645171 0.18179009854793551 0.1087574064731598 0.12572744488716128 0.019013074226677421 825.77902221679699 0.048001037910580642 0.023337850347161296 0.14435188472270968 0.055863361805677421 0.023606903851032261
decision_type=2 2 2 2 2 2 2 2 2 2 2 2 2 2 2 2 2 2 2 2 2 2
left_child=4 2 16 -4 5 6 -1 9 -9 12 11 -11 13 -6 15 -7 20 -17 -12 21 -2 -10
right_child=1 -3 3 -5 7 14 -8 8 19 10 18 -13 -14 -15 -16 17 -18 -19 -20 -21 -22 -23
leaf_value=-0.045260073080921254 -0.052890786357622323 0.023558207879909615 -0.034621085885958046 0.030606697729700795 0.0042192934098486774 0.1097281749378336 0.049067493957012327 0.012447617551685322 -0.052280883987707111 0.033983838468638151 -0.063592817745279931 -0.018030517542804995 0.03672605717056187 -0.010756360391476052 0.0027910758548537512 0.0019883803422841044 -0.014770849355284605 0.067335508231073191 -0.029447688293652682 -0.045896920372660778 -0.057366288896863626 -0.054706758059911514
leaf_weight=2.7226074486970893 3.5426679849624687 5.7966518551111212 5.5251536071300489 7.0758523270487785 212.03892616834491 1.9336355561390499 1.6295011285692451 2.7640777211636287 2.7356603872030973 7.2851715460419717 4.1366422027349454 12.856215074658392 6.9550054967403403 42.543877835385501 2.1087616197764874 1.6193153373897073 3.6277145519852629 2.5967039484530687 5.4947061184793711 1.2473457586020229 5.5997778028249741 1.5843061655759809
leaf_count=33 25 38 28 32 1182 10 16 31 39 45 14 63 37 233 16 19 20 35 30 23 29 15
internal_value=-4.85148e-05 -0.0128452 -0.0211624 0.00200632 0.0012288 0.0279814 -0.00994228 0.000102908 -0.0303116 0.000972755 -0.0137405 0.000783158 0.00264767 0.00171668 0.0479668 0.063458 -0.0440243 0.0422366 -0.0441129 -0.0515409 -0.055632 -0.0531705
internal_weight=343.42 31.1678 25.3712 12.601 312.252 12.6105 4.35211 299.642 8.33139 291.311 29.7727 20.1414 261.538 254.583 8.25842 6.14965 12.7702 4.21602 9.63135 5.56731 9.14245 4.31997
internal_count=2013 172 134 60 1841 129 49 1712 108 1604 152 108 1452 1415 80 64 74 54 44 77 54 54
is_linear=0
shrinkage=0.05


Tree=112
num_leaves=17
num_cat=0
split_feature=37 115 48 90 76 104 47 103 120 126 131 104 122 14 64 41
split_gain=2.24318 2.65036 4.64557 4.50657 2.43465 4.73084 3.45396 4.41318 3.16196 6.48141 5.35561 2.25947 1.12697 0.708593 0.0307278 0.00186149
threshold=0.0023915816564112906 48.14287185668946 0.64539819955825817 0.042649872601032264 0.14913504570722583 2.3519570827484135 0.0028200733941048388 30.165916442871097 0.014862835872918369 0.10677907615900041 0.017449882812798027 1.2038575410842898 0.0072538754902780065 0.027064732275903228 0.29724371433258062 0.0074238681700080642
decision_type=2 2 2 2 2 2 2 2 2 2 2 2 2 2 2 2
left_child=13 2 3 11 5 8 7 -7 9 -3 -10 -2 -5 14 -1 -8
right_child=1 4 -4 12 -6 6 15 -9 10 -11 -12 -13 -14 -15 -16 -17
leaf_value=-0.047634116890136087 0.0095472282920724075 0.026417460457664063 0.086021192499008733 0.025479707515963901 0.040062687147089035 -0.043468811767963085 -0.052997866430840146 0.01851204013638531 -0.027869078372292078 -0.0074071257907464098 0.00023235809596638368 -0.055018756239596761 0.082233823731110378 -0.0093224589154552329 -0.058545322474338801 -0.054806105035818925
leaf_weight=1.4372695824131363 2.8711544163525087 31.469735749065876 2.3938763160258523 1.8936281623318794 3.6706150844693175 5.1398004051297921 4.8625021297484627 6.5089136753231287 18.309365577995777 25.752126433886588 229.17116429284215 2.5659744292497635 1.6255814190953968 1.4912537550553677 1.1709216460585592 2.0122866444289684
leaf_count=29 24 190 15 26 35 68 56 54 83 129 1219 20 18 19 13 15
internal_value=-4.99681e-05 0.000395601 0.0241481 0.00761044 -0.000429111 -0.000888944 -0.0254226 -0.00883597 0.000602509 0.011195 -0.00184667 -0.0209238 0.0516954 -0.0368141 -0.0525326 -0.0535271
internal_weight=342.346 338.247 11.3502 8.95634 326.897 323.226 18.5235 11.6487 304.702 57.2219 247.481 5.43713 3.51921 4.09944 2.60819 6.87479
internal_count=2013 1952 103 88 1849 1814 193 122 1621 319 1302 44 44 61 42 71
is_linear=0
shrinkage=0.05


Tree=113
num_leaves=21
num_cat=0
split_feature=103 53 5 52 115 129 122 72 117 51 10 92 14 87 50 126 88 119 109 69
split_gain=2.22564 3.22655 2.65953 5.02504 4.13764 4.62166 7.04609 5.32141 4.61114 5.1095 5.59612 4.4453 3.55483 3.54842 5.33619 6.4519 4.17992 5.41809 3.77239 1.01763
threshold=82.330219268798842 0.0031190209556370978 0.064961336553096785 0.09956951811909677 112.69572830200197 0.025860319845378402 0.015004870016127827 0.031180245801806453 940.02127075195324 0.11228475719690324 0.026277502998709682 0.024523677304387096 0.014897560700774195 0.016302614472806457 0.089953362941741957 0.054571462795138366 0.02436423767358065 0.03018220886588097 81.97601699829103 0.024005500599741939
decision_type=2 2 2 2 2 2 2 2 2 2 2 2 2 2 2 2 2 2 2 2
left_child=2 -2 3 13 8 6 7 -6 9 10 -4 -10 -11 14 15 -1 17 -15 -18 -3
right_child=1 19 4 -5 5 -7 -8 -9 11 12 -12 -13 -14 16 -16 -17 18 -19 -20 -21
leaf_value=-0.039611455377723419 -0.006680729731502375 0.018344151370515108 -0.0073867515968553676 0.053044663587408739 -0.058535218762918721 -0.044720524215452133 0.045777997276113036 0.011039795047755541 0.00965133196755571 0.005886231483253004 0.015058292823177217 0.067332865209562859 -0.036265861246070348 0.038130779198734165 -0.042086091238987496 0.053348752216321439 -0.0092104445885391774 -0.04269167481598278 0.022353748377522714 0.06161342159935336
leaf_weight=2.3903628233820191 5.3126779701560718 2.0688226521015167 42.046049166470766 3.5367581732571116 5.4088917411863857 8.8387705683708173 5.5854320526123038 5.5870933961123228 7.9347564801573736 8.3586842715740222 81.794465076178312 5.7683866173028946 12.454110214486716 2.3866705335676697 3.024095691740512 8.5172224938869459 100.1745538553223 15.807108469307421 10.453844733536242 3.9596141800284386
leaf_count=35 29 19 232 19 21 34 25 27 35 48 509 39 55 18 27 58 581 102 64 36
internal_value=-5.04661e-05 0.0217283 -0.000798786 -0.00582925 0.00320558 -0.0155197 4.58102e-05 -0.0231839 0.00621147 0.00358542 0.0074378 0.0339326 -0.019337 -0.00728786 0.0166832 0.0329768 -0.00988025 -0.0320893 -0.00622778 0.0467644
internal_weight=341.408 11.3411 330.067 146.291 183.777 25.4202 16.5814 10.996 158.356 144.653 123.841 13.7031 20.8128 142.754 13.9317 10.9076 128.822 18.1938 110.628 6.02844
internal_count=2013 84 1929 904 1025 107 73 48 918 844 741 74 103 885 120 93 765 120 645 55
is_linear=0
shrinkage=0.05


Tree=114
num_leaves=17
num_cat=0
split_feature=118 133 50 128 15 86 104 122 130 75 122 113 76 8 3 48
split_gain=2.27266 2.29952 4.08491 4.99378 4.09982 3.7938 4.15646 3.67504 3.4133 3.90203 3.54816 3.10719 2.96122 2.33622 1.68653 0.941961
threshold=0.17714674025774005 0.19543868303298953 0.17567163705825808 0.0077611394226551065 0.034827407449483878 0.1259267404675484 0.22511682659387591 0.021832643076777462 0.095335200428962721 0.032037228345870979 0.018129616044461731 0.18480941653251651 0.00084701849846169363 0.077845983207225813 0.10908601805567743 0.13705755770206454
decision_type=2 2 2 2 2 2 2 2 2 2 2 2 2 2 2 2
left_child=1 5 7 11 15 6 13 8 10 -10 -3 -4 -8 -1 -14 -5
right_child=-2 2 3 4 -6 -7 12 -9 9 -11 -12 -13 14 -15 -16 -17
leaf_value=0.041375981993888873 0.038191390410835503 -0.0025311024827972036 0.031188563215156534 0.054104424181800316 0.0040795015389559122 0.030161869454057216 0.016262461819578338 -0.033247568167993964 0.049408009887451698 -0.02003371991978848 0.017311851815831707 -0.032320589002066177 -0.051757776238983491 -0.014346043500272422 -0.015960195393076092 0.092400776354269798
leaf_weight=3.3858215287327829 3.8411030005663624 244.73870239593089 3.3060500118881491 3.6927177244797331 3.5624429732561111 4.2637778203934422 2.5824993420392302 8.383067384362219 6.9827129757031781 2.8480994757264853 24.812414769083261 4.6133926827460527 11.404944499954583 4.2324547441676259 4.6243182830512515 2.841014988720417
leaf_count=22 18 1451 23 30 32 24 17 38 53 21 124 34 68 22 23 13
internal_value=-5.07779e-05 -0.0004876 0.000818097 0.0239148 0.0472295 -0.0135806 -0.0206911 -0.000627882 0.000350896 0.0292899 -0.000704541 -0.00580806 -0.0334252 0.0104187 -0.0414305 0.0707565
internal_weight=340.116 336.274 305.781 18.0156 10.0962 30.4938 26.23 287.765 279.382 9.83081 269.551 7.91944 18.6118 7.61828 16.0293 6.53373
internal_count=2013 1995 1819 132 75 176 152 1687 1649 74 1575 57 108 44 91 43
is_linear=0
shrinkage=0.05


Tree=115
num_leaves=17
num_cat=0
split_feature=131 49 46 48 80 6 5 47 125 9 132 91 55 31 53 122
split_gain=2.1441 3.35256 4.70721 3.34388 3.05031 2.83427 2.77773 4.57269 4.07121 3.38702 6.58571 4.96622 2.34334 1.00797 0.125001 0.0401157
threshold=0.036786787211894996 0.43284638226032263 0.012476083822548391 0.031040736474096779 4.9824617235572084e-05 0.19992625713348391 0.13367944955825808 1.0000000180025095e-35 0.11044152453541757 0.032884247601032264 0.039647756144404418 0.013522400986403229 0.01690051052719355 0.00074736925307661306 0.00513193546794355 0.016364336945116523
decision_type=2 2 2 2 2 2 2 2 2 2 2 2 2 2 2 2
left_child=3 2 13 4 -1 6 9 -8 -9 10 -5 -11 -4 -2 15 -6
right_child=1 -3 12 5 14 -7 7 8 -10 11 -12 -13 -14 -15 -16 -17
leaf_value=-0.0037402053101253658 -0.027794468207702747 0.027848578795360002 0.020912872610031212 0.036146131596955344 0.052634804559502937 -0.042525875458967917 -0.023228289483877236 0.035608845288590513 -0.023596593972919355 -0.03307382811599683 -0.01244063780057772 0.0051372123580740075 -0.028539531245962986 -0.05813442323847088 0.063275891717741409 0.035640637519089462
leaf_weight=3.4041824759915453 4.9588961955159956 4.0187838934361926 6.4279969446361047 7.5919443760067216 0.84883725363761164 3.8270009458065024 5.9090165551751879 18.512314405292276 3.4437707513570777 8.9467593915760499 85.741095555946231 171.55962144304067 3.8185992389917374 6.1111692767590284 3.3972824541851878 0.58767975866794586
leaf_count=38 32 27 39 55 25 20 38 113 15 40 527 938 17 36 36 17
internal_value=-4.94225e-05 -0.014041 -0.0219383 0.00108033 0.0325149 0.000232768 0.000775145 0.0158149 0.0263226 -0.00075526 -0.00848847 0.00324329 0.00248344 -0.0445435 0.0580475 0.0456825
internal_weight=339.105 25.3354 21.3167 313.77 8.23798 305.532 301.705 27.8651 21.9561 273.839 93.333 180.506 10.2466 11.0701 4.8338 1.43652
internal_count=2013 151 124 1862 116 1746 1726 166 128 1560 582 978 56 68 78 42
is_linear=0
shrinkage=0.05


Tree=116
num_leaves=19
num_cat=0
split_feature=92 57 77 61 72 59 125 3 56 123 63 48 19 62 2 8 133 48
split_gain=2.12748 2.75662 2.56496 2.82897 5.96445 5.88965 4.99173 4.55955 4.09914 4.02158 2.52211 3.78658 2.15982 0.188031 0.0366521 0.00354018 0.000743521 0.000175119
threshold=0.16618502885103228 0.37960380315780645 0.11155731603503229 0.015425701159983875 0.017687739804387096 0.032306281849741943 0.095000404864549651 0.046645805239677436 0.0010861766058951618 0.003581283963285387 0.014150191564112903 0.093441087752580657 0.055414939299225814 0.0016442124033346774 0.16713169962167743 0.041862644255161292 0.35138177871704107 0.37457150220870977
decision_type=2 2 2 2 2 2 2 2 2 2 2 2 2 2 2 2 2 2
left_child=1 2 3 5 7 8 -7 -5 -1 -6 13 -12 -4 -3 15 -15 17 -14
right_child=-2 10 12 4 9 6 -8 -9 -10 -11 11 -13 16 14 -16 -17 -18 -19
leaf_value=0.010860826534483971 -0.031821166188342416 0.032200326690463292 0.012566651956400027 -0.023957755640970416 0.0086800184703539028 0.0098504487706291954 0.050681798297598418 0.046779395985071387 -0.0047737498542838189 -0.033664271100198463 -0.034832414474192351 0.042798304876845578 -0.052041086301026933 0.056460739414821118 0.064968842408534039 0.052719177579461686 -0.053128899539040646 -0.051287921179369249
leaf_weight=54.824185349047184 5.1877884604036799 0.87762795668095162 1.8558750897645939 3.5472582243382913 7.4412246271967915 33.035762595012784 9.6780490186065418 6.3669763281941414 178.16742218844593 22.750325426459312 3.1021323166787624 3.182078804820776 1.4843713287264111 1.1834960924461491 1.2327873930335043 1.3572066826745866 1.1708974353969095 1.6076644742861388
leaf_count=349 38 22 24 17 46 202 50 36 932 112 19 28 23 16 9 37 14 39
internal_value=-4.8541e-05 0.000446643 -0.000391965 0.000229261 -0.0121784 0.00203415 0.019102 0.02147 -0.00109485 -0.0232278 0.0251348 0.00447675 -0.0324554 0.0530463 0.0578946 0.0544621 -0.0520558 -0.0516495
internal_weight=338.053 332.865 321.93 315.811 40.1058 275.705 42.7138 9.91423 232.992 30.1916 10.9353 6.28421 6.11881 4.65112 3.77349 2.5407 4.26293 3.09204
internal_count=2013 1975 1844 1744 211 1533 252 53 1281 158 131 47 100 84 62 53 76 62
is_linear=0
shrinkage=0.05


Tree=117
num_leaves=14
num_cat=0
split_feature=104 92 103 59 15 100 80 62 124 25 12 68 78
split_gain=2.1033 3.19312 2.40909 3.54956 2.56432 5.5794 5.38515 6.86253 4.96572 4.06297 1.85971 1.49143 0.0203943
threshold=-0.75156724452972401 0.16618502885103228 82.330219268798842 0.0077427455689758071 0.051548548042774207 80.761455535888686 0.0743682235479355 0.0080217635259032267 0.018210778012871746 0.0430783648043871 0.019112722948193554 0.033063616603612907 0.001285475096665323
decision_type=2 2 2 2 2 2 2 2 2 2 2 2 2
left_child=10 2 4 -4 5 9 8 -8 -6 -2 -1 -5 -12
right_child=1 -3 3 11 6 -7 7 -9 -10 -11 12 -13 -14
leaf_value=-0.011385258754479511 -0.0029528747151881815 -0.043722456783245468 -0.012801475868663391 0.017003566174844258 -0.024423586475087033 -0.057680475740837726 0.060128383198008832 -0.0051622602074410575 0.0059471537639345122 0.010382683707153686 0.054372729601397329 0.066055014266353337 0.062878875951144705
leaf_weight=1.4417847618460644 129.4907531440258 4.2178347073495379 4.1128885857760888 2.5686925873160362 44.461731476709247 3.8602866306900969 5.8581150732934502 12.858669860288499 19.301764786243439 102.19174906704575 1.4902908597141507 3.9063470792025328 1.3367149941623209
leaf_count=18 737 27 24 22 297 12 38 73 106 582 32 34 11
internal_value=-4.7348e-05 -0.000494633 6.02109e-05 0.023523 -0.000720934 0.00193592 -0.00830823 0.0152729 -0.0152301 0.00292924 0.0348265 0.046596 0.0583948
internal_weight=337.098 332.829 328.611 10.5879 318.023 235.543 82.4803 18.7168 63.7635 231.683 4.26879 6.47504 2.82701
internal_count=2013 1952 1925 80 1845 1331 514 111 403 1319 61 56 43
is_linear=0
shrinkage=0.05


Tree=118
num_leaves=18
num_cat=0
split_feature=37 91 91 100 87 18 92 85 63 7 28 120 118 20 35 14 49
split_gain=2.05522 2.74026 3.31182 3.75015 4.27078 5.16055 4.41738 3.26465 4.78685 4.33958 4.50593 3.58904 3.05561 3.36109 3.01181 0.674064 0.0265552
threshold=0.0023915816564112906 0.0044543209951370963 0.013841278851032259 38.449729919433601 0.12199059501290323 0.06518056616187097 0.011379942763596775 0.098074778914451613 0.036850286647677429 0.053740832954645164 0.0023616869002580647 0.019570245407521728 0.12260571494698526 0.10565808042883874 0.080048229545354857 0.027064732275903228 0.1899613365530968
decision_type=2 2 2 2 2 2 2 2 2 2 2 2 2 2 2 2 2
left_child=15 14 7 12 6 -6 -5 9 11 10 -3 -9 13 -4 -2 16 -1
right_child=1 2 3 4 5 -7 -8 8 -10 -11 -12 -13 -14 -15 -16 -17 -18
leaf_value=-0.047128732067129947 0.059575691161971978 0.039209778300677435 0.036943939235085044 0.033189234753672602 0.043563196212015584 -0.012277704585034487 -0.00033708728721746213 0.060199913389397779 -0.023515817569384014 -0.05764093959738447 -0.023039438742245746 -0.0034675395116276399 -0.056101274574602435 -0.035063824326653496 0.0037906321111059352 -0.0093193105664982467 -0.057545109102937711
leaf_weight=1.3042828869074581 4.0242835432291013 3.5303240641951623 2.8437154404818994 10.249612523242829 12.901452119462194 6.0906872339546672 237.16578508540988 4.5835763253271598 8.2207793053239566 7.063014965504407 16.46679762005806 4.2808377332985401 4.9296435620635748 3.7675689719617367 6.0675724446773529 1.4820641195401547 1.1525474060326812
leaf_count=30 32 22 32 54 81 32 1372 25 37 29 115 25 31 27 38 19 12
internal_value=-4.55022e-05 0.000380239 -0.000423601 0.00159696 0.00280578 0.0256553 0.0010518 -0.0131455 0.00396651 -0.0239497 -0.0120499 0.0294534 -0.0263069 -0.00409108 0.0260358 -0.0359503 -0.0520153
internal_weight=336.125 332.186 322.094 277.948 266.408 18.9921 247.415 44.1453 17.0852 27.0601 19.9971 8.86441 11.5409 6.61128 10.0919 3.93889 2.45683
internal_count=2013 1952 1882 1629 1539 113 1426 253 87 166 137 50 90 59 70 61 42
is_linear=0
shrinkage=0.05


Tree=119
num_leaves=20
num_cat=0
split_feature=33 48 77 61 60 63 85 60 71 19 48 75 94 10 127 78 68 40 124
split_gain=2.03122 4.09815 2.55167 2.30091 4.88554 4.96584 4.68597 4.19344 4.01993 4.60831 3.19306 3.11353 6.19647 3.61033 3.01632 2.62398 0.150556 0.11122 0.000243365
threshold=0.4207290261983872 0.49431002140045172 0.12882652878761294 0.015425701159983875 0.020139110274612907 0.029874840751290325 0.10762117430567743 0.060347577556967742 0.025560028851032261 0.086535394191741957 0.17750518023967746 0.077377632260322585 0.021892936900258068 0.031718350946903236 0.017378865741193298 0.0040656886994838723 0.019999600946903232 0.024394132196903232 0.011677218135446312
decision_type=2 2 2 2 2 2 2 2 2 2 2 2 2 2 2 2 2 2 2
left_child=2 17 3 4 11 10 -7 8 9 -5 -6 13 -13 -1 -10 -9 18 -2 -4
right_child=1 -3 16 7 5 6 -8 15 14 -11 -12 12 -14 -15 -16 -17 -18 -19 -20
leaf_value=-0.0085080772875162757 -0.046236766434792437 0.017068389971201938 -0.052290377844994622 -0.018311230853569602 0.030770413428731394 0.066021448061813745 0.0042060724525051852 0.053276601143490337 0.0038548112240053656 0.051919023621609245 -0.035004552269510533 0.059806808598330166 -0.0029467220468821068 0.004001311505615974 -0.040797660403536884 -0.0039527094859275122 -0.027132861353149074 -0.061244121964500436 -0.051209619262756689
leaf_weight=92.032051584683359 2.5166203957051021 3.5088071031495929 0.84070326946675766 6.314773555845024 3.242267630063 8.645337635651229 4.7504240348935118 3.6474494338035566 4.892620816826823 3.7069604620337486 4.2818621098995209 6.492161829024556 9.9822386465966684 154.51953121181577 16.661633487790823 4.4423480220139027 0.87667180225253094 2.423401415348053 1.3692334210500119
leaf_count=541 31 37 12 33 31 52 21 22 26 21 23 41 64 889 85 23 15 9 37
internal_value=-4.56233e-05 -0.0242507 0.00058035 0.00101191 0.00258769 0.0258433 0.0441004 -0.0102683 -0.0184971 0.00766639 -0.00666107 0.000738047 0.0217829 -0.000668156 -0.030662 0.0218503 -0.0446656 -0.0535988 -0.0516208
internal_weight=335.147 8.44883 326.698 323.612 283.946 20.9199 13.3958 39.6658 31.576 10.0217 7.52413 263.026 16.4744 246.552 21.5543 8.0898 3.08661 4.94002 2.20994
internal_count=2013 77 1936 1872 1662 127 73 210 165 54 54 1535 105 1430 111 45 64 40 49
is_linear=0
shrinkage=0.05


Tree=120
num_leaves=19
num_cat=0
split_feature=118 1 71 67 4 34 37 3 48 31 132 117 70 78 109 80 121 44
split_gain=2.01382 2.22118 4.58274 3.50631 3.41321 3.13252 3.5117 3.7947 3.34242 5.03931 4.95921 4.72572 4.66813 3.97593 3.11451 2.01592 1.9614 0.79666
threshold=0.17714674025774005 0.00040856187115423387 0.0018435108941048386 0.070541691035032286 0.10919563099741937 0.020737005397677425 0.0023915816564112906 0.023158482275903228 0.55544483661651622 0.018285634927451614 0.039647756144404418 925.90927124023449 0.035734215751290328 0.0997588485479355 50.090847015380866 0.43264707922935491 0.084997158497571959 0.017329001799225811
decision_type=2 2 2 2 2 2 2 2 2 2 2 2 2 2 2 2 2 2
left_child=1 2 -1 17 -5 6 -3 14 10 11 15 -10 -11 -12 -8 -7 -9 -4
right_child=-2 5 3 4 -6 8 7 16 9 12 13 -13 -14 -15 -16 -17 -18 -19
leaf_value=0.036398745150423059 0.035952027875664455 -0.036172415235146402 -0.031919944588590786 0.017543859709113097 -0.041664031969664242 0.011768365563553393 -0.0095276901742783523 0.06031741089713865 -0.013659913784074013 0.041896298054647757 0.0010721022512151681 -0.061425937790608579 -0.038276843032896662 -0.04452860282744911 0.050818515303355932 0.067156466282524405 0.0073765158261087571 -0.064631043698107307
leaf_weight=3.4794243900105384 3.8403816577047101 2.6570786358788636 3.0969047890976098 5.9102256335318071 4.138623084872961 2.8519934676587573 8.6598430071026105 7.4156749593093974 24.291899976320568 6.3312725741416198 233.9343230407685 6.5808768197894087 2.5456287562847137 4.8798021841794244 2.8390700761228791 3.8745875023305416 2.2897457983344793 4.6653113216161728
leaf_count=35 18 39 36 36 24 19 61 66 159 47 1274 34 16 60 22 28 20 19
internal_value=-4.64562e-05 -0.000464829 -0.0160858 -0.0263387 -0.00684094 0.000610945 0.0180141 0.0248041 -0.000844634 -0.0142956 0.00133289 -0.0238418 0.018905 0.000140321 0.00537173 0.0436725 0.0478274 -0.0515802
internal_weight=334.283 330.442 21.2905 17.8111 10.0488 309.152 23.8614 21.2043 285.29 39.7497 245.541 30.8728 8.8769 238.814 11.4989 6.72658 9.70542 7.76222
internal_count=2013 1995 150 115 60 1845 208 169 1637 256 1381 193 63 1334 83 47 86 55
is_linear=0
shrinkage=0.05


Tree=121
num_leaves=31
num_cat=0
split_feature=58 56 48 120 73 131 90 117 122 31 58 91 49 30 6 20 129 95 18 34 13 87 30 30 133 122 43 107 25 32
split_gain=1.97036 5.18202 4.72889 4.64492 7.34193 6.77448 7.33457 6.1176 5.07858 4.62543 5.77656 4.8017 4.15998 3.74611 3.65482 5.68124 5.6812 4.51316 4.24283 3.50812 3.38166 3.20792 3.03618 2.60276 4.47974 2.43499 2.30916 1.14042 1.05684 0.129932
threshold=0.0066565689630806455 0.0011459662346169355 0.55544483661651622 0.019448502920567993 0.083824936300516142 0.019671699032187465 0.018554687500000003 821.65505981445324 0.0060364417731761941 6.9754463766003041e-05 0.011509486474096777 0.026337292976677421 0.077427454292774214 0.051209742203354842 0.053501673042774207 0.097955197095870986 0.011149663012474777 0.032395966351032264 0.090082906186580672 0.11657964065670968 0.0089584663510322588 0.015664859674870971 0.00046835141256451612 0.012197066564112903 0.23985471576452258 0.01149460254237056 0.0056600766256451615 1.4964032769203188 0.082838408648967757 0.077208224684000029
decision_type=2 2 2 2 2 2 2 2 2 2 2 2 2 2 2 2 2 2 2 2 2 2 2 2 2 2 2 2 2 2
left_child=13 9 3 5 8 7 -7 -3 -5 22 -11 20 -4 14 16 17 -1 25 -19 -13 -12 -18 -2 24 -17 -16 -14 -24 -23 -25
right_child=1 2 12 4 -6 6 -8 -9 -10 10 11 19 26 -15 15 23 21 18 -20 -21 -22 28 27 29 -26 -27 -28 -29 -30 -31
leaf_value=0.04537522403850125 0.023806967636857895 -0.010990705436498367 0.01318836761776347 0.048062665709850724 0.050748389757785187 -0.027668128021981566 0.060422885995087376 0.019350927948858107 -0.0081716063790116516 0.076110268910305839 0.02268170317651955 0.013053579935387197 -0.012925720106921661 0.037489121384819683 0.018845965248125401 0.027082754874657989 0.0043637976461031415 0.097868512182613665 0.020582191683258078 0.08064710784842323 -0.053929153308280645 -0.052929794383113696 -0.0084972541704486457 -0.041842883179481712 -0.036605509126157808 -0.024611875438759478 -0.05866372675981997 -0.055281418204297453 -0.016395075038647868 -0.056745004016406246
leaf_weight=2.356584249064329 4.4205339690670389 33.229257823899388 4.7740504574030664 4.1407019877806297 5.8480642884969702 2.9843477085232726 11.348022355698047 33.222047785297036 132.20506357215345 6.0807302296161678 2.7735010273754579 4.3187268115580082 4.335016727447508 4.2406447138637295 6.2758988961577433 4.8365250593051332 3.7587946057319668 2.5191697813570482 6.0177620574831963 3.4554190095514059 2.9968331716954708 12.752052978612481 2.5366962254047394 2.6130837835371485 6.4341386258602142 6.626872293651104 7.5931559950113297 2.6774729192256927 2.3431175164878359 3.3225630093365908
leaf_count=17 29 196 33 39 36 14 85 193 685 37 19 31 31 38 54 31 34 15 51 18 21 107 19 17 40 33 30 21 16 23
internal_value=-4.61402e-05 0.0018314 -0.000593606 0.00132856 -0.00411083 0.0109029 0.0420802 0.00417847 -0.00646382 0.0216956 0.0356247 0.0174488 -0.0262548 -0.00792394 -0.0111413 -0.00198816 -0.0278185 0.0151859 0.0433887 0.0430973 -0.0171063 -0.0369671 -0.0066769 -0.0233877 -0.00927527 -0.00347401 -0.0420413 -0.0325209 -0.0472588 -0.0501846
internal_weight=333.037 268.94 239.68 222.978 142.194 80.7837 14.3324 66.4513 136.346 29.2599 19.6252 13.5445 16.7022 64.0972 59.8566 38.646 21.2105 21.4397 8.53693 7.77415 5.77033 18.854 9.6347 17.2063 11.2707 12.9028 11.9282 5.21417 15.0952 5.93565
internal_count=2013 1537 1342 1248 760 488 99 389 724 195 126 89 94 476 438 264 174 153 66 49 40 157 69 111 71 87 61 40 123 40
is_linear=0
shrinkage=0.05


Tree=122
num_leaves=20
num_cat=0
split_feature=33 49 77 61 60 125 42 60 71 22 75 13 10 124 51 48 39 133 41
split_gain=1.92488 4.21223 2.22276 2.15562 4.3632 4.59177 3.79551 3.73781 3.72856 4.55792 2.9449 5.58359 3.16282 2.90134 2.46515 0.915358 0.870244 0.00032675 5.4556e-05
threshold=0.4207290261983872 0.056999363005161292 0.1213827319443226 0.015425701159983875 0.020139110274612907 0.095000404864549651 0.019840162247419361 0.060347577556967742 0.025560028851032261 0.081871811300516142 0.077377632260322585 0.015216438099741937 0.031718350946903236 0.016141140833497051 0.0029795120935887103 0.49431002140045172 0.021813217550516132 0.35138177871704107 0.0049326370935887107
decision_type=2 2 2 2 2 2 2 2 2 2 2 2 2 2 2 2 2 2 2
left_child=2 -2 3 4 10 6 -6 8 9 -5 12 -12 -1 -10 -9 -3 17 18 -4
right_child=1 15 16 7 5 -7 -8 14 13 -11 11 -13 -14 -15 -16 -17 -18 -19 -20
leaf_value=-0.0079886087290123222 0.043093097071486113 -0.057153223916817944 -0.051045654604309348 0.03980050101207866 -0.016949271746374877 0.064142598584149724 0.033207951317635799 -0.0086568393855320919 -0.014441351268218029 -0.028298421357543031 0.066140050376610693 0.0021942792757368361 0.003797754797914304 -0.052286945169404242 0.04690672223435946 -0.017790033413468642 0.0028715054144610257 -0.052483808061164844 -0.051578953504386384
leaf_weight=90.713946632109582 1.8255205135792474 4.1055217441171408 0.92260122951120116 5.1712340898811835 6.8707231841981438 5.4280561767518511 8.3623229730874282 3.814411234110592 12.443468227982523 4.6815837025642395 4.8781906086951521 11.371381424367426 152.78218514006585 8.5395483337342721 4.1878104396164417 2.3066961532458663 0.98815610259771336 0.8853798285126685 0.99863868020474911
leaf_count=537 16 34 27 34 34 30 63 20 69 19 29 74 887 41 25 27 14 13 20
internal_value=-4.87323e-05 -0.0239159 0.000559897 0.00101208 0.00254116 0.0246556 0.010585 -0.0100277 -0.0179295 0.00744318 0.000782099 0.0213911 -0.000593229 -0.0298435 0.0204213 -0.0429929 -0.0374816 -0.0516891 -0.0513229
internal_weight=331.277 8.23774 323.04 319.245 280.407 20.6611 15.233 38.8381 30.8358 9.85282 259.746 16.2496 243.496 20.983 8.00222 6.41222 3.79478 2.80662 1.92124
internal_count=2013 77 1936 1862 1654 127 97 208 163 53 1527 103 1424 110 45 61 74 60 47
is_linear=0
shrinkage=0.05


Tree=123
num_leaves=16
num_cat=0
split_feature=101 90 90 2 82 108 43 86 85 133 29 71 50 133 35
split_gain=1.90746 3.30209 5.25659 3.23285 5.12272 3.24619 2.97975 3.24672 4.15362 3.00011 4.06101 3.66019 0.808649 0.728184 0.000550614
threshold=3.2790094614028935 0.0079619740135967749 0.010104432236403229 0.096301022917032256 0.15237364917993548 65.772998809814467 0.0021025987807661299 0.027363680303096775 0.099439971148967757 0.51638463139534008 0.009875239338725807 0.080217633396387114 0.034488599747419364 0.41850297152996069 0.014070472214370968
decision_type=2 2 2 2 2 2 2 2 2 2 2 2 2 2 2
left_child=1 3 12 5 -5 -1 7 -4 -9 11 -11 -8 -3 -2 -15
right_child=13 2 6 4 -6 -7 9 8 -10 10 -12 -13 -14 14 -16
leaf_value=0.030135720104980002 0.00067333927072642306 -0.060554016461696593 0.033206271812670378 0.088555045728074711 0.010296076464345771 -0.045093344546096273 -0.0021624441227207805 -0.03620713714603202 0.0067928424684844035 -0.0024720484500983927 0.043942569397704488 0.014248096946859093 -0.025928229608517935 -0.051384898057432307 -0.052899049148948551
leaf_weight=3.0542638450860968 0.89688201062381212 3.5961354859173289 3.0637434013187912 3.6121823117136937 4.9657606706023216 2.703077020123601 218.98155403416604 16.25184595305473 8.5815027430653554 9.3024271177127975 9.5514264544472081 40.218417171388865 3.1747580207884312 1.3000405803322794 1.1156743355095384
leaf_count=22 19 17 32 21 28 21 1248 134 54 51 71 226 25 29 15
internal_value=-4.94062e-05 0.000332952 -0.000742712 0.0237984 0.043251 -0.0051844 0.000221651 -0.0153566 -0.0213479 0.00178461 0.0210418 0.000383876 -0.0443186 -0.0378001 -0.0520842
internal_weight=330.37 327.057 312.722 14.3353 8.57794 5.75734 305.951 27.8971 24.8333 278.054 18.8539 259.2 6.77089 3.3126 2.41571
internal_count=2013 1950 1858 92 49 43 1816 220 188 1596 122 1474 42 63 44
is_linear=0
shrinkage=0.05


Tree=124
num_leaves=18
num_cat=0
split_feature=14 92 57 63 48 19 3 94 71 125 133 58 24 63 2 109 105
split_gain=2.01125 1.9805 2.29618 2.35331 3.66342 2.32065 2.87243 5.33163 4.10576 2.77733 3.09445 1.62928 1.37535 0.19121 0.0242438 0.0169964 0.000792061
threshold=6.9754463766003041e-05 0.16618502885103228 0.37960380315780645 0.014150191564112903 0.093441087752580657 0.1739875674247742 0.098662707954645171 0.017149632796645168 0.094905931502580657 0.078808538615703597 0.26679044961929327 0.0012057557469233873 0.044314015656709678 0.0013452646671794357 0.15841238200664523 67.023105621337905 45.71992492675782
decision_type=2 2 2 2 2 2 2 2 2 2 2 2 2 2 2 2 2
left_child=11 2 5 13 -5 6 8 -8 -2 12 -11 -1 -7 -4 -15 16 -13
right_child=1 -3 3 4 -6 9 7 -9 -10 10 -12 15 -14 14 -16 -17 -18
leaf_value=-0.013475392673998119 -0.0044600872268065845 -0.032213197725963046 0.032853170974098581 -0.036396435846676727 0.042297436668915701 -0.05248525291977843 0.023236956214353247 -0.005070667981139523 0.019356756160465942 0.029368709541848614 -0.025545480766454954 0.054171384620879705 -0.0079422135387977998 0.054685334754258713 0.063582600072876 0.061003504644285979 0.05191697888369487
leaf_weight=1.1899843132123344 205.57653687056154 4.8433925257995716 0.96540403179824164 2.9357779137790203 2.9802359193563461 5.8711077980697173 34.168403578922153 32.413367374800146 19.841763831675053 4.7092419788241369 5.6352133043110371 0.80808184295892738 2.458725867792964 1.9098729873076083 1.2779646478593347 1.1975424997508524 0.75236289761960506
leaf_count=8 1195 35 30 15 27 46 179 197 102 29 35 13 16 37 11 11 27
internal_value=-4.87858e-05 -0.000478922 2.81923e-07 0.0234992 0.00324619 -0.000761341 0.00033149 0.00945623 -0.00236368 -0.0178494 -0.000546174 0.0354243 -0.0393374 0.0523483 0.0582521 0.056523 0.0530844
internal_weight=329.535 325.587 320.744 10.0693 5.91601 310.674 292 66.5818 225.418 18.6743 10.3445 3.94797 8.32983 4.15324 3.18784 2.75799 1.56044
internal_count=2013 1954 1919 120 42 1799 1673 376 1297 126 64 59 62 78 48 51 40
is_linear=0
shrinkage=0.05


Tree=125
num_leaves=17
num_cat=0
split_feature=127 123 127 53 57 130 49 106 56 57 48 132 49 119 114 19
split_gain=1.89705 3.74221 4.31779 2.55962 2.18457 5.15615 3.91157 4.96207 3.03085 5.37869 4.683 4.97812 3.83301 3.46861 2.84706 0.424056
threshold=0.028011118993163112 0.0056712117511779079 0.028883613646030429 0.088797435164451613 0.12470105290412904 0.098875902593135848 0.014120296575129034 42.882822036743171 0.0011459662346169355 0.0013950893189758065 0.55544483661651622 0.039130344986915595 0.26060266792774206 0.073167763650417342 61.355691909790046 0.045669242739677436
decision_type=2 2 2 2 2 2 2 2 2 2 2 2 2 2 2 2
left_child=3 -2 -3 4 8 6 15 -8 9 13 11 -10 -11 -1 -12 -6
right_child=1 2 -4 -5 5 -7 7 -9 10 12 14 -13 -14 -15 -16 -17
leaf_value=0.0011972328460076375 0.070718799845262137 0.04747020852670078 -0.018259741783614662 -0.043143676654277735 0.032300877798108293 0.071608244818094885 -0.021582126478324234 0.0089222635552503385 0.048237805048072423 0.008519825650841131 -0.015534653745766137 -0.0051032117502415294 0.049205612694989992 -0.040753343923923206 -0.056981442024077678 0.064904547711056637
leaf_weight=35.446564978919923 2.7175541985779992 3.8792778179049474 7.0192910470068455 3.5349596487358204 1.6834451472386707 2.9520787354558697 17.540459795854986 55.557557412423193 4.5111428722739211 14.147224279120566 11.458448229357602 143.92242824845016 9.7981664426624757 5.7229753388091913 6.4902720898389807 2.4469125485047698
leaf_count=251 25 20 37 23 27 23 132 341 35 100 77 744 53 65 37 23
internal_value=-4.69785e-05 0.0182256 0.00513643 -0.000836292 -0.000356453 0.00675632 0.00427733 0.00160249 -0.00282 0.00632519 -0.00639904 -0.00348209 0.025168 -0.00463431 -0.0305218 0.051616
internal_weight=328.829 13.6161 10.8986 315.213 311.678 80.1805 77.2284 73.098 231.497 65.1149 166.382 148.434 23.9454 41.1695 17.9487 4.13036
internal_count=2013 82 57 1931 1908 546 523 473 1362 469 893 779 153 316 114 50
is_linear=0
shrinkage=0.05


Tree=126
num_leaves=23
num_cat=0
split_feature=25 90 42 122 18 20 78 96 43 82 91 126 15 91 129 43 9 82 54 103 133 48
split_gain=1.87073 3.59177 4.52069 4.4213 4.03209 3.54598 4.04896 3.12596 2.9388 2.90963 6.23333 2.82856 2.97915 2.86042 5.50452 4.01013 2.5288 2.36554 2.34671 2.06049 1.22504 0.410943
threshold=0.12095424160361291 0.084213569760322585 0.0706014819443226 0.012103319633752109 0.042131697759032256 0.071498323231935515 0.0015047034248709681 144.02410888671878 0.042709661647677429 0.046884965151548393 0.083007812500000014 0.049042284488677985 0.0056002871133387097 0.052246093750000007 0.016770148649811748 0.012954400386661293 0.055873326957225806 0.025460380129516128 0.0096759404987096804 46.737764358520515 0.31405730545520788 0.22243702411651614
decision_type=2 2 2 2 2 2 2 2 2 2 2 2 2 2 2 2 2 2 2 2 2 2
left_child=1 2 11 4 7 6 19 -3 -6 17 -11 12 -1 15 -15 -13 -4 18 -5 -2 -14 -18
right_child=5 3 16 9 8 -7 -8 -9 -10 10 -12 13 20 14 -16 -17 21 -19 -20 -21 -22 -23
leaf_value=0.007039592821203304 0.00045047787634961475 0.058941188812690573 0.0074761176810642857 0.0043494604165923842 -0.055950447817074749 0.057037983791414587 -0.024954124722240456 -0.0034378096065574982 0.007745198713595778 -0.044876340001229843 0.050685637011037316 -0.0025884739181693209 -0.0084561441894421916 -0.035825177046758472 0.0011985995229278348 0.011492871413076193 0.046943512230381346 -0.060456983816426002 -0.046435119983972574 0.064991311717691139 -0.055590348850687088 0.076393404170463766
leaf_weight=4.7826003357768041 2.256861409172414 4.3484796490520221 4.0742235975339991 4.2658009408041888 3.3118499005213371 4.0683884704485527 6.0781103074550629 3.7320679482072592 3.9956717547029257 3.7389517668634644 3.1391079789027572 113.6117724776268 1.8429952301084993 14.339414082467554 33.476184618659317 91.104289313778281 2.4497275510802865 7.6196807492524377 4.8736774101853371 2.7355902390554547 5.4700949750840664 2.2936183996498585
leaf_count=38 19 35 32 35 25 32 30 30 25 19 24 698 23 80 211 487 27 32 21 28 47 15
internal_value=-4.499e-05 -0.000876641 0.00114851 -0.0150666 0.00579164 0.0171204 0.00245085 0.0301309 -0.0211224 -0.0286456 -0.00126239 -2.50174e-05 -0.0236449 0.00110632 -0.00990446 0.00367811 0.0363678 -0.0398838 -0.0227317 0.0358153 -0.0437119 0.0611838
internal_weight=327.609 312.47 273.445 39.0253 15.3881 15.139 11.0706 8.08055 7.30752 23.6372 6.87806 264.627 12.0957 252.532 47.8156 204.716 8.81757 16.7592 9.13948 4.99245 7.31309 4.74335
internal_count=2013 1904 1658 246 115 109 77 65 50 131 43 1584 108 1476 291 1185 74 88 56 47 70 42
is_linear=0
shrinkage=0.05


Tree=127
num_leaves=31
num_cat=0
split_feature=80 79 61 60 85 99 71 99 2 110 128 73 86 69 127 133 126 74 69 16 24 25 50 49 95 75 79 32 129 118
split_gain=1.83894 4.2731 3.77892 4.46263 6.4714 3.62438 5.1957 4.63376 3.50011 4.58858 4.02956 3.84947 3.64239 3.5862 3.49008 3.59337 3.58163 3.93912 3.87012 3.46045 4.45141 3.26901 3.93825 3.15077 2.56591 1.75425 1.74635 1.24896 0.391448 0.231468
threshold=0.0019232302438467743 0.0029994419310241942 0.0037567762192338709 0.0045938298571854838 0.057995853945612914 116.58208084106447 0.019401705823838714 125.12173080444337 0.044692682102322585 1.6584728956222536 0.0059755700640380391 0.0052116548176854858 0.066336493939161315 0.082091040909290328 0.028011118993163112 0.19632132351398471 0.11751278117299081 0.011051100213080646 0.026975047774612907 0.0012057557469233873 0.066256776452064528 0.10699338465929033 0.059480627998709686 0.14966318756341937 0.010732222348451616 0.0040756536182016143 0.063825335353612914 0.03512635454535485 0.019407921470701698 0.12684644013643268
decision_type=2 2 2 2 2 2 2 2 2 2 2 2 2 2 2 2 2 2 2 2 2 2 2 2 2 2 2 2 2 2
left_child=1 2 3 21 -5 14 -7 -8 11 10 -10 12 -4 -13 15 24 18 -18 -17 20 -3 22 -1 -9 -2 -6 27 29 -26 -21
right_child=5 19 8 4 25 6 7 23 9 -11 -12 13 -14 -15 -16 16 17 -19 -20 26 -22 -23 -24 -25 28 -27 -28 -29 -30 -31
leaf_value=0.016164924731048264 0.0033267186699075663 0.057216601641636847 -0.025322517747759662 -0.022670441353281421 0.041609203895883927 0.060349791374426393 0.052954718899621611 0.023989085250557915 0.037326344067608035 0.052494343024039797 -0.020101209521101303 -0.04965722147540521 0.054516412774301873 0.0010655936280257591 0.040876029054376414 -0.0093980990700397483 0.025620440528750774 -0.030491944131303808 0.0078366962460049792 -0.042267701983841333 -0.035703742095990698 0.049105096668551139 -0.024995774761879697 -0.031127400031975779 -0.035944940201670966 0.092198632546567474 -0.0019018544360051384 -0.018561479666603802 -0.060770958219618268 -0.058124647307834544
leaf_weight=11.121884667314594 3.7120591141283494 2.5778269013389972 3.0649248892441419 2.8423956222832185 3.4058333747088909 6.2713243849575546 3.9045133674517265 4.1546510588377696 3.9830301534384551 4.0471266135573378 13.104833818972109 12.383768448606135 2.6756836529821157 4.8492821343243113 5.1978255715221158 44.228094973601401 3.9070012215524939 15.680109716951845 123.60001524910331 3.5212454032152909 2.5777356065809727 3.126875076442956 12.170763274654744 6.8981016762554646 3.0250031957402825 3.4488803297281265 3.065617846325039 3.6580338496714822 3.3420517100021243 6.6432903725653887
leaf_count=78 20 20 22 18 27 84 24 26 28 22 68 56 22 25 34 323 36 71 655 27 21 35 82 30 23 17 35 32 18 34
internal_value=-4.4729e-05 -0.00559986 -0.000242429 0.01175 0.0407604 0.00249241 0.0221485 0.00613138 -0.0100619 0.00462268 -0.00671535 -0.0235713 0.0118902 -0.0353841 0.000433761 -0.000630633 0.000933424 -0.0192993 0.00329477 -0.0250975 0.0107573 0.00110192 -0.00534217 -0.0104095 -0.0297134 0.0670628 -0.0360431 -0.0436151 -0.0489761 -0.0526314
internal_weight=326.19 102.269 80.2253 36.1166 9.69711 223.921 21.2286 14.9573 44.1086 21.135 17.0879 22.9737 5.74061 17.2331 202.692 197.494 187.415 19.5871 167.828 22.0437 5.15556 26.4195 23.2926 11.0528 10.0791 6.85471 16.8882 13.8226 6.36705 10.1645
internal_count=2013 669 500 257 62 1344 164 80 243 118 96 125 44 81 1180 1146 1085 107 978 169 41 195 160 56 61 44 128 93 41 61
is_linear=0
shrinkage=0.05


Tree=128
num_leaves=27
num_cat=0
split_feature=121 88 1 121 109 28 89 72 26 51 115 100 33 10 18 97 53 3 126 120 13 97 103 104 3 68
split_gain=1.81411 5.44403 8.75219 5.10878 3.97917 3.8104 3.7625 3.4429 5.12372 4.48751 3.38766 6.27496 5.62065 5.41028 5.35299 4.88042 4.66305 3.92173 3.54835 4.52707 2.84603 2.11363 1.8656 1.54888 0.87178 0.058213
threshold=0.084276847541332259 0.031080596148967746 0.19774394482374194 0.082531854510307326 32.790611267089851 0.12616589665412906 0.055076133459806449 0.091129224747419371 0.013940928038209678 0.078523598611354842 111.72847366333009 69.31451797485353 0.14746093750000003 0.047532685101032264 0.10950454324483873 82.766147613525405 0.0521464440971613 0.088647957891225829 0.10253834724426271 0.025332764722406868 0.02402543090283871 64.40952301025392 63.736347198486335 0.13068561255931857 0.11635044589638711 0.041623484343290336
decision_type=2 2 2 2 2 2 2 2 2 2 2 2 2 2 2 2 2 2 2 2 2 2 2 2 2 2
left_child=3 23 4 10 5 20 -5 9 -9 -6 12 14 16 15 22 -13 17 -1 19 -14 -3 -20 -12 -2 25 -25
right_child=1 2 -4 6 7 -7 -8 8 -10 -11 11 13 18 -15 -16 -17 -18 -19 21 -21 -22 -23 -24 24 -26 -27
leaf_value=0.0047401635625117363 0.00034421587631331584 0.0013483678497923741 0.078181658194819398 0.068407870127016088 -0.0061027690908430432 -0.035752695940269023 0.009249474671219178 0.079057947733577161 -0.003394066289976988 -0.03949781501166897 -0.030255443512910204 -0.036592096445769356 0.012169923164940942 0.050470744809067374 0.013563218370463682 0.027713400670875101 -0.035979962095811363 0.023576573432258878 -0.014966778293750824 -0.034340094085157577 0.062586282867691134 -0.056708762110564609 -0.065144018527643691 -0.04779550240214718 -0.022800124389857648 -0.057579566119566064
leaf_weight=88.796580076217651 2.3225247897207728 3.0010887123644334 3.334712700918316 4.8854328077286464 48.780652013607323 2.079617876559495 5.9746751934289932 2.6092379018664342 6.7805460784584284 12.673060286790131 16.062085680663593 6.5952586531639117 16.645011406391863 5.9719064123928538 6.4205195475369683 5.3391116037964821 5.6061506979167453 40.116432161070406 6.1459061726927739 7.6303767729550591 5.1586400857195258 5.9867864958941936 5.0321597158908835 2.2028744723647815 3.1075467448681593 4.9061873909085989
leaf_count=551 18 27 21 29 327 13 31 14 42 67 75 23 102 32 32 34 26 259 38 46 57 34 16 35 33 31
internal_value=-4.53167e-05 -0.0057712 -0.00120496 0.00239809 -0.00446991 0.0246651 0.035862 -0.00868094 0.0195177 -0.0129895 0.000718294 -0.0114189 0.00394356 0.0116181 -0.0264112 -0.00782357 0.00866054 0.0106019 -0.0134846 -0.00244937 0.0400634 -0.035564 -0.0385783 -0.0365126 -0.0448912 -0.0545478
internal_weight=324.165 96.9567 84.4176 227.208 81.0828 10.2393 10.8601 70.8435 9.38978 61.4537 216.348 45.421 170.927 17.9063 27.5148 11.9344 134.519 128.913 36.4081 24.2754 8.15973 12.1327 21.0942 12.5391 10.2166 7.10906
internal_count=2013 685 568 1328 547 97 60 450 56 394 1268 212 1056 89 123 57 836 810 220 148 84 72 91 117 99 66
is_linear=0
shrinkage=0.05


Tree=129
num_leaves=24
num_cat=0
split_feature=35 11 122 130 115 39 20 50 117 58 57 3 52 45 16 28 14 107 104 132 10 117 69
split_gain=1.82248 3.16716 4.70687 4.44386 3.15077 3.00193 3.29079 2.60945 4.5981 4.18449 5.28757 3.02718 6.46763 5.1671 4.56547 4.0365 3.91747 3.44724 1.54829 1.50645 1.97764 1.46958 0.0117773
threshold=0.16559710353612903 0.046815210953354842 0.013239590916782619 0.062464492395520217 49.354843139648445 0.0097357300110161322 0.045629383996129043 0.17567163705825808 908.00109863281261 0.012366469949483873 0.045788822695612914 0.088647957891225829 0.00078722895705141138 0.0014648437500000002 0.2812898606061936 0.0084502552635967749 0.001773756346665323 3.4397064447402959 0.58425149321556102 0.081060789525508894 0.040128747001290328 825.77902221679699 0.055863361805677421
decision_type=2 2 2 2 2 2 2 2 2 2 2 2 2 2 2 2 2 2 2 2 2 2 2
left_child=4 2 21 -4 5 6 -1 11 9 18 -11 15 13 -13 -14 16 -6 -17 -9 -7 -21 22 -2
right_child=1 -3 3 -5 7 19 -8 8 -10 10 -12 12 14 -15 -16 17 -18 -19 -20 20 -22 -23 -24
leaf_value=0.030976654134183726 -0.052356674197299585 0.021727004370813704 -0.033321598733970836 0.028370421228028353 0.016517780105574691 0.074755983282646363 -0.054025742172219428 -0.0032652358113474502 0.064522006775710378 0.081675088252451733 0.0016742950085544964 -0.00011203207348664999 -0.005507570660760709 0.060058435623175289 0.031602871048427503 -0.0030390076996840826 -0.024518042018731135 0.025035165141974777 -0.055377221138342758 -0.0083440626115612732 0.065260252714754788 -0.015440530697327823 -0.05629311538305868
leaf_weight=2.8001637533307058 3.0950132701546007 5.6022601854056111 5.1222797296941263 6.7865358330309391 6.9067043494433156 3.0061326995491982 1.9188864091411231 2.8876902759075191 4.1277365088462821 2.8940928820520622 7.213321490213275 5.8644130025058976 55.319315850734711 9.1114575155079347 9.7480937372893077 126.53361449018121 36.826207978650928 11.968735887669025 2.8145858822390437 1.9017423698678615 1.754589920863509 3.3743665516376486 4.9216510057449341
leaf_count=32 25 38 28 32 44 35 21 20 28 17 45 46 319 52 61 725 243 90 22 21 20 20 29
internal_value=-4.79655e-05 -0.0120277 -0.0201438 0.00183514 0.00113134 0.0269238 -0.00358749 9.11521e-05 0.0175293 0.00526004 0.0245812 -0.00123443 0.00687073 0.0364962 5.21414e-05 -0.00479446 -0.0180373 -0.000612967 -0.0289872 0.0485351 0.026977 -0.0431218 -0.0547734
internal_weight=322.5 28.9021 23.2998 11.9088 293.597 11.3815 4.71905 282.216 19.9374 15.8097 10.1074 262.279 80.0433 14.9759 65.0674 182.235 43.7329 138.502 5.70228 6.66246 3.65633 11.391 8.01666
internal_count=2013 172 134 60 1841 129 53 1712 132 104 62 1580 478 98 380 1102 287 815 42 76 41 74 54
is_linear=0
shrinkage=0.05


Tree=130
num_leaves=20
num_cat=0
split_feature=117 5 52 106 104 121 98 115 29 124 122 117 51 115 26 86 125 130 2
split_gain=1.82652 2.01405 4.09371 4.09191 4.36716 4.01532 4.89327 3.65186 4.22357 7.03545 5.49415 3.83919 4.25213 4.99619 4.04553 3.90207 3.63604 2.60015 0.64716
threshold=1020.0009765625001 0.064961336553096785 0.09956951811909677 42.492246627807624 -0.35246911644935602 0.084276847541332259 -0.35441146790981287 112.69572830200197 0.011569275986403229 0.020371722988784317 0.013117847498506309 940.02127075195324 0.1169184483587742 106.19445800781251 0.030761718750000003 0.12511958181858066 0.080878175795078291 0.061368800699710853 0.013482541311532261
decision_type=2 2 2 2 2 2 2 2 2 2 2 2 2 2 2 2 2 2 2
left_child=1 2 3 4 18 6 -5 11 -9 10 -10 12 13 -3 -13 -14 -7 -6 -1
right_child=-2 7 -4 5 17 16 -8 8 9 -11 -12 14 15 -15 -16 -17 -18 -19 -20
leaf_value=0.014628526745086532 0.027691681888054515 0.0041245042883802947 0.049344845933128628 0.06247129924014766 -0.012347431001766874 -0.0040098829801837703 0.0034552434690906264 -0.047904275786887524 -0.010131905746612224 -0.042927735181022685 0.061891067498408107 0.0070769739214392004 -0.031866507569306805 0.0430274846291515 0.065657371747742554 0.022585011713703293 -0.044801770781311256 -0.036623890190025113 0.060609495527561133
leaf_weight=1.3960900353267782 5.8264538161456576 110.42780151357874 3.3852722197771064 3.7343655237928024 29.123749794438481 17.859621989540759 59.081957871094346 6.9484336357563761 5.707609776407482 6.4388968572020522 4.9393522888422012 6.6168021038174611 13.852345256134869 8.9196552224457246 5.3142249993979931 4.315030380152165 7.8702001795172682 17.753374113701284 1.6934781773015855
leaf_count=20 39 711 19 32 167 143 359 30 27 26 24 32 72 47 35 24 44 140 22
internal_value=-4.82492e-05 -0.00056073 -0.00497873 -0.00630641 -0.0177466 0.000149293 0.00696369 0.00305297 -0.0150366 -0.00167006 0.0232811 0.00596219 0.00360164 0.00703199 0.0331694 -0.0189334 -0.0164872 -0.0215414 0.039832
internal_weight=321.205 315.378 141.898 138.513 49.9667 88.5461 62.8163 173.48 24.0343 17.0859 10.647 149.446 137.515 119.347 11.931 18.1674 25.7298 46.8771 3.08957
internal_count=2013 1974 946 927 349 578 391 1028 107 77 51 921 854 758 67 96 187 307 42
is_linear=0
shrinkage=0.05


Tree=131
num_leaves=27
num_cat=0
split_feature=14 30 101 60 89 115 40 30 10 53 75 77 44 54 35 119 111 129 36 76 59 29 58 113 109 107
split_gain=1.79925 1.87226 5.63417 6.27254 8.41453 3.84179 3.83694 4.29365 4.49315 4.78819 4.33586 3.96995 3.81705 3.45375 3.38926 3.22299 4.11291 3.10712 2.94438 2.77043 2.5976 1.71718 1.46356 0.466785 0.0114062 0.000693598
threshold=6.9754463766003041e-05 0.0010064572561532261 1.0000000180025095e-35 0.009197624400258066 0.026327327825129036 86.901943206787124 0.10381457209587099 0.0018435108941048386 0.031718350946903236 0.017249282449483875 0.034209582954645164 0.093002628535032286 0.015615035314112903 0.0064473056700080642 0.086156725883483901 0.041291290894150741 63.767238616943366 0.021984822116792205 0.10410355404019357 0.018853634595870975 0.013721699826419355 0.0010662467684596779 0.0012057557469233873 0.30195260047912603 67.023105621337905 1.0104594826698305
decision_type=2 2 2 2 2 2 2 2 2 2 2 2 2 2 2 2 2 2 2 2 2 2 2 2 2 2
left_child=22 2 14 15 19 -6 7 10 9 -9 18 -10 23 -14 17 16 -4 -2 -3 -5 -15 -17 -1 -8 25 -24
right_child=1 6 3 4 5 -7 12 8 11 -11 -12 -13 13 20 -16 21 -18 -19 -20 -21 -22 -23 24 -25 -26 -27
leaf_value=-0.01186401068822608 0.031192015954421382 0.024096182070075911 -0.039824175374295195 0.074654354906654466 -0.041603707386883432 0.017321323513382791 -0.032980133202910197 -0.013223398159162673 0.0083360063418905419 0.01664641375128998 -0.01323061742649375 -0.044103741482088218 0.037340826144954258 -0.051047110454553818 0.06034203841803433 -0.024904054293317785 0.029688553517009761 -0.037307520918614626 0.077991348080611936 0.01419185775107705 0.0053479291198313622 -0.059529929515356683 0.051871814900486195 -0.056993771666238459 0.059663939603499451 0.05408223634980406
leaf_weight=1.162276444025337 3.9045591754838807 6.0516945123672468 4.838611841201784 3.9282420873641994 8.0930914804339391 4.2025158405303946 3.7246529236435908 70.513650669716299 135.5372231034562 16.569405905902386 4.2569256704300633 3.7078785644844166 3.8490204997360697 3.7107952907681447 3.9660641588270664 5.5372917028143993 3.7984347026795149 2.8740167319774628 4.3598582558333874 3.6596309654414654 4.5400807932019234 10.13278512842953 0.75424208678305171 4.4312645047903061 1.1150740906596182 0.67027925606817007
leaf_count=8 35 42 33 24 40 21 20 452 791 103 38 57 38 20 22 40 24 15 24 21 24 48 28 22 11 12
internal_value=-4.78911e-05 -0.000453637 -0.00884408 -0.0167398 0.00408821 -0.0214637 0.00131068 0.00306739 0.00136836 -0.00754003 0.0292827 0.00693962 -0.0195901 -0.00177024 0.0236294 -0.0337773 -0.00925359 0.00214922 0.0466649 0.0454933 -0.0200155 -0.0472943 0.034608 -0.0460272 0.0558765 0.0529119
internal_weight=319.89 316.188 54.9352 44.1906 19.8835 12.2956 261.252 240.997 226.328 87.0831 14.6685 139.245 20.2558 12.0999 10.7446 24.3071 8.63705 6.77858 10.4116 7.58787 8.25088 15.6701 3.70187 8.15592 2.5396 1.42452
internal_count=2013 1954 323 251 106 61 1631 1507 1403 555 104 848 124 82 72 145 57 50 66 45 44 88 59 42 51 40
is_linear=0
shrinkage=0.05


Tree=132
num_leaves=16
num_cat=0
split_feature=101 90 90 39 80 43 71 54 133 132 87 28 50 119 34
split_gain=1.75347 2.60424 4.63183 2.81806 3.45706 2.64789 2.9971 3.58374 2.86614 3.89082 2.92929 2.39527 0.782011 0.714485 0.000594437
threshold=3.2790094614028935 0.0079619740135967749 0.010104432236403229 0.0072743939235806474 0.1165696755051613 0.0021025987807661299 0.003238600213080645 0.013303172774612905 0.51638463139534008 0.046008847653865821 0.016302614472806457 0.0023616869002580647 0.034488599747419364 0.043036278337240226 0.044852118939161308
decision_type=2 2 2 2 2 2 2 2 2 2 2 2 2 2 2
left_child=1 3 12 11 -5 6 -4 -8 10 -10 -7 -1 -3 14 -2
right_child=13 2 5 4 -6 8 7 -9 9 -11 -12 -13 -14 -15 -16
leaf_value=0.029831161665876762 -0.051247799823707252 -0.059667596100890799 0.034298720628626288 -5.6379576719223034e-05 0.06745514880869706 0.038947094447137051 -0.02969646404663815 0.020715386035785779 0.039225296790376653 -0.0083296068508660892 -0.00040513431628860682 -0.034029150337508474 -0.024500889191781769 0.0013709170601670856 -0.052881702953832481
leaf_weight=2.720568794757126 1.3009724356234071 3.3239783681929103 2.7812727130949524 3.1220172457396984 4.8296102918684483 4.8219228070229283 19.450465643778447 4.3058628905564538 11.175240412354471 6.9925497416406861 245.22585559263825 3.1901866570115089 3.0145154260098934 0.86823706701397885 0.9729892536997794
leaf_count=15 32 17 28 20 32 37 161 31 81 41 1437 25 25 18 13
internal_value=-4.83615e-05 0.000322432 -0.000653133 0.0215118 0.0409484 0.000256279 -0.0148099 -0.0205593 0.00174694 0.020922 0.000353734 -0.00463589 -0.0429427 -0.0372144 -0.0519469
internal_weight=318.096 314.954 301.092 13.8624 7.95163 294.753 26.5376 23.7563 268.216 18.1678 250.048 5.91076 6.33849 3.1422 2.27396
internal_count=2013 1950 1858 92 52 1816 220 192 1596 122 1474 40 42 63 45
is_linear=0
shrinkage=0.05


Tree=133
num_leaves=16
num_cat=0
split_feature=127 18 128 53 120 120 127 52 114 131 21 51 98 96 79
split_gain=1.74144 3.78194 2.51344 2.19725 2.03714 5.74273 5.96372 5.83216 3.20001 4.45746 3.97317 3.61719 3.30034 3.64282 2.24916
threshold=0.028011118993163112 0.11348054558038713 0.009932229761034252 0.088797435164451613 0.014335281215608122 0.013594675809144975 0.023547195829451088 0.018893495202064518 34.590147018432624 0.017449882812798027 0.030911192297935489 0.012426259461790325 1.6718026399612429 67.122688293457045 0.010921556502580644
decision_type=2 2 2 2 2 2 2 2 2 2 2 2 2 2 2
left_child=3 2 -2 4 5 6 7 -1 12 11 -11 -10 13 -6 -7
right_child=1 -3 -4 -5 8 14 -8 -9 9 10 -12 -13 -14 -15 -16
leaf_value=-0.0031827174131478838 0.03914240457261519 0.067044621116104763 -0.01428822073626773 -0.041038370062598528 0.093156309291473713 0.019371159181773571 -0.051468477712412697 0.037685079145856365 -0.043104442121719579 -0.026041785387584601 0.00050037559347434763 -0.0019949769769883655 -0.034352970256561262 0.019014977933061117 0.072233663957465999
leaf_weight=34.083295088261366 3.263127086684106 3.0058105438947669 6.7624095305800438 3.3575492016971102 2.1377839725464565 3.8270864412188512 4.76859451457858 11.73576890490949 12.291189767420294 15.206576636992393 193.67541961045936 9.4764220612123591 2.0429652556776992 7.36284682713449 4.2430349979549646
leaf_count=239 30 17 35 23 14 26 30 79 62 130 1144 50 28 77 29
internal_value=-4.73396e-05 0.0178514 0.00310246 -0.000814064 -0.000365154 0.00799517 0.00174654 0.00728487 -0.00238997 -0.00367573 -0.00143189 -0.0252076 0.0233004 0.0356979 0.0471647
internal_weight=317.24 13.0313 10.0255 304.209 300.851 58.6578 50.5877 45.8191 242.193 230.65 208.882 21.7676 11.5436 9.50063 8.07012
internal_count=2013 82 65 1931 1908 403 348 318 1505 1386 1274 112 119 91 55
is_linear=0
shrinkage=0.05


Tree=134
num_leaves=22
num_cat=0
split_feature=81 71 67 48 106 6 6 26 109 106 115 49 120 42 60 125 5 103 114 95 44
split_gain=1.7391 2.56081 2.48865 2.40489 2.27464 5.43727 4.39742 4.45021 4.36007 4.1823 5.19524 4.16056 4.34434 4.27843 4.13426 2.23104 2.676 1.95937 0.889526 0.597071 0.0312772
threshold=2.9894769795646429e-05 0.0020428092684596781 0.10851801559329034 0.031040736474096779 42.882822036743171 0.12053571641445161 0.13649952411651614 0.031808035448193557 28.228940963745121 37.289279937744148 59.556312561035163 0.2370456010103226 0.014213537797331812 0.0074039383325725803 0.0044941806700080642 0.074395343661308302 0.10015744343400003 47.193874359130866 41.757537841796882 0.041284678503870971 0.026885363273322586
decision_type=2 2 2 2 2 2 2 2 2 2 2 2 2 2 2 2 2 2 2 2 2
left_child=1 -1 18 15 5 9 -7 -8 17 14 -11 12 -10 -13 -5 16 -2 -6 -3 -17 -19
right_child=3 2 -4 4 8 6 7 -9 11 10 -12 13 -14 -15 -16 19 -18 20 -20 -21 -22
leaf_value=0.03129508142519568 0.037504904850836081 -0.018427697701074316 0.00036308253947441103 -0.0064793033425975463 -0.0021478227887930666 0.066663048228778735 -0.03865321585188173 0.040224005903781133 0.014877218826024828 0.029696556814610461 -0.031701120883009436 -0.014670889072720511 -0.0071812752602411142 0.024166530653654966 0.03397991565534985 0.062364512341437799 -0.042645902004044993 0.064049209872100901 -0.054630212306824626 0.023677115003268814 0.055940508648945703
leaf_weight=2.4148201858624807 2.2259452594444138 2.4981549344956857 5.7454882878810167 61.165929678827524 1.7661349000409234 4.3447109032422286 3.3925170861184597 3.7813830226659775 28.512314963154495 3.925590834580361 28.167310430668294 9.0578895639628154 102.79144400404766 32.661051400005817 7.0407770760357371 3.2053846344351768 1.9568924028426407 1.9911409690976141 5.2892662459053099 1.4477452877908943 2.95283592492342
leaf_count=28 32 26 35 384 15 30 25 23 192 27 154 52 610 165 42 38 16 14 32 32 41
internal_value=-4.61401e-05 -0.0161359 -0.0245995 0.000808075 2.9237e-05 -0.00556997 0.0269653 0.00292319 0.0035127 -0.00930638 -0.024191 0.00197909 -0.00239132 0.0157343 -0.00230282 0.0265066 7.27342e-06 0.0430575 -0.0430167 0.0503276 0.0592062
internal_weight=316.335 15.9477 13.5329 300.387 291.551 111.818 11.5186 7.1739 179.733 100.3 32.0929 173.023 131.304 41.7189 68.2067 8.83597 4.18284 6.71011 7.78742 4.65313 4.94398
internal_count=2013 121 93 1892 1774 685 78 48 1089 607 181 1019 802 217 426 118 48 70 58 70 55
is_linear=0
shrinkage=0.05


Tree=135
num_leaves=17
num_cat=0
split_feature=118 121 22 115 97 58 30 5 98 5 51 38 21 115 117 35
split_gain=1.73504 1.89651 5.56525 4.04845 6.74591 5.14368 5.07018 3.08969 4.16837 3.85836 3.58515 3.57724 3.88829 5.11115 3.39395 2.88916
threshold=0.17714674025774005 0.045146496966481216 0.11390903964638711 107.02283477783205 63.843698501586921 0.020856585353612903 0.018006616272032264 0.064961336553096785 1.4361158013343813 0.066924426704645171 0.1169184483587742 0.15192522108554843 0.040975764393806464 94.235260009765639 711.08227539062511 0.027323819696903232
decision_type=2 2 2 2 2 2 2 2 2 2 2 2 2 2 2 2
left_child=1 2 3 4 5 -1 -5 11 9 -9 -11 12 13 -3 -14 -6
right_child=-2 7 -4 6 15 -7 -8 8 -10 10 -12 -13 14 -15 -16 -17
leaf_value=-0.040487894039141652 0.034088760759000455 0.01766697915076992 -0.049550904780169866 -0.035563783420349819 0.0063247855808012191 0.027176416751737438 0.030626034461063458 0.046153564876164059 -0.04351944767045117 0.005456668995566503 -0.01782553103162322 0.043920599911765293 -0.040589577434710283 -0.020668127812860603 -0.011707451809153491 0.061607116778046048
leaf_weight=4.9283347064629215 3.6795292589813462 23.185641832649708 3.6311195828020564 7.1228927727788669 3.0073222815990439 6.5301063396036625 4.8722608163952827 5.2342500090599051 4.7654865924268952 129.00704486388713 18.96565564814955 3.1834396272897711 12.270132092759011 13.912135386839507 59.471805914305151 11.038092864677308
leaf_count=40 18 206 22 29 22 46 35 33 39 771 99 20 101 103 345 84
internal_value=-4.43412e-05 -0.000448016 0.00955379 0.015277 0.0265439 -0.00192635 -0.00867842 -0.00197165 0.00253249 0.00396493 0.00247259 -0.00832329 -0.00985137 0.00329083 -0.0166472 0.0497704
internal_weight=314.805 311.126 41.1301 37.499 25.5039 11.4584 11.9952 269.996 157.972 153.207 147.973 112.023 108.84 37.0978 71.7419 14.0454
internal_count=2013 1995 278 256 192 86 64 1717 942 903 870 775 755 309 446 106
is_linear=0
shrinkage=0.05


Tree=136
num_leaves=12
num_cat=0
split_feature=37 42 42 66 78 121 66 70 80 14 49
split_gain=1.71946 2.42091 2.32591 2.0746 5.63579 4.41156 3.1235 4.74597 2.99786 0.55681 0.0203309
threshold=0.0023915816564112906 6.9754463766003041e-05 0.00058793049538508068 0.20555644482374194 0.0049525669310241946 0.10123975202441217 0.13725686073303225 0.074268575757741942 0.0019232302438467743 0.027064732275903228 0.1899613365530968
decision_type=2 2 2 2 2 2 2 2 2 2 2
left_child=9 -2 -3 6 5 -5 8 -8 -4 10 -1
right_child=1 2 3 4 -6 -7 7 -9 -10 -11 -12
leaf_value=-0.046853394117366665 0.045706327727018679 -0.042746972277969919 -0.011000370332966754 0.012785064006809337 -0.053746450437335086 -0.047192269178259999 0.007310030714833513 0.055418160425350332 0.002345499254015229 -0.010191740046235282 -0.056766741061004135
leaf_weight=1.0856839763000605 2.9137332532554856 3.1619860064238301 55.88965141447261 14.923819688148802 6.4377274364233008 3.8585975971072903 46.891211778856814 5.7558684162795535 170.27475913800299 1.3368362952023742 0.98773358575999726
leaf_count=30 24 32 390 97 33 27 285 36 1028 19 12
internal_value=-4.31333e-05 0.000345171 -8.508e-05 0.000358612 -0.0133742 0.000463519 0.00160082 0.0125697 -0.000952526 -0.0353531 -0.0515759
internal_weight=313.518 310.107 307.194 304.032 25.2201 18.7824 278.811 52.6471 226.164 3.41025 2.07342
internal_count=2013 1952 1928 1896 157 124 1739 321 1418 61 42
is_linear=0
shrinkage=0.05


Tree=137
num_leaves=25
num_cat=0
split_feature=35 11 122 84 115 38 13 50 117 58 57 3 52 45 16 28 14 107 83 104 117 40 41 69
split_gain=1.67251 2.90395 4.25892 3.94447 2.85512 2.62261 2.69793 2.42119 4.03971 3.6504 4.64471 2.67772 5.73485 4.24725 3.91097 3.57251 3.32524 3.13064 1.81379 1.6402 1.38737 1.35579 1.26477 0.0132628
threshold=0.16559710353612903 0.046815210953354842 0.013239590916782619 0.13808394223451617 49.354843139648445 0.0072843588422983893 0.018624441698193554 0.17567163705825808 908.00109863281261 0.012366469949483873 0.045788822695612914 0.088647957891225829 0.00078722895705141138 0.0014648437500000002 0.2812898606061936 0.0084502552635967749 0.001773756346665323 3.4397064447402959 0.12707269936800006 0.49873226881027227 825.77902221679699 0.019013074226677421 0.048001037910580642 0.055863361805677421
decision_type=2 2 2 2 2 2 2 2 2 2 2 2 2 2 2 2 2 2 2 2 2 2 2 2
left_child=4 2 20 -4 5 6 -1 11 9 19 -11 15 13 -13 -14 16 -6 -17 21 -9 23 -7 -23 -2
right_child=1 -3 3 -5 7 18 -8 8 -10 10 -12 12 14 -15 -16 17 -18 -19 -20 -21 -22 22 -24 -25
leaf_value=-0.044863439959836326 -0.051623407778541769 0.020951860551871791 -0.021579273643381334 0.038345401194308772 0.014922190610469699 0.092758994660550501 0.042327074288879774 0.00074977881751153133 0.062167473923943561 0.078020922483119287 0.0018848348745395338 0.00059765621129950406 -0.0052187477468680571 0.055876481976915054 0.029497752461586327 -0.0029654793672152426 -0.023470979379642088 0.024094952175478558 -0.0011426335203987808 -0.054498275866722082 -0.015275145499990149 0.0016810562687770492 0.063291461067491867 -0.055962633000457944
leaf_weight=2.1053951298817979 2.8430221341550403 5.4617459680885068 7.2140951212495548 4.4339187778532505 6.714429782703518 1.8620507316663859 1.5334001965820787 2.6185878813266781 3.9691704679280511 2.8059381004422885 7.0017270985990763 5.6364447996020308 53.848039885051548 9.0604846794158203 9.5514338351786119 123.40224951412529 35.233722317032516 11.701673964038489 1.6892180684953926 2.7586154025048018 3.2737046852707863 1.336779333651066 2.21032739803195 4.6267613582313061
leaf_count=33 25 38 37 23 44 10 16 19 28 17 45 46 319 52 61 725 243 90 15 23 20 19 36 29
internal_value=-4.29825e-05 -0.0117372 -0.0197107 0.00123158 0.00109974 0.0263927 -0.00812107 0.000109687 0.0172546 0.00551487 0.0236671 -0.00117739 0.00653504 0.0346764 1.1459e-05 -0.00457928 -0.0173256 -0.000621711 0.0440853 -0.0275936 -0.0424163 0.0582094 0.0400727 -0.0543111
internal_weight=312.893 27.8532 22.3915 11.648 285.04 10.7372 3.6388 274.303 19.154 15.1849 9.80767 255.148 78.0964 14.6969 63.3995 177.052 41.9482 135.104 7.09838 5.3772 10.7435 5.40916 3.54711 7.46978
internal_count=2013 172 134 60 1841 129 49 1712 132 104 62 1580 478 98 380 1102 287 815 80 42 74 65 55 54
is_linear=0
shrinkage=0.05


Tree=138
num_leaves=26
num_cat=0
split_feature=46 110 80 79 120 126 12 86 110 0 6 71 104 68 69 77 112 127 76 75 132 118 21 52 114
split_gain=1.67496 2.32872 1.97834 3.75329 3.48697 3.33788 4.08227 3.31999 4.36837 3.13519 4.26401 5.31582 7.5558 3.33337 5.92111 4.50598 4.46453 3.15444 3.83581 3.04544 2.25148 1.95055 1.18611 1.1133 0.174879
threshold=0.096719548106193556 0.64323705434799205 0.0019232302438467743 0.003726881463080645 0.036594027653336532 0.072670642286539092 0.027333784848451618 0.059361048042774207 0.78838762640953075 0.014628507662564518 0.11837332695722581 0.089345503598451628 0.37097154557704931 0.03533561900258065 0.044284120202064521 0.053292412310838706 71.275722503662124 0.02462259586900473 0.1135702356696129 0.017617984674870971 0.085413116961717619 0.1115473583340645 0.064951371401548399 0.019381775520741943 67.830028533935561
decision_type=2 2 2 2 2 2 2 2 2 2 2 2 2 2 2 2 2 2 2 2 2 2 2 2 2
left_child=2 -2 3 4 7 6 -5 19 -9 10 11 12 -4 17 16 -16 -15 18 -11 -1 -12 -3 -7 -6 -24
right_child=1 21 9 5 23 22 -8 8 -10 13 20 -13 -14 14 15 -17 -18 -19 -20 -21 -22 -23 24 -25 -26
leaf_value=-0.0046915908666529072 -0.026231190220912911 0.0094531306570065227 0.037881353044009594 -0.051754263804059231 -0.013518871247635825 -0.016160881045191058 0.029745745949851882 0.027609999359666727 -0.0035793322445448238 -0.017612419805626247 0.0250620475786212 0.058984492387034661 -0.034254737297724429 0.0071949865448595468 -0.00014775909341020581 -0.046992394711496965 0.04185161814289437 0.04251135679072604 0.04290141524356593 -0.052068987317873072 0.089601304063361961 0.067005012045461623 -0.042549750277306952 -0.050181414274050422 -0.057591775789806315
leaf_weight=15.97684262506664 1.8350663054734457 2.9397304337471724 6.0028925696387949 2.3692310005426434 4.0438373014330846 3.0284359408542505 4.37137171626091 19.362532641738653 26.717817867174745 44.910778620280325 2.644320096820592 4.0097991582006207 9.1835534218698722 24.851452566683292 90.8419398246333 5.4409165997058144 14.842952681705354 2.5961035694926968 2.7808607770130029 4.3061446370556942 2.7636220194399357 2.9492479311302304 2.9148340579122287 4.2435480058193207 5.7321029026061296
leaf_count=114 18 31 48 26 25 31 39 124 156 327 26 20 61 143 486 39 92 22 24 36 17 30 26 20 32
internal_value=-4.30562e-05 0.0229502 -0.000627392 -0.00669948 -0.00171226 -0.0269156 0.00109959 0.0021065 0.00952613 0.00205251 0.0188273 0.00777931 -0.00574081 -0.000163303 0.00390435 -0.00279494 0.0201542 -0.0111622 -0.0140839 -0.01475 0.0580436 0.0382756 -0.0430898 -0.0322919 -0.0525212
internal_weight=311.66 7.72404 303.936 93.0667 74.6507 18.416 6.7406 66.3633 46.0804 210.869 24.6042 19.1962 15.1864 186.265 135.977 96.2829 39.6944 50.2877 47.6916 20.283 5.40794 5.88898 11.6754 8.28739 8.64694
internal_count=2013 79 1934 629 475 154 65 430 280 1305 172 129 109 1133 760 525 235 373 351 150 43 61 89 45 58
is_linear=0
shrinkage=0.05


Tree=139
num_leaves=24
num_cat=0
split_feature=117 115 29 124 114 122 128 89 45 45 128 104 94 68 55 119 7 54 79 95 89 21 71
split_gain=1.62838 1.8492 5.90901 5.76851 7.8769 4.54752 3.58342 5.11909 4.49994 5.34972 4.47435 3.70955 4.57287 3.53934 3.52976 3.39746 3.26124 3.08781 3.05788 1.91282 1.46717 0.82126 0.645141
threshold=1020.0009765625001 111.72847366333009 0.011210538912564518 0.020371722988784317 82.15610504150392 0.010561236646026375 0.0091003165580332297 0.064034596085548415 0.00102638709358871 0.0054707431700080642 0.0086336336098611372 -0.058344474062323563 0.057118941098451621 0.064154177904129042 0.015674824826419357 0.070205342024564757 0.054488200694322593 0.017867107875645164 0.005809550406411291 0.058753188699483878 0.068588566035032286 0.089933436363935484 0.022969149053096775
decision_type=2 2 2 2 2 2 2 2 2 2 2 2 2 2 2 2 2 2 2 2 2 2 2
left_child=1 6 20 4 18 -6 10 8 -8 -10 11 14 -13 15 -1 -9 -12 -15 -4 -5 22 -18 -3
right_child=-2 2 3 19 5 -7 7 13 9 -11 16 12 -14 17 -16 -17 21 -19 -20 -21 -22 -23 -24
leaf_value=0.032261815131989696 0.026540099895379705 -0.03256253833170205 0.014683202102780424 -0.010688392972013926 -0.022374823356358129 0.042649195278269866 -0.019504366724537019 -0.0028158656803452049 0.069403211365447678 0.019505200379820661 0.0066351298000150568 0.0010337627333223227 -0.023209580649372858 -0.0028128073431996077 -0.013976633030741351 0.070708271702752318 -0.058954217804205823 -0.050006997986279347 -0.036825405192973525 -0.055731689342013807 -0.010111378058541667 -0.029094421542956984 -0.05917786055645461
leaf_weight=15.498649968765678 5.6549083925783625 3.7864368632435781 4.3446600548923042 4.5596265420317632 3.2562296986579922 15.431608993560074 4.5377641404047635 4.0712017314508584 7.6863596551120308 17.836957044433802 4.2997218146920195 140.63343028910458 22.573171943426132 10.829735632985829 5.6255564512684932 2.5586988944560289 5.2922937339171749 5.0971445664763442 8.5552223622798902 4.879066564142704 3.3570630392059675 4.0764888487756252 5.7108245026320219
leaf_count=159 39 23 26 23 16 80 34 34 42 116 24 909 160 77 45 21 25 21 41 20 19 23 36
internal_value=-4.51002e-05 -0.000538821 -0.00894228 0.000326093 0.0105747 0.0313192 0.00126786 0.0128657 0.0263751 0.034532 -0.00181425 0.000232495 -0.00231934 -0.00513804 0.0199481 0.0255595 -0.0294163 -0.0179166 -0.0194774 -0.0339723 -0.0385236 -0.0459618 -0.0485667
internal_weight=310.153 304.498 53.8807 41.0264 31.5877 18.6878 250.617 52.6179 30.0611 25.5233 197.999 184.331 163.207 22.5568 21.1242 6.6299 13.6685 15.9269 12.8999 9.43869 12.8543 9.36878 9.49726
internal_count=2013 1974 284 206 163 96 1690 345 192 158 1345 1273 1069 153 204 55 72 98 67 43 78 48 59
is_linear=0
shrinkage=0.05


Tree=140
num_leaves=22
num_cat=0
split_feature=25 90 42 122 108 20 78 122 8 76 8 23 127 127 59 9 39 9 103 111 48
split_gain=1.61749 2.99945 3.78055 3.49369 3.57063 2.95386 3.26332 2.50707 2.47222 5.36573 3.67928 3.30013 3.24051 2.3777 3.40285 2.36528 2.48061 2.25525 1.69272 1.34613 0.354059
threshold=0.12095424160361291 0.084213569760322585 0.0706014819443226 0.012103319633752109 86.310359954833999 0.071498323231935515 0.0015047034248709681 0.012996104080229999 0.088867187500000014 0.0004284917085897178 0.084941007196903243 0.091477997601032271 0.028011118993163112 0.025769012980163101 0.018704161979258064 0.079400513321161284 0.078154891729354872 0.055873326957225806 46.737764358520515 131.93556213378909 0.21321946382522586
decision_type=2 2 2 2 2 2 2 2 2 2 2 2 2 2 2 2 2 2 2 2 2
left_child=1 2 8 4 15 6 18 -5 10 19 12 -11 -1 14 -9 -3 -17 -4 -2 -10 -19
right_child=5 3 17 7 -6 -7 -8 13 9 11 -12 -13 -14 -15 -16 16 -18 20 -20 -21 -22
leaf_value=-0.00038320984566806495 0.00040666498622265947 -0.013705631843170038 0.0061702978679200847 -0.057507616879239165 -0.032498713122754201 0.054503667825286699 -0.023239488059316381 -0.023235520385494354 0.062283842265773937 -0.050819446968073737 0.045984395326131494 -0.010525636124643726 0.033009653754621823 -0.048363455921880766 0.034663603271060439 0.073836143894183873 0.012225313677110961 0.044060676911205715 0.062397853022810618 0.0080782301959088157 0.072385066587416363
leaf_weight=211.52867272868752 2.0111584933474642 3.2098372057080251 3.7968687228858453 5.1268213149160173 4.4182906164787701 3.7588009350001803 5.5082551687955856 8.5058895908296126 2.2809447422623661 7.7139400988817242 4.5923960879445067 14.890703290700911 7.5235811080783597 4.5460246447473756 3.6167222564108661 2.8502739202231169 3.8277814276516438 2.132492957636714 2.4338209945708513 2.3005547150969505 2.2860524728894234
leaf_count=1352 19 22 32 24 38 32 30 49 19 44 27 73 48 24 34 30 25 26 28 21 16
internal_value=-4.70193e-05 -0.000826924 0.00105476 -0.0143289 0.00486974 0.0167402 0.002479 -0.0269305 -3.84019e-05 -0.0142757 0.00169228 -0.0242761 0.000763703 -0.0175258 -0.0059616 0.0215674 0.0385216 0.0344308 0.0343496 0.035065 0.0587151
internal_weight=308.86 295.148 259.046 36.1016 14.3062 13.712 9.95323 21.7955 250.831 27.1861 223.645 22.6046 219.052 16.6686 12.1226 9.88789 6.67806 8.21541 4.44498 4.5815 4.41855
internal_count=2013 1904 1658 246 115 109 77 131 1584 157 1427 117 1400 107 83 77 55 74 47 40 42
is_linear=0
shrinkage=0.05


Tree=141
num_leaves=19
num_cat=0
split_feature=33 48 61 58 72 3 60 63 85 111 99 100 117 93 45 97 30 40
split_gain=1.59447 3.26001 1.91915 3.77704 3.41183 4.07678 3.21593 5.08495 3.86414 3.20196 3.94448 2.77299 2.5216 2.35134 2.32579 3.34987 0.166223 0.0741695
threshold=0.4207290261983872 0.49431002140045172 0.015425701159983875 0.23347815871238711 0.017687739804387096 0.051707988604903228 0.020139110274612907 0.029874840751290325 0.10762117430567743 76.909099578857436 48.056669235229499 60.453258514404304 1020.0009765625001 0.00088687820243649196 0.0034578284248709683 56.333337783813484 0.0044742508325725803 0.024394132196903232
decision_type=2 2 2 2 2 2 2 2 2 2 2 2 2 2 2 2 2 2
left_child=2 17 3 6 5 -4 12 11 -9 10 -6 -8 13 -1 -11 -16 -5 -2
right_child=1 -3 4 16 9 -7 7 8 -10 14 -12 -13 -14 -15 15 -17 -18 -19
leaf_value=0.044332921088026632 -0.045727000245034025 0.014504130772452373 -0.021451857080578115 0.072065211035040114 -0.028482364710420691 0.047435148290986086 0.017899816890428494 0.060245932654725748 0.0021496993356380084 -0.057256456586066512 0.046350599934045812 -0.048769394605779233 0.036619072843557192 -0.0014584821855880184 0.022105547221321804 -0.032368741653663789 0.047982299487471236 -0.05919752045346667
leaf_weight=2.8373058661818495 1.967949641868471 3.22343076672405 3.846757620573042 1.1001534382812672 3.4092067554593113 4.8627431616187096 3.1053228769451406 8.0823789602145535 4.4314767904579631 5.3426129464060095 3.6422503739595413 3.1335533559322357 4.5615149326622477 234.664356472902 3.7500382661819449 11.406149752438067 2.0545793306082487 2.1256090998649597
leaf_count=38 31 37 22 14 25 30 22 50 21 33 18 19 34 1486 19 69 36 9
internal_value=-4.47127e-05 -0.023106 0.000517319 0.00199892 -0.0102687 0.0170096 0.00134114 0.0212886 0.0396726 -0.0188923 0.0101707 -0.0155856 -0.0002042 -0.000911437 -0.0288897 -0.0188904 0.0563808 -0.0527217
internal_weight=307.547 7.31699 300.23 263.971 36.2598 8.7095 260.816 18.7527 12.5139 27.5503 7.05146 6.23888 242.063 237.502 20.4988 15.1562 3.15473 4.09356
internal_count=2013 77 1936 1720 216 52 1670 112 71 164 43 41 1558 1524 121 88 50 40
is_linear=0
shrinkage=0.05


Tree=142
num_leaves=14
num_cat=0
split_feature=103 125 118 100 100 15 109 65 82 15 12 46 34
split_gain=1.59616 3.082 3.05132 2.13929 3.22877 2.86808 3.52874 4.33942 3.47608 3.06395 4.38082 2.84056 0.276025
threshold=82.330219268798842 0.081699945032596602 0.092139437794685378 80.761455535888686 77.952781677246108 0.051548548042774207 34.199771881103523 0.061892140656709678 0.038016183301806457 0.046087771654129035 0.021813217550516132 0.0099549586884677427 0.056600764393806464
decision_type=2 2 2 2 2 2 2 2 2 2 2 2 2
left_child=3 2 -2 4 5 9 8 -8 -7 11 -11 -1 -4
right_child=1 -3 12 -5 -6 6 7 -9 -10 10 -12 -13 -14
leaf_value=-0.003129767929126356 -0.011456148911398492 -0.029896525419154649 0.042803936671819746 -0.027742046236575307 0.03983143647409057 -0.002180621598489251 0.0016836482573975378 -0.025842532225144727 0.06089030488149632 -0.01189359480369926 0.064084416779913819 0.009330593206595959 0.066647976637134995
leaf_weight=139.75490567926317 2.3584204874932748 2.3690692149102688 1.9928726330399511 7.1379788722842923 4.9915085509419432 6.9544823532924038 24.647773663513362 34.163631761446595 3.1851351568475366 3.224995174445211 4.608143113553524 67.990227352362126 3.1045814035460353
leaf_count=875 18 17 24 36 34 64 206 187 30 21 27 449 25
internal_value=-4.40068e-05 0.0197835 0.0355691 -0.000700667 -3.3976e-05 -0.000733336 -0.00960969 -0.0143064 0.0176317 0.0021057 0.0328034 0.000948223 0.057326
internal_weight=306.484 9.82494 7.45587 296.659 289.521 284.529 68.951 58.8114 10.1396 215.578 7.83314 207.745 5.09745
internal_count=2013 84 67 1929 1893 1859 487 393 94 1372 48 1324 49
is_linear=0
shrinkage=0.05


Tree=143
num_leaves=20
num_cat=0
split_feature=35 115 11 122 130 33 76 101 6 83 133 110 33 37 117 48 110 69 64
split_gain=1.55051 2.63588 2.62934 3.8791 3.86228 2.52079 2.08113 3.40346 2.63684 3.69158 2.63682 5.40708 3.36922 1.60292 1.40646 1.10175 1.95334 0.0123773 0.00233161
threshold=0.16559710353612903 49.354843139648445 0.046815210953354842 0.013239590916782619 0.062464492395520217 0.20538704097270968 0.14913504570722583 2.1541391611099248 0.021235251799225811 0.079569917172193541 0.51638463139534008 2.7380049228668217 0.4207290261983872 0.0029695471748709683 825.77902221679699 0.47514748573303228 0.072424124926328673 0.055863361805677421 0.22732979804277423
decision_type=2 2 2 2 2 2 2 2 2 2 2 2 2 2 2 2 2 2 2
left_child=1 5 3 14 -5 13 7 10 9 -9 12 -12 -3 -1 17 16 -15 -2 -10
right_child=2 6 -4 4 -6 -7 -8 8 18 -11 11 -13 -14 15 -16 -17 -18 -19 -20
leaf_value=-0.011601657133569478 -0.051322168129260951 -7.8042985292399829e-05 0.019847559728275479 -0.033229244522394112 0.025813221333075953 -0.021059974826422134 0.039265245840264806 -0.035966572149121995 -0.052282309863154013 0.05566051555889219 0.028085207716266797 -0.043158820834514125 -0.050991035374294252 -0.018546618155200516 -0.014111322031827044 0.077761799572105911 0.054277596942117479 -0.055636336637851828 -0.054673789992087177
leaf_weight=1.3314015828073005 2.6799379810690933 230.24141744198278 5.3656843602657309 4.793281886726616 6.5614176653325558 2.258638289757072 3.3506818166933945 2.9260572958737594 3.9894290380179882 1.760754771530628 18.108900263905529 3.1224184334278098 3.2959810961037865 1.2594887786544857 3.2172928284853697 2.1744426768273115 3.4242376293987036 4.3792762234807014 1.3689364045858381
leaf_count=23 25 1377 38 28 32 26 33 45 65 11 127 18 26 15 20 14 51 29 10
internal_value=-4.16081e-05 0.00106701 -0.0114827 -0.0192543 0.000888988 0.0257054 0.000107047 -0.00038842 -0.028935 -0.00154385 0.000737132 0.0176076 -0.000796593 0.038603 -0.0415109 0.0483495 0.0346946 -0.0539985 -0.0528933
internal_weight=305.61 278.613 26.9969 21.6312 11.3547 10.4482 268.165 264.814 10.0452 4.68681 254.769 21.2313 233.537 8.18957 10.2765 6.85817 4.68373 7.05921 5.35837
internal_count=2013 1841 172 134 60 129 1712 1679 131 56 1548 145 1403 103 74 80 66 54 75
is_linear=0
shrinkage=0.05


Tree=144
num_leaves=23
num_cat=0
split_feature=66 76 40 106 45 67 66 69 100 48 47 47 125 91 39 93 120 8 58 77 62 75
split_gain=1.52079 4.93141 4.21208 4.52845 3.33513 3.34814 3.00069 4.26426 4.75606 4.80101 4.12786 3.36299 2.70358 2.39081 2.68962 2.58576 3.22461 4.63457 4.61356 1.86171 1.41989 0.394537
threshold=0.20555644482374194 0.0068757971748709687 0.10381457209587099 52.08447456359864 0.013641980011016132 0.13188575953245166 0.13725686073303225 0.088697783648967757 68.622592926025405 0.098662707954645171 0.0047134088817983874 0.028559471480548385 0.061165895313024528 0.0044543209951370963 0.0051219705492258081 0.003258530050516129 0.014862835872918369 0.024822624400258068 0.017169563099741939 0.0042051975615322599 0.015226402785629036 0.014279735274612905
decision_type=2 2 2 2 2 2 2 2 2 2 2 2 2 2 2 2 2 2 2 2 2 2
left_child=6 2 3 4 -2 -6 13 8 9 11 -9 -8 -11 14 -1 19 18 -18 -17 -15 -10 -3
right_child=1 21 -4 -5 5 -7 7 10 20 12 -12 -13 -14 15 -16 16 17 -19 -20 -21 -22 -23
leaf_value=-0.020062528018981781 -0.042000027228120712 -0.034119405756636238 -0.034630038339954781 0.065752840610461424 -0.017367007318350901 0.060504863126378886 0.058379140967825871 0.077030218742723019 0.021679319113266132 0.023077150509784292 0.01128660268151372 -0.010291722918238606 -0.018411478416603538 -0.005503224460731003 0.046633877636391395 -0.0096290779440392493 -0.027853415925591381 -0.0013868894514078634 0.024203628912124658 -0.048948660746032963 0.070888273512333566 -0.058167932897126774
leaf_weight=2.1499433908611527 3.1749927699565941 3.0229689516127101 5.4243223886005572 3.5641274824738494 2.7091526221483946 2.8141517657786608 4.8622875642031422 4.4812180083245021 2.8778534941375247 4.721679491922262 5.1103682052344084 2.8150994083844125 23.320136969909072 4.8944658925756794 5.0906194327399135 16.434244071133435 18.581563689745963 150.60497040767223 26.045807751826942 4.9694251464679837 2.9878476299345493 3.913297526538372
leaf_count=30 20 18 32 22 17 33 43 27 26 26 36 20 123 34 38 125 142 940 188 27 22 24
internal_value=-4.28122e-05 -0.011956 0.00205675 0.0182853 -0.00116457 0.0223091 0.00100502 0.0119498 0.00501821 -0.00183407 0.0420022 0.0331993 -0.0114256 -0.00144335 0.0268297 -0.00236743 -0.0012013 -0.00429368 0.0111148 -0.027391 0.0467452 -0.0476871
internal_weight=304.571 24.623 17.6867 12.2624 8.6983 5.5233 279.948 51.1765 41.5849 35.7192 9.59159 7.67739 28.0418 228.771 7.24056 221.53 211.667 169.187 42.4801 9.86389 5.8657 6.93627
internal_count=2013 166 124 92 70 50 1847 323 260 212 63 63 149 1524 68 1456 1395 1082 313 61 48 42
is_linear=0
shrinkage=0.05


Tree=145
num_leaves=19
num_cat=0
split_feature=25 90 42 122 42 72 6 20 78 127 57 70 9 126 102 8 103 74
split_gain=1.49242 2.82738 2.94111 2.8857 3.18455 4.43066 4.07243 2.72455 2.97813 2.61877 2.31532 2.27323 3.56219 2.75787 2.12336 1.7884 1.61668 1.39316
threshold=0.12095424160361291 0.083097498863935484 0.0706014819443226 0.0059755700640380391 0.086535397917032256 0.020597497001290325 0.10210060328245164 0.071498323231935515 0.0015047034248709681 0.028011118993163112 0.14712212979793551 0.11397879570722581 0.049166930839419372 0.049042284488677985 122.30430984497072 0.066236846148967757 46.737764358520515 0.020129145123064521
decision_type=2 2 2 2 2 2 2 2 2 2 2 2 2 2 2 2 2 2
left_child=1 2 9 -3 6 15 17 8 16 11 -11 13 -13 -1 -4 -6 -2 -5
right_child=7 3 14 4 5 -7 -8 -9 -10 10 -12 12 -14 -15 -16 -17 -18 -19
leaf_value=-0.025284879371981345 0.00036118547240524196 0.03442289239498942 0.056260110450515544 -0.02868379345183943 -0.047604947286189976 0.044698695596488043 0.014938827405386032 0.05316137992069038 -0.022163341720921697 0.047488771816287766 -0.0052435853241308075 -0.037536306556104085 0.010754645844275611 0.0017017038417003654 0.0026119636886982106 -0.00043824671425546835 0.061915342595840028 -0.057699911931992504
leaf_weight=9.9133355654776079 1.9768196661025266 2.8717610528692594 4.0867689074948421 10.443099142983561 3.2519827689975482 4.1217317045666269 4.1570296986028543 3.6448786729015401 5.4227278530597687 5.3568535894155485 3.4045525882393122 9.9258205275982636 6.2067020386457434 210.33126210607588 3.3614591546356678 5.2609927952289581 2.3170075565576553 6.8503841320052734
leaf_count=101 19 26 36 54 18 38 31 32 30 32 25 62 32 1325 32 45 28 47
internal_value=-4.06359e-05 -0.000794568 0.00109537 -0.0137116 -0.017767 0.00214646 -0.0294964 0.0162972 0.00246863 0.000154911 0.0269978 -0.000840029 -0.0189572 0.000487022 0.0320482 -0.0184561 0.0335766 -0.0401778
internal_weight=302.905 289.544 252.587 36.957 34.0852 12.6347 21.4505 13.3614 9.71656 245.139 8.76141 236.377 16.1325 220.245 7.44823 8.51298 4.29383 17.2935
internal_count=2013 1904 1645 259 233 101 132 109 77 1577 57 1520 94 1426 68 63 47 101
is_linear=0
shrinkage=0.05


Tree=146
num_leaves=20
num_cat=0
split_feature=133 48 120 39 130 56 9 24 127 126 114 118 114 63 69 105 75 11 76
split_gain=1.50072 3.2079 2.85981 2.63014 2.48051 2.43434 3.30125 4.39826 2.82464 2.81229 2.19576 3.55837 1.90994 1.71921 1.44457 0.82967 0.789762 0.0546009 0.0115556
threshold=0.19543868303298953 0.031040736474096779 0.025697994977235798 0.10796994343400003 0.098145443946123137 0.16399274766445163 0.033193159848451621 0.091816805303096785 0.028011118993163112 0.1087574064731598 100.66106414794923 0.14701525866985324 38.527208328247077 0.022431042045354847 0.073242187500000014 49.11103820800782 0.0060686382930725822 0.01322345342487097 0.0077028858941048392
decision_type=2 2 2 2 2 2 2 2 2 2 2 2 2 2 2 2 2 2 2
left_child=2 12 14 10 5 8 -7 -8 9 -3 11 16 -2 -6 -1 -14 -4 -17 -19
right_child=1 4 3 -5 13 6 7 -9 -10 -11 -12 -13 15 -15 -16 17 -18 18 -20
leaf_value=-0.0020312664314864042 -0.011788986044672642 0.002466214667090193 -0.016233787635526822 0.023569873738126221 0.057711314581801593 -0.051861879031761829 0.021145203457254409 -0.049574592131850712 0.035176246930059239 -0.01109365102265835 -0.053775026614757443 0.010140311933401591 0.012622579472883047 0.0055430251645112076 0.052231210619655799 0.068013171744396514 -0.053481491836757322 0.052470187391347983 0.058584190589787477
leaf_weight=2.6671123704873052 1.7455104603432108 193.18419601768255 2.0838592201471382 3.0737829916179171 3.0981738921254864 5.2997839339077464 6.4717810284346324 3.3297187397256494 5.7720459867268792 47.673763396218419 5.2407624293118706 6.684688369743526 1.2641166597604749 3.2212779372930527 2.2708138413727283 1.1571476235985754 4.4881333997473121 1.6751581477001312 1.4347269777208564
leaf_count=27 33 1259 14 18 30 26 41 18 38 285 30 37 9 21 15 8 37 52 15
internal_value=-3.99523e-05 0.00105402 -0.0114021 -0.0192594 0.000164793 -0.000582592 -0.0200698 -0.00287939 0.000610617 -0.000217732 -0.0263765 -0.0155451 0.0338106 0.031119 0.0229225 0.0482008 -0.0416709 0.0587409 0.0552908
internal_weight=301.837 275.327 26.5092 21.5712 268.051 261.731 15.1013 9.8015 246.63 240.858 18.4974 13.2567 7.27666 6.31945 4.93793 5.53115 6.57199 4.26703 3.10989
internal_count=2013 1835 178 136 1718 1667 85 59 1582 1544 118 88 117 51 42 84 51 75 67
is_linear=0
shrinkage=0.05


Tree=147
num_leaves=14
num_cat=0
split_feature=103 125 118 100 100 15 18 133 109 15 12 46 34
split_gain=1.46874 2.81585 2.8781 1.92403 2.84544 2.57338 3.20264 3.98603 3.93686 2.71938 3.75181 2.47411 0.267642
threshold=82.330219268798842 0.081699945032596602 0.089968346059322371 80.761455535888686 77.952781677246108 0.051548548042774207 0.062450174242258079 0.21977720409631732 29.947326660156254 0.046087771654129035 0.021813217550516132 0.0099549586884677427 0.055375080555677421
decision_type=2 2 2 2 2 2 2 2 2 2 2 2 2
left_child=3 2 -2 4 5 9 8 -8 -7 11 -11 -1 -4
right_child=1 -3 12 -5 -6 6 7 -9 -10 10 -12 -13 -14
leaf_value=-0.0029267765477556957 -0.012287453591735166 -0.028722690239560002 0.041302495015197588 -0.026554000665373258 0.037828406251926329 0.020233481560335574 -0.031548329450767652 0.0087301068598696057 -0.02934231189743991 -0.010734525242836322 0.06028096804481458 0.0087938397430937145 0.065250378927060163
leaf_weight=137.27620502794161 2.2359099611639959 2.3071857206523418 1.8899348638951776 7.0065930522978297 4.8776112869381896 4.7653587292879847 7.7220873101614407 30.025289290584624 25.08151547703892 3.149425968527793 4.5420698933303356 67.001518261618912 3.0487981662154198
leaf_count=875 17 17 24 36 34 51 68 217 151 21 27 449 26
internal_value=-3.95341e-05 0.0193267 0.0347781 -0.000669585 -3.19783e-05 -0.000692538 -0.00918754 0.000490234 -0.021427 0.00201641 0.0312024 0.000917495 0.0560861
internal_weight=300.93 9.48183 7.17464 291.448 284.441 279.563 67.5943 37.7474 29.8469 211.969 7.6915 204.278 4.93873
internal_count=2013 84 67 1929 1893 1859 487 285 202 1372 48 1324 50
is_linear=0
shrinkage=0.05


Tree=148
num_leaves=19
num_cat=0
split_feature=37 28 115 30 101 89 59 133 30 62 78 84 51 129 122 70 10 2
split_gain=1.4565 2.03889 2.1345 2.03814 5.59359 4.35731 6.79025 3.40874 3.24446 3.42458 4.69894 3.32204 3.26864 2.63069 2.60056 1.0226 1.02213 0.580732
threshold=0.0023915816564112906 0.00048828125000000011 69.12689590454103 0.0010064572561532261 -0.069466773420572267 0.0267358897253871 0.017010124400258068 0.38541920483112341 0.0018435108941048386 0.021534199826419357 0.003537547774612904 0.095912385731935515 0.0067562181502580651 0.021984822116792205 0.015004870016127827 0.037946429103612907 0.10613640025258066 0.026915257796645168
decision_type=2 2 2 2 2 2 2 2 2 2 2 2 2 2 2 2 2 2
left_child=17 2 15 4 13 6 -6 -7 11 12 -11 14 -10 16 -5 -2 -3 -1
right_child=1 3 -4 8 5 7 -8 -9 9 10 -12 -13 -14 -15 -16 -17 -18 -19
leaf_value=-0.0082397683705276361 0.029877684211420282 0.068634037107364224 0.06430495983181253 0.024842080756390671 -0.029208280376698016 -0.041258461255385619 0.050442452173987608 -0.0028120003060667195 0.014015238545709706 0.005496637013216032 -0.024209167763845688 0.058278081089363935 -0.00099084064491074546 -0.0073259645941546594 -0.029632769304679077 -0.017384195654039227 0.022191354500933479 -0.051943138960254688
leaf_weight=1.2931992840021842 2.330318675376474 2.9941615713760239 2.4738109139725566 7.0311578977853042 5.6296554300934059 18.2119156382978 5.0995496287941933 8.435760601423679 51.298336153384298 23.958573976531625 29.958919894881546 4.806119840592145 124.0244556106627 3.3074106057174504 3.18250413518399 2.2492072656750679 1.9603905063122509 1.8440206190571187
leaf_count=24 21 29 20 58 39 103 31 47 369 157 195 29 774 21 18 20 21 37
internal_value=-3.81342e-05 0.000319904 0.0268812 -0.000326341 -0.0100252 -0.018255 0.0086494 -0.0290876 0.00148585 1.08228e-05 -0.0110092 0.0239986 0.00339984 0.027206 0.00786811 0.00666529 0.0502578 -0.0339281
internal_weight=300.089 296.952 7.05334 289.899 45.6388 37.3769 10.7292 26.6477 244.26 229.24 53.9175 15.0198 175.323 8.26196 10.2137 4.57953 4.95455 3.13722
internal_count=2013 1952 61 1891 291 220 70 150 1600 1495 352 105 1143 71 76 41 50 61
is_linear=0
shrinkage=0.05


Tree=149
num_leaves=13
num_cat=0
split_feature=104 92 77 76 33 133 58 19 23 76 123 125
split_gain=1.71382 2.47089 1.71584 2.22084 1.92635 2.34049 2.08911 1.1798 0.973232 0.011707 0.00020062 0.000101095
threshold=-0.75156724452972401 0.16618502885103228 0.12882652878761294 0.14355468750000003 0.4207290261983872 0.50770026445388805 0.0013651945628225806 0.037587691098451621 0.008709343150258066 0.0029994419310241942 0.0031146010151132946 0.077865026891231551
decision_type=2 2 2 2 2 2 2 2 2 2 2 2
left_child=7 2 3 4 6 -6 -2 9 -4 -1 -10 -12
right_child=1 -3 8 -5 5 -7 -8 -9 10 -11 11 -13
leaf_value=0.053613282643693722 -0.012446671834006549 -0.041771647083249486 0.017466452872466457 0.043574499510525694 -0.055494221946617545 0.010937080881515711 0.0020185174447887358 -0.0049872994840088154 -0.052135248939252643 0.06092843129028272 -0.050806789511264418 -0.051590858252269722
leaf_weight=1.1813956485129891 27.695091568864882 3.5727529758587471 0.64781849086284582 2.9561406821012488 3.3467899831011882 2.1957458462566137 252.79184760712087 1.1790303094312546 0.7823445871472362 1.0184311121702192 0.90280909463763215 0.75485461857169867
leaf_count=32 209 27 12 18 35 21 1567 20 13 9 35 15
internal_value=-3.79974e-05 -0.000442664 6.28878e-05 0.00045903 1.34272e-05 -0.0291766 0.000590234 0.0353699 -0.0370115 0.0569999 -0.0514753 -0.0511638
internal_weight=299.025 295.646 292.073 288.986 286.029 5.54254 280.487 3.37886 3.08783 2.19983 2.44001 1.65766
internal_count=2013 1952 1925 1850 1832 56 1776 61 75 41 63 50
is_linear=0
shrinkage=0.05


Tree=150
num_leaves=11
num_cat=0
split_feature=104 92 103 125 118 100 100 15 12 15
split_gain=1.59448 2.27558 1.64174 2.65691 3.23169 1.75352 2.47235 2.80172 1.19289 0.0665141
threshold=-0.75156724452972401 0.16618502885103228 82.330219268798842 0.081699945032596602 0.089968346059322371 80.761455535888686 77.952781677246108 0.051548548042774207 0.024204798974096779 0.15714684128761294
decision_type=2 2 2 2 2 2 2 2 2 2
left_child=8 2 5 4 -4 6 7 -2 -1 -6
right_child=1 -3 3 -5 9 -7 -8 -9 -10 -11
leaf_value=-0.0066257868334823394 0.0022665036468700684 -0.040470773811918104 -0.013130302205950573 -0.026583094335589971 0.055995182181150065 -0.025419217610690055 0.036000124170613261 -0.0095983050699217348 0.056628372781151549 0.068333105595476271
leaf_weight=1.1433944557793432 205.71646485058591 3.5049712201580396 2.1735125891864282 2.1861139908432961 2.6290782755240798 6.9448817186057559 4.693056557327508 65.629280129913241 2.1410570666193962 1.8688786402344701
leaf_count=22 1308 27 16 16 36 36 32 469 39 12
internal_value=-3.73918e-05 -0.000422673 5.82984e-05 0.0212552 0.0369309 -0.000605178 1.91201e-05 -0.000603189 0.0346081 0.0611215
internal_weight=298.631 295.346 291.841 8.85758 6.67147 282.984 276.039 271.346 3.28445 4.49796
internal_count=2013 1952 1925 80 64 1845 1809 1777 61 48
is_linear=0
shrinkage=0.05


Tree=151
num_leaves=14
num_cat=0
split_feature=14 42 42 30 78 24 30 115 62 34 10 102 105
split_gain=1.4975 1.63623 3.23885 1.82771 3.83013 4.83783 3.35057 3.44507 3.0884 1.27382 0.174383 0.0129917 0.000697367
threshold=6.9754463766003041e-05 6.9754463766003041e-05 0.00058793049538508068 0.0010064572561532261 0.039361447095870979 0.020766900852322582 0.0018435108941048386 98.365676879882827 0.021534199826419357 0.11312181130051614 0.013781489338725807 55.213537216186531 49.45213699340821
decision_type=2 2 2 2 2 2 2 2 2 2 2 2 2
left_child=9 -2 10 4 5 -4 7 -5 -8 11 -3 -1 -13
right_child=1 2 3 6 -6 -7 8 -9 -10 -11 -12 12 -14
leaf_value=0.061154329856030025 0.036139950763836734 -0.032395438919480754 0.035683808562047746 0.039532864898189635 -0.053004186180974258 -0.011966691248248451 0.0032742452868665742 -0.016133447215854191 -0.010465335138119446 -0.010005956358529487 -0.054485913074305226 0.054072667304404576 0.051832414552054867
leaf_weight=0.76473529636859883 3.0308513622730962 1.4116962570697063 6.3084516916424027 10.610039464198051 4.5348454033955923 34.22658209875226 175.04713301267475 3.7659448012709609 53.370531963184476 1.1078819297254083 2.4331897497177124 0.76167536340653874 0.63866001879796386
leaf_count=7 34 23 38 80 38 189 1147 22 352 10 31 14 28
internal_value=-3.4705e-05 -0.000408202 -0.000787937 -0.000179046 -0.00942614 -0.00455086 0.0015375 0.0249505 6.39475e-05 0.0335998 -0.0463751 0.0559132 0.0530509
internal_weight=298.012 294.739 291.708 287.864 45.0699 40.535 242.794 14.376 228.418 3.27295 3.84489 2.16507 1.40034
internal_count=2013 1954 1920 1866 265 227 1601 102 1499 59 54 49 42
is_linear=0
shrinkage=0.05


Tree=152
num_leaves=15
num_cat=0
split_feature=25 93 115 10 21 104 40 39 58 30 65 44 120 96
split_gain=1.40698 2.45819 1.73267 2.88833 3.10134 2.12773 1.84602 2.68662 2.47258 2.3812 2.35391 2.21341 1.12271 0.83452
threshold=0.0027004943694919352 0.00088687820243649196 49.354843139648445 0.042520329356193549 0.032415896654129035 1.007928788661957 0.10381457209587099 0.13691804558038714 0.052505182102322585 0.0010064572561532261 0.16999162733554843 0.0122169959358871 0.013442496303468944 110.26510620117189
decision_type=2 2 2 2 2 2 2 2 2 2 2 2 2 2
left_child=12 -2 3 4 -3 -6 7 9 10 -4 -8 -10 -1 -5
right_child=1 2 6 13 5 -7 8 -9 11 -11 -12 -13 -14 -15
leaf_value=-0.05590883013541742 0.048455597596769942 0.054582365263197131 -0.011149812544908939 0.08795760523435843 0.014741198486853017 -0.052147119336279628 -0.010790995251492418 0.043183560142266673 -0.029359864821833753 0.0018997219154998453 -0.054297282017096528 0.023003177653603699 -0.0017009762394357487 0.037042724756688981
leaf_weight=2.0095861768350001 2.6327307280153027 1.9560335553251187 41.793811434879899 1.4025145918130877 2.2766321981325746 2.4885127805173397 7.4658891689032334 3.6132632028311482 3.0505751781165582 213.72662165388465 5.3276515873149037 5.963123032823205 1.8204451464116571 1.8884266726672647
leaf_count=22 35 18 256 12 27 24 55 25 17 1387 29 44 28 34
internal_value=-3.42362e-05 0.000358559 -7.66542e-05 0.0203624 0.00157063 -0.02019 -0.000805057 0.000370703 -0.0147765 -0.000234705 -0.0289084 0.00528155 -0.0301434 0.0587413
internal_weight=297.416 293.586 290.953 10.0121 6.72118 4.76514 280.941 259.134 21.8072 255.52 12.7935 9.0137 3.83003 3.29094
internal_count=2013 1963 1928 115 69 51 1813 1668 145 1643 84 61 50 46
is_linear=0
shrinkage=0.05


Tree=153
num_leaves=11
num_cat=0
split_feature=104 92 77 76 33 132 58 12 23 120
split_gain=1.45678 2.12938 1.58781 2.01939 1.77628 2.323 1.91054 1.16963 0.95635 0.000149496
threshold=-0.75156724452972401 0.16618502885103228 0.12882652878761294 0.14355468750000003 0.4207290261983872 0.04582623019814492 0.0013651945628225806 0.024204798974096779 0.008709343150258066 0.025626978836953643
decision_type=2 2 2 2 2 2 2 2 2 2
left_child=7 2 3 4 6 -6 -2 -1 -4 -10
right_child=1 -3 8 -5 5 -7 -8 -9 9 -11
leaf_value=-0.0070928816471969042 -0.011969200436461391 -0.039545655517103095 0.017436405005373103 0.041481105871811391 0.018873783876781732 -0.051276940692062116 0.0019283351500950349 0.056284553065383131 -0.05169752456402589 -0.050860606739323869
leaf_weight=1.1318739578127854 27.42781742149964 3.4329807786270967 0.64546393230557386 2.9663878828287116 1.7492145560681809 3.6272835778072476 251.40298844221979 2.040104154497385 1.4778389129787686 0.83510830812156189
leaf_count=22 209 27 12 18 13 43 1567 39 30 33
internal_value=-3.37471e-05 -0.000397909 6.5306e-05 0.000440735 1.23799e-05 -0.0284538 0.000561273 0.0336692 -0.0363777 -0.0513953
internal_weight=296.737 293.565 290.132 287.174 284.207 5.3765 278.831 3.17198 2.95841 2.31295
internal_count=2013 1952 1925 1850 1832 56 1776 61 75 63
is_linear=0
shrinkage=0.05


Tree=154
num_leaves=21
num_cat=0
split_feature=118 115 29 124 114 14 133 66 121 22 97 128 130 64 34 49 19 129 36 57
split_gain=1.40579 1.62603 4.63336 5.94905 7.35593 4.33201 3.28172 3.00039 2.51693 5.95384 4.56179 4.43177 3.31633 3.28124 4.23899 3.44786 3.27815 3.08039 0.637546 0.433239
threshold=0.17714674025774005 111.72847366333009 0.011569275986403229 0.020371722988784317 82.15610504150392 0.043945312500000007 0.4792123287916184 0.12958385795354846 0.045146496966481216 0.11390903964638711 63.843698501586921 0.0054683061316609391 0.038836132735013969 0.16775948554277423 0.025878906250000003 0.13721699267625811 0.021384726278483871 0.013584530446678402 0.056242028251290328 0.040108816698193557
decision_type=2 2 2 2 2 2 2 2 2 2 2 2 2 2 2 2 2 2 2 2
left_child=1 8 7 4 6 -6 -4 18 9 10 11 -1 17 15 -15 -14 -12 -10 -3 -19
right_child=-2 2 3 -5 5 -7 -8 -9 12 -11 16 -13 13 14 -16 -17 -18 19 -20 -21
leaf_value=-0.034918134567273378 0.03135280962401301 -0.032161237416761128 -0.034625209726689629 -0.037982525915542409 0.010117429448072406 0.05959430353974822 0.019026905063422958 0.0081387397625672462 0.020500261488592332 -0.04725422783515365 -0.0085089425492736511 0.029425459247722642 -0.0054417221703645033 0.017467489764277904 -0.010963838707446683 0.01312704387780974 0.052100487350877016 -0.059334639664506972 -0.059997335253405226 -0.032788285767472808
leaf_weight=5.1697717588394934 3.5252479724586001 3.1875712219625694 9.456719111651184 8.3106245547533018 10.942415019497277 7.4268159344792357 4.0797365494072428 2.9301124438643447 2.1604029107838851 3.382722904905676 2.7259257994592181 5.5480887666344643 38.604824223089963 15.769483525305985 77.741320325993001 70.931934363674372 12.28596083447337 3.7938693836331367 5.7996070804074407 2.5835857661440969
leaf_count=42 18 35 48 39 61 39 25 16 15 22 22 45 320 138 457 490 98 27 29 27
internal_value=-3.32213e-05 -0.000411062 -0.00841682 -0.000302604 0.00951206 0.0301213 -0.0184551 -0.0357992 0.00132293 0.0151069 0.0233056 -0.00161074 -0.000573624 0.000709981 -0.00616923 0.00658272 0.0410948 -0.0311004 -0.0501244 -0.0485804
internal_weight=296.357 292.831 52.1336 40.2163 31.9057 18.3692 13.5365 11.9173 240.698 29.1125 25.7297 10.7179 211.585 203.048 93.5108 109.537 15.0119 8.53786 8.98718 6.37746
internal_count=2013 1995 292 212 173 100 73 80 1703 229 207 87 1474 1405 595 810 120 69 64 54
is_linear=0
shrinkage=0.05


Tree=155
num_leaves=20
num_cat=0
split_feature=110 16 77 107 110 125 118 13 71 71 91 120 99 129 52 0 73 96 18
split_gain=1.40136 3.06902 3.9194 3.90708 2.71975 3.01607 2.26671 2.07329 1.77509 1.79108 5.96782 1.92731 1.40608 0.528091 0.0124501 0.0067344 0.0010931 0.000200673 0.000179786
threshold=-0.59144088625907887 0.19691685587167743 0.070123169571161284 2.5286656618118291 -0.40110798180103296 0.09474677219986917 0.10157454758882524 0.00035873724846169358 0.17237325012683871 0.1190808340907097 0.029984454624354843 0.014862835872918369 106.17776489257814 0.021558720618486408 0.0016442124033346774 0.095015548169612898 0.12324617058038713 136.60501861572268 0.070561621338129057
decision_type=2 2 2 2 2 2 2 2 2 2 2 2 2 2 2 2 2 2 2
left_child=1 12 18 13 5 6 -2 14 9 11 -11 -9 15 -4 -6 16 17 -1 -3
right_child=4 2 3 -5 7 -7 -8 8 -10 10 -12 -13 -14 -15 -16 -17 -18 -19 -20
leaf_value=-0.051973298575351379 0.043938524857610961 -0.051462688690037284 -0.051708908332539306 0.052763918029662571 0.057601059473684803 0.069317114621504666 -0.028157267108503126 0.0074644340455638381 -0.037067171527871694 -0.041785699296025478 0.048306265515678667 -0.0029950657176681383 0.0025238569062812095 -0.00079114881030676427 0.049288435443480119 -0.056399944846011366 -0.053453266534907631 -0.051035324904564472 -0.052356705916043605
leaf_weight=1.5822199340909717 1.9839944532141078 1.1365563496947273 1.2350745303556325 4.2085174322128296 0.78689543809741636 3.0011926125735044 2.4200938381254673 56.290760881267488 3.2621902972459784 2.5928548071533424 6.3152703419327736 202.40702180145308 1.4513705531135199 0.86647709272801865 1.0534829730167983 1.3204743154346941 1.2418915964663026 0.8915334385819732 1.1130692362785337
leaf_count=26 20 24 27 38 13 15 21 385 26 16 42 1223 25 15 28 9 12 32 16
internal_value=-3.42606e-05 -0.0148989 0.00475965 0.0249614 0.00076424 0.0306625 0.00432111 -4.76348e-05 -0.000406991 3.99065e-05 0.0220835 -0.000719154 -0.0408367 -0.0307153 0.0528427 -0.0533329 -0.0522429 -0.0516353 -0.051905
internal_weight=295.161 15.0472 8.55969 6.31007 280.114 7.40528 4.40409 272.708 270.868 267.606 8.90813 258.698 6.48749 2.10155 1.84038 5.03612 3.71564 2.47375 2.24963
internal_count=2013 224 120 80 1789 56 41 1733 1692 1666 58 1608 104 42 41 79 70 58 40
is_linear=0
shrinkage=0.05


Tree=156
num_leaves=29
num_cat=0
split_feature=41 41 128 126 126 121 13 78 94 108 122 77 83 121 75 118 101 97 119 57 51 100 31 15 31 88 10 56
split_gain=1.40302 5.84921 5.2705 4.03658 5.77058 4.68676 3.97875 4.85305 5.71285 4.66533 3.19088 3.53191 5.17035 3.02315 3.84203 4.85308 2.78915 2.69248 2.5892 2.58236 3.49551 2.99773 1.76554 1.48024 0.838645 0.557504 0.0395822 0.038113
threshold=0.013362962286919357 0.015186543110758068 0.0078828828409314173 0.089562535285949721 0.079265072941780104 0.073806915432214751 0.036700813099741943 0.046326929703354842 0.014419244136661293 106.95190811157228 0.019012255594134334 0.0095364316366612929 0.096849091351032271 0.10870667919516565 0.070402182638645186 0.13373508304357531 0.32989239692687994 55.187110900878913 0.087432026863098158 0.20163025707006457 0.05940090864896775 38.993888854980476 2.9894769795646429e-05 0.032804528251290328 0.00014947385352570566 0.023307955823838714 0.021195392124354843 0.018205914646387104
decision_type=2 2 2 2 2 2 2 2 2 2 2 2 2 2 2 2 2 2 2 2 2 2 2 2 2 2 2 2
left_child=3 2 -2 4 6 -6 7 9 -9 -1 11 12 -5 14 19 -16 18 -7 -15 21 -21 -3 -13 -18 -8 -24 -26 -25
right_child=1 13 -4 10 5 17 24 8 -10 -11 -12 22 -14 16 15 -17 23 -19 -20 20 -22 -23 25 27 26 -27 -28 -29
leaf_value=0.0027941937022012654 0.0056061554137561437 -0.039435716331204212 0.084554393483966012 0.034002502617904801 0.069194534217265735 0.044243768946907347 -0.010864611329663761 -0.023219918120184521 0.062094985856711485 -0.049620715493788804 0.027138456245005074 -0.012873523121183967 -0.04311836260086211 -0.027001117693835942 0.070539002435526868 -0.0073769781093566611 -0.01377510189091917 -0.035530694681926142 0.029580750982892479 0.023175773876876055 -0.018545344381933157 -0.00063257265796260256 -0.030862067238402225 -0.050307403379996535 -0.063513762731819065 -0.056999580268202066 -0.053093637351144397 -0.058519547942948946
leaf_weight=15.074941759929066 4.5069314530119282 5.1443589311093083 3.981618219986558 4.7017810903489643 5.2729819379746896 1.8612791635096071 1.3298416789621104 3.0035557392984611 5.6595034562051296 5.9095765594393006 3.0445906743407241 4.0643674489110699 4.041254922747612 3.9493102813139576 4.4865759145468456 3.6037620455026627 3.7742235809564573 2.4499156139791012 4.1427388368174434 23.279067614115778 6.4008042830973855 153.3169150557369 2.6318435110151759 2.9884294960647821 1.3565017208456991 9.0743397902697307 2.7773150387220085 2.6798244975507259
leaf_count=117 29 35 21 29 34 14 17 39 65 60 14 26 30 33 26 21 28 29 31 234 54 837 25 30 5 73 42 15
internal_value=-3.50871e-05 0.00193261 0.0426374 -0.00608778 0.00319208 0.0375791 -0.0061944 0.00103109 0.0325156 -0.0119667 -0.0211384 -0.0271344 -0.00164473 0.000316236 0.00209367 0.0358321 -0.0195753 -0.00108954 0.00196607 0.000642867 0.0141781 -0.0018923 -0.0412655 -0.0380358 -0.0454023 -0.0511232 -0.056513 -0.0541899
internal_weight=294.508 222.255 8.48855 72.2536 44.6954 9.58418 35.1112 29.6476 8.66306 20.9845 27.5582 24.5136 8.74304 213.766 196.231 8.09034 17.5345 4.31119 8.09205 188.141 29.6799 158.461 15.7706 9.44248 5.46366 11.7062 4.13382 5.66825
internal_count=2013 1394 50 619 422 77 345 281 104 177 197 183 59 1344 1207 47 137 43 64 1160 288 872 124 73 64 98 47 45
is_linear=0
shrinkage=0.05


Tree=157
num_leaves=25
num_cat=0
split_feature=75 74 8 23 74 63 53 105 112 53 50 99 0 123 77 6 74 8 52 9 78 59 113 7
split_gain=1.39754 4.16219 4.06659 4.93862 4.38046 3.67544 3.33322 5.39399 5.24214 4.92784 3.96783 2.74847 3.3876 3.95262 4.36977 3.49481 3.46781 2.90525 2.70688 2.41803 2.25116 1.55373 1.49797 0.314
threshold=0.0063875161577016124 0.010851801838725807 0.088867187500000014 0.10852798074483873 0.014957350213080646 0.0011160714202560487 0.019461495801806453 59.771205902099616 53.162298202514656 0.013641980011016132 0.075544085353612914 56.428161621093757 0.00014947385352570566 0.0067669020500034103 0.0021922831656411295 0.12267817556858064 0.0061782523989677438 0.09384965151548387 0.0049724967684596786 0.020996093750000003 0.0051817600615322599 0.010981346014887096 0.079381406307220473 0.091527823358774199
decision_type=2 2 2 2 2 2 2 2 2 2 2 2 2 2 2 2 2 2 2 2 2 2 2 2
left_child=1 11 5 20 -5 22 9 8 -8 10 -7 19 16 14 -14 -15 17 -13 -6 -1 -4 -11 -2 -22
right_child=2 -3 3 4 18 6 7 -9 -10 21 -12 12 13 15 -16 -17 -18 -19 -20 -21 23 -23 -24 -25
leaf_value=0.0085597954695184365 -0.00028309788815410083 0.050703910298744527 -0.015266923828392998 -0.03553144520106407 -0.0016903362802512926 0.006875683155835869 -0.017321814012487238 -0.018763479080630564 0.052255795539405583 -0.013435153795197347 -0.012931887589073205 -0.012745747161972682 0.035082286131704936 -0.012045289036171723 -0.0067818164419622979 0.048208543022152731 -0.048096710210875013 0.027185059912905998 0.060547921732858737 -0.047902005395589559 -0.040020135431762999 -0.050401301613675953 -0.051719514435947189 -0.05914324213684892
leaf_weight=3.1441499944776288 2.0406058994121841 4.7390335248783222 6.6986979916691842 4.0860261060297471 3.4705458339303732 100.11004709079862 3.5147097799927023 6.2808449864387503 11.781907666474579 5.5402607852593047 33.825955170206726 15.198817205615347 23.229775274172429 18.253505487460647 8.5192222204059345 2.772012152709066 4.7127522863447657 6.504707890097051 3.5177931766957045 4.7776250038295984 3.1863291747868043 5.8376540243625641 4.6205336041748524 6.5785243771970272
leaf_count=27 25 38 36 20 24 658 21 36 76 33 216 106 234 116 52 40 25 55 22 25 25 30 37 36
internal_value=-3.94673e-05 0.00507046 -0.00237351 -0.0202236 0.00559366 0.000458788 0.00191246 0.0202499 0.0362689 -0.000810439 0.00187322 0.00258794 0.00539692 0.0127134 0.0238489 -0.0041014 -0.00921997 -0.000778187 0.0296392 -0.0254923 -0.0375898 -0.0324013 -0.0359622 -0.0529033
internal_weight=292.942 91.8516 201.09 27.5379 11.0744 173.553 166.891 21.5775 15.2966 145.314 133.936 87.1126 79.1908 52.7745 31.749 21.0255 26.4163 21.7035 6.98834 7.92177 16.4636 11.3779 6.66114 9.76485
internal_count=2013 718 1295 163 66 1132 1070 133 97 937 874 680 628 442 286 156 186 161 46 52 97 63 62 61
is_linear=0
shrinkage=0.05


Tree=158
num_leaves=15
num_cat=0
split_feature=6 46 65 14 125 121 73 36 55 65 92 51 70 79
split_gain=1.38741 1.6297 2.36407 1.84342 1.71733 5.50464 4.39538 3.401 2.50428 2.56881 1.97488 0.478336 0.331065 0.00366227
threshold=0.19992625713348391 0.096719548106193556 0.12640506029129031 6.9754463766003041e-05 0.096227984875440611 0.053709115833044059 0.023437500000000003 0.062988281250000014 0.0591916460543871 0.15753547847270968 0.040736606344580657 0.00012954400881426412 0.016352439299225811 0.036920040845870979
decision_type=2 2 2 2 2 2 2 2 2 2 2 2 2 2
left_child=1 3 -3 11 8 6 -6 -7 9 -5 -10 -1 -4 -13
right_child=-2 2 12 4 5 7 -8 -9 10 -11 -12 13 -14 -15
leaf_value=0.0063461083353045251 -0.031704761348088667 -0.0055571798728952333 0.034772845797564914 -0.0048004500312129744 0.0071398340959128032 0.045691514999151729 -0.059920803313051434 0.0087303602230240016 -0.043630802026660205 0.0073216095147638442 0.0036780302509337283 0.052580660171020671 0.067161956081879012 0.05701538015086554
leaf_weight=0.70860845129936878 3.4188137315213671 3.2136774379760018 1.2893078727647664 155.86146123241633 4.8999037249013764 7.5719706853851667 4.8739056959748268 34.956075022928417 6.3886562623083574 60.733600780367851 3.3693796936422586 1.1232475209981201 2.0330175696872175 0.79506240412592877
leaf_count=6 26 29 22 1092 42 65 23 180 46 384 24 39 26 9
internal_value=-4.04667e-05 0.000335654 0.0250176 -0.000237868 -0.000630877 0.00753492 -0.0263013 0.0153112 -0.00251769 -0.00140141 -0.0272954 0.0414511 0.0545926 0.0544187
internal_weight=291.237 287.818 6.536 281.282 278.655 52.3019 9.77381 42.528 226.353 216.595 9.75804 2.62692 3.32233 1.91831
internal_count=2013 1987 77 1910 1856 310 65 245 1546 1476 70 54 48 48
is_linear=0
shrinkage=0.05


Tree=159
num_leaves=28
num_cat=0
split_feature=66 76 55 19 8 65 74 69 117 104 11 106 3 120 60 21 127 64 101 89 62 131 73 75 101 58 104
split_gain=1.33892 4.46657 3.56451 4.43685 2.78661 2.51966 3.78984 4.44165 4.82312 4.16068 3.25368 3.06654 3.12046 3.04242 6.82621 4.13661 3.92883 3.80205 3.93848 3.12516 2.84294 1.73069 0.817533 0.368008 0.12456 0.00984513 0.00241263
threshold=0.20555644482374194 0.0068757971748709687 0.025450414977967743 0.077158402651548399 0.060546875000000007 0.15753547847270968 0.00094666774384677421 0.018734055571258072 865.28030395507824 1.0956324338912966 0.043726082891225822 65.457145690917983 0.084990832954645171 0.014862835872918369 0.0039760044310241946 0.047064334154129035 0.014477314893156292 0.21801259368658069 0.47507546842098242 0.043267697095870979 0.010473134461790325 0.025170440785586837 4.9824617235572084e-05 0.014279735274612905 1.4298654198646548 0.049605388194322593 0.38652114570140844
decision_type=2 2 2 2 2 2 2 2 2 2 2 2 2 2 2 2 2 2 2 2 2 2 2 2 2 2 2
left_child=5 2 3 4 -2 11 22 10 9 -9 -8 13 24 14 15 -1 -16 19 -19 -15 -10 -6 -7 -3 -13 -24 -27
right_child=1 23 -4 -5 21 6 7 8 20 -11 -12 12 -14 17 16 -17 -18 18 -20 -21 -22 -23 25 -25 -26 26 -28
leaf_value=0.016408973031902696 -0.051465020482625114 -0.033294698644228231 -0.033891088350018847 0.056156429536657684 0.044600241676956164 0.013950530787246604 0.011386056638203136 0.0068918834026903009 0.0075885254967392596 -0.045386094959583595 -0.050003461531585684 -0.058920004146005879 0.0026015795510366067 0.014042950147652562 0.00046679440601761317 -0.031603299757814167 0.045321753942974358 0.0004072220014241948 -0.027565353527358373 -0.0048351423383625851 0.049782429454605086 -0.015067015947761157 0.060641899221210854 -0.057348735117987187 -0.043751530766117222 0.054440200301313316 0.057373750004179394
leaf_weight=7.8816679697483805 2.3802311038598472 2.8208071775734416 4.8536112341098478 4.482446008361876 2.4142232961021364 1.4027077909559 3.4750604424625617 35.456311850808561 6.5600928328931358 4.2636564979329696 5.6964862002059817 3.5333421025425178 4.4793030489236116 34.491609388962388 7.3119784686714437 10.413612608332185 14.688716852106152 22.975807103328407 27.820565290749073 60.160935465246439 10.19843904674053 2.4472279781475663 1.707134051248431 3.6444929577410221 2.1937203076668084 1.4813000843860211 1.3303227499127386
leaf_count=74 14 18 32 37 26 20 23 210 38 34 34 23 34 273 57 75 111 146 143 399 60 15 17 24 34 29 13
internal_value=-3.95161e-05 -0.0116042 0.00214311 0.0170607 -0.00713869 0.00095661 0.00898567 0.0055302 0.0107711 0.00128021 -0.0267432 -0.00197602 -0.0286596 -0.000509802 0.0116477 -0.0109195 0.0304141 -0.003878 -0.014913 0.00204408 0.0332657 0.0145641 0.0472958 -0.046854 -0.0531098 0.0576468 0.0558282
internal_weight=290.566 23.043 16.5777 11.7241 7.24168 267.523 71.5715 65.65 56.4785 39.72 9.17155 195.951 10.2064 185.745 40.296 18.2953 22.0007 145.449 50.7964 94.6525 16.7585 4.86145 5.92146 6.4653 5.72706 4.51876 2.81162
internal_count=2013 166 124 92 55 1847 478 399 342 244 57 1369 91 1278 317 149 168 961 289 672 98 41 79 42 57 59 42
is_linear=0
shrinkage=0.05


Tree=160
num_leaves=18
num_cat=0
split_feature=11 27 132 10 43 24 63 81 127 91 129 71 57 65 40 128 117
split_gain=1.28703 2.26124 2.9191 2.38039 3.11645 4.50344 2.49259 2.35203 3.04049 4.0689 2.4148 2.30193 2.1863 2.05973 1.50308 1.11622 0.142519
threshold=0.16884566843509677 0.10755141824483873 0.090069800615310683 0.081542968750000014 0.071428570896387114 0.10182158648967744 0.0044941806700080642 2.9894769795646429e-05 0.025292184203863147 0.043397240340709693 0.027483564801514152 0.019880021922290329 0.092225369065999999 0.2187699303030968 0.054278938099741943 0.0088771204464137572 657.68530273437511
decision_type=2 2 2 2 2 2 2 2 2 2 2 2 2 2 2 2 2
left_child=1 3 15 7 5 13 -7 14 10 -10 -9 -4 -6 -5 16 -3 -1
right_child=-2 2 11 4 12 6 -8 8 9 -11 -12 -13 -14 -15 -16 -17 -18
leaf_value=-0.037520646648619566 -0.029035726857665197 0.065941361868935497 0.033228872518592488 -0.047421572960140948 -0.006159341279757112 0.045115216000302168 -0.011362988013261299 0.0013145382350226191 0.0042977477449366759 0.046472994447229306 -0.023309858331257524 -0.035791092358862235 0.049229939665724073 -0.0025332615729925408 -0.003524866364327456 0.019199062482914545 -0.056491444918177217
leaf_weight=1.9007443543523543 3.776959352195262 3.4121804176829738 2.1936765420250595 12.395883304066958 4.7018860392272463 2.8167740292847139 6.3747800774872303 198.32212240993977 17.265481140464548 8.5510950190946442 10.482346810400484 2.6886761672794819 2.8683954263105989 3.2192183416336766 3.8425016729161143 2.0413201563060284 2.0662261098623276
leaf_count=24 30 35 24 82 30 25 42 1363 102 65 64 16 31 20 30 14 16
internal_value=-3.99101e-05 0.000344164 0.0233032 -0.000519353 -0.0132531 -0.0218226 0.00594489 0.00118125 0.00207977 0.0182672 7.83508e-05 -0.00477992 0.0148278 -0.0381674 -0.025813 0.0484451 -0.0474017
internal_weight=288.92 285.143 10.3359 274.807 32.3769 24.8067 9.19155 242.431 234.621 25.8166 208.804 4.88235 7.57028 15.6151 7.80947 5.4535 3.96697
internal_count=2013 1983 89 1894 230 169 67 1664 1594 167 1427 40 61 102 70 49 40
is_linear=0
shrinkage=0.05


Tree=161
num_leaves=21
num_cat=0
split_feature=133 48 86 104 95 130 75 56 9 24 127 126 28 110 114 37 105 71 11 76
split_gain=1.29725 2.99513 2.45717 2.78036 2.09279 2.05978 2.93988 2.24734 2.99085 3.78638 2.4275 2.65828 1.83108 1.70861 1.7059 0.856856 0.738701 0.277932 0.046526 0.00847296
threshold=0.19543868303298953 0.031040736474096779 0.1259267404675484 0.22511682659387591 0.011648995336145164 0.095335200428962721 0.032037228345870979 0.16399274766445163 0.033193159848451621 0.091816805303096785 0.028011118993163112 0.1087574064731598 0.013313137460500004 1.3374965190887453 38.527208328247077 0.11492546275258066 49.11103820800782 0.029825015924870971 0.01322345342487097 0.0077028858941048392
decision_type=2 2 2 2 2 2 2 2 2 2 2 2 2 2 2 2 2 2 2 2
left_child=2 14 3 13 -5 7 12 10 -9 -10 11 -3 -7 -1 -2 17 -16 -6 -18 -20
right_child=1 5 -4 4 15 6 -8 8 9 -11 -12 -13 -14 -15 16 -17 18 -19 19 -21
leaf_value=0.04040619374595536 -0.011729921196868498 0.0023552710969748677 0.02733534096444834 -0.0013963703837237215 -0.033729274872088495 0.0059860319400398985 -0.019629977440058538 -0.051730234577174954 0.019745631961505233 -0.048224951828990614 0.033384237977468041 -0.011197442720074524 0.065101778970989982 -0.012687911714592229 0.013790182549566718 -0.016871574136330177 0.066840374371945288 -0.055352742240910281 0.052269478733330516 0.057744033545654473
leaf_weight=2.7386654838919702 1.5754531319253136 183.40958419442177 3.5878387885168186 4.7604588307440272 2.0015177074819785 2.013461956754325 2.5969559792429209 4.8827106282114974 6.0514378007501346 3.0977465603500605 5.4707832597196093 45.073417724110186 3.7487282273359597 3.3920546402223408 1.2276569753885267 2.6526086144149303 1.1148203406482937 5.7698816498741508 1.5353018362075093 1.3096703533083198
leaf_count=20 33 1242 24 30 23 14 23 25 40 18 37 283 36 24 9 16 8 41 52 15
internal_value=-3.88995e-05 0.000993473 -0.0109462 -0.0173899 -0.0288643 0.00012698 0.0245388 -0.000695898 -0.0201315 -0.00326797 0.000469795 -0.000318307 0.0444452 0.0110299 0.0338375 -0.0414085 0.0476766 -0.0497836 0.0581824 0.0547897
internal_weight=288.011 263.108 24.903 21.3152 15.1845 256.345 8.35915 247.986 14.0319 9.14918 233.954 228.483 5.76219 6.13072 6.7629 10.424 5.18745 7.7714 3.95979 2.84497
internal_count=2013 1835 178 154 110 1718 73 1645 83 58 1562 1525 50 44 117 80 84 64 75 67
is_linear=0
shrinkage=0.05


Tree=162
num_leaves=25
num_cat=0
split_feature=10 70 49 115 24 24 45 44 3 20 71 67 127 76 37 104 100 70 102 132 132 15 114 86
split_gain=1.26703 4.26749 3.56759 5.18018 6.14484 5.56785 3.63726 4.36636 3.77974 2.4317 2.096 3.8653 2.29103 4.78701 3.28124 3.58835 3.36955 2.68546 1.93988 1.82873 1.40646 1.29269 0.625289 0.227786
threshold=0.021653778851032261 0.087581712752580657 0.10774075239896776 99.867889404296889 0.026307397522032264 0.010154257062822582 0.0095563614740967768 0.0075633770320564517 0.090072941035032286 0.12149234488606454 0.1190808340907097 0.0545878503471613 0.012498985510319473 0.014897560700774195 0.019302057102322582 2.1586850881576543 38.993888854980476 0.0020228794310241942 106.5784149169922 0.071027107536792769 0.064026866108179106 0.056381536647677429 69.342609405517592 0.05319276079535485
decision_type=2 2 2 2 2 2 2 2 2 2 2 2 2 2 2 2 2 2 2 2 2 2 2 2
left_child=1 2 6 4 5 -4 7 8 -1 23 12 21 13 -2 17 16 -16 -14 -19 -8 -6 -12 -5 -3
right_child=10 9 3 22 20 -7 19 -9 -10 -11 11 -13 14 -15 15 -17 -18 18 -20 -21 -22 -23 -24 -25
leaf_value=-0.010118823671169404 0.070938448596899101 -0.041927769186651032 -0.030614535802556589 -0.031977046702898901 -0.0072860062685334006 0.043871716563879531 0.062596793363396325 -0.047842554985545488 0.036519249876202704 -0.00067351325447328591 -0.026773456322676793 0.055669911922242313 0.042316737210078198 -0.021129031282138666 -0.035835088193372951 0.048346143917260845 0.0015025284621815347 -0.049367034338175464 0.010302013489954779 0.016271772901374947 -0.049709421257185499 0.019187013920221159 -0.060498269199885428 -0.060056943883791215
leaf_weight=9.6224594409577637 3.3163120909593991 3.0731041459366661 3.5286622755229535 3.4101690147072068 3.1648417385295016 8.6809287481009942 4.1775337010622007 3.8534019552171221 7.9199841935187569 3.4021625462919474 3.0391291910782439 4.9854233316145837 1.1872734604403365 2.4585447302088141 6.2507546488195649 3.9613653961569062 181.39633013214916 7.0445636576041561 1.6886353609152136 4.3473967276513577 5.1051604636013508 3.0807754956185818 4.4027093388140202 3.9722663629800081
leaf_count=103 31 29 40 23 23 59 37 24 57 26 22 36 21 20 50 37 1143 93 23 30 28 18 22 18
internal_value=-3.77686e-05 -0.00596225 -0.000681474 -0.0134106 -0.000196036 0.0223446 0.0113549 0.000350877 0.0109371 -0.0353865 0.0018247 0.0229873 0.000691013 0.0317423 -0.000198769 0.00125294 0.000258767 -0.0282377 -0.0378295 0.0389728 -0.0334744 -0.00363684 -0.0480493 -0.0521492
internal_weight=287.07 68.6608 58.2132 28.2925 20.4796 12.2096 29.9208 21.3958 17.5424 10.4475 218.409 11.1053 207.304 5.77486 201.529 191.608 187.647 9.92047 8.7332 8.52493 8.27 6.1199 7.81288 7.04537
internal_count=2013 519 446 195 150 99 251 184 160 73 1494 76 1418 51 1367 1230 1193 137 116 67 51 40 45 47
is_linear=0
shrinkage=0.05


Tree=163
num_leaves=25
num_cat=0
split_feature=92 44 22 132 41 8 41 100 10 114 56 67 9 19 26 1 8 24 7 79 59 105 27 74
split_gain=1.27502 3.04459 3.02022 2.8344 2.57517 3.77267 3.17433 2.97824 2.13781 3.4361 4.65627 2.98649 2.94173 2.83248 5.62591 2.75752 2.45761 2.14954 2.0424 1.68975 1.00543 0.977753 1.36868 0.51994
threshold=0.10444236174225809 0.054039780050516135 0.053830517455935485 0.079173769801855101 0.0355448815971613 0.090192522853612914 0.027383609674870971 54.623237609863288 0.081542968750000014 45.656772613525398 0.042261241003870971 0.11460658535361291 0.09164739772677423 0.090232383459806456 0.050562020391225822 0.00030891262576915329 0.088867187500000014 0.10651506856083871 0.039500955492258079 0.0002690529363462702 0.0081114475615322607 79.319286346435561 0.066097337752580657 0.0020029495935887103
decision_type=2 2 2 2 2 2 2 2 2 2 2 2 2 2 2 2 2 2 2 2 2 2 2 2
left_child=1 8 18 -4 6 21 -3 -7 12 11 17 -10 15 14 -14 19 -17 -11 -2 -1 -5 23 -23 -6
right_child=2 4 3 20 5 7 -8 -9 9 10 -12 -13 13 -15 -16 16 -18 -19 -20 -21 -22 22 -24 -25
leaf_value=-0.0097725507567578383 -0.010736838071261402 0.02420444069128792 0.017035086293022424 -0.018205810922667837 0.040458411720401433 0.034648142847025463 -0.047681883088892749 -0.036059622926589562 0.061602820981316281 -0.050770210955730727 0.012338797670083933 -0.020136108400225429 -0.035958463227635219 0.060164246526456133 0.052755528760653883 0.0022890261888667269 -0.017662337280417356 -0.0090082842398579149 0.052570242961805638 -0.056136671644299731 -0.053833201207353701 0.060409368014018389 -0.0044690861642860732 0.07175925719230726
leaf_weight=4.6995230689644796 2.7676232438534525 3.3933148421347168 2.7003555479459456 3.0220431787893158 1.9615609003230909 2.9385235477238885 2.8051899732090533 3.0195413837209344 2.5078570800833431 10.372042550705375 6.5328711420297614 2.0156603492796421 3.6702865064144117 3.9093721490353346 3.483016706071794 185.76045211218297 16.833746288903058 4.3834168687462798 2.3607455370947719 3.3775056162849069 5.744526568800211 1.6096456227824094 1.6423035552725194 4.0994231123477221
leaf_count=40 22 30 30 27 30 30 17 19 29 62 39 22 22 25 33 1239 101 29 36 32 28 24 18 29
internal_value=-3.98049e-05 0.000789941 -0.0134903 -0.027755 0.0188518 0.0298842 -0.00832837 -0.00118648 -0.000776554 -0.0143952 -0.0228045 0.0251803 0.00080878 0.0259408 0.00723729 -0.000510943 0.000631248 -0.038364 0.0184054 -0.0291603 -0.0415516 0.0497621 0.0276444 0.0616291
internal_weight=285.611 269.015 16.5953 11.4669 21.4695 15.271 6.1985 5.95806 247.546 25.8118 21.2883 4.52352 221.734 11.0627 7.1533 210.671 202.594 14.7555 5.12837 8.07703 8.76657 9.31293 3.25195 6.06098
internal_count=2013 1870 143 85 197 150 47 49 1673 181 130 51 1492 80 55 1412 1340 91 58 72 55 101 42 59
is_linear=0
shrinkage=0.05


Tree=164
num_leaves=30
num_cat=0
split_feature=115 29 124 124 14 93 106 128 8 45 93 131 128 7 75 10 94 106 63 43 57 89 79 110 66 72 127 85 99
split_gain=1.2852 4.11309 3.97949 7.66496 4.03583 5.45511 3.24445 3.12983 4.37165 3.57749 3.92242 4.23628 3.54768 3.03412 2.97896 3.57422 4.43565 3.00543 4.358 3.09415 2.87505 2.71535 3.51936 2.49823 2.0849 2.01755 1.23479 1.16424 0.708105
threshold=111.72847366333009 0.011210538912564518 0.020371722988784317 0.018677460961043838 0.0446827169507742 0.018873565830290321 48.282743453979499 0.0091003165580332297 0.079699456691741957 0.00102638709358871 0.081821985542774214 0.032251846045255668 0.0086336336098611372 0.054488200694322593 0.019670759327709678 0.0549366232007742 0.047931281849741943 40.737024307250984 0.088428732007741942 0.078603316098451628 0.15310107916593554 0.099220741540193572 0.0034080038312822585 1.1816102862358095 0.12958385795354846 0.04782166704535485 0.024521143175661567 0.0545878503471613 89.530811309814467
decision_type=2 2 2 2 2 2 2 2 2 2 2 2 2 2 2 2 2 2 2 2 2 2 2 2 2 2 2 2 2
left_child=7 24 3 4 5 -3 -6 12 9 25 11 -11 14 -14 17 16 -16 19 -19 -1 -17 23 -23 -10 27 -9 -4 -2 -15
right_child=1 2 26 -5 6 -7 -8 8 21 10 -12 -13 13 28 15 20 -18 18 -20 -21 -22 22 -24 -25 -26 -27 -28 -29 -30
leaf_value=-0.012411878373844871 -0.019789657153508916 0.040059618321297223 -0.04670386870350627 0.073224180759040094 0.0012436870964664568 -0.027163252747279994 0.063437509873255041 0.012752909922933037 -0.048593416252681883 0.057656919697479006 -0.019409153497517373 0.016299630114229514 0.0078424040254760161 -0.060997889932214812 0.0045563595747573184 -0.043246943751055311 -0.029630179135351244 0.017809853353059964 -0.015896155071625145 0.041470395933308535 0.015267440002507977 0.049420242070944517 -0.018418481891788144 0.0062854765870103517 0.0022050684133318958 -0.05599482773456485 -0.0091839369351534358 -0.058182145128221431 -0.031687372887206619
leaf_weight=26.80053512938321 2.976038958411662 3.7799408026039698 4.6890782639384252 4.032929189503192 4.9098481647670251 14.970378949306903 3.6601550355553627 2.2980609484948209 5.3519518394023198 12.31188489682973 3.5400359723716965 12.456344184000043 4.1506386995315543 3.6446795742958766 48.790656722150743 10.164325418416409 11.778890487737952 55.84287592722103 11.578174790367482 2.9584498922340563 2.6456354260444632 3.6036320514976969 4.0722759328782558 3.3856399282813072 3.1324641127139321 1.9925117287784813 4.1191715747117996 5.8684209492057562 4.7409961130470037
leaf_count=201 29 22 22 22 29 80 23 24 35 105 28 66 25 19 367 87 88 422 69 41 15 32 21 21 17 16 22 35 30
internal_value=-3.86267e-05 -0.00713234 0.00053673 0.00887896 -0.000619457 -0.0136116 0.027806 0.00155483 0.0127769 0.0233728 0.0298213 0.0368577 -0.00144916 -0.0271209 0.000437743 -0.00716667 -0.00209186 0.00617975 0.0120215 -0.00705524 -0.031162 -0.00826771 0.01343 -0.027329 -0.0328486 -0.0191731 -0.0291577 -0.0452636 -0.0444266
internal_weight=284.247 52.1384 40.1615 31.3533 27.3203 18.7503 8.57 232.108 49.0123 32.5988 28.3083 24.7682 183.096 12.5363 170.56 73.3795 60.5695 97.18 67.4211 29.759 12.81 16.4135 7.67591 8.73759 11.9769 4.29057 8.80825 8.84446 8.38568
internal_count=2013 301 220 176 154 102 52 1712 348 239 199 171 1364 74 1290 557 455 733 491 242 102 109 53 56 81 40 44 64 49
is_linear=0
shrinkage=0.05


Tree=165
num_leaves=24
num_cat=0
split_feature=10 70 38 120 24 23 21 85 22 37 1 124 26 93 1 121 20 122 2 13 52 62 46
split_gain=1.2444 3.93259 3.36688 3.27031 4.21839 3.44597 3.03356 4.73304 2.37747 2.57415 3.23967 6.02244 4.39067 4.18651 2.92429 3.01018 2.32995 2.30436 2.83314 1.58882 0.963345 0.323628 0.213324
threshold=0.021653778851032261 0.087581712752580657 0.12973333895206454 0.015491843223571779 0.043377311900258071 0.020159040577709678 0.030363122001290325 0.062988281250000014 0.010901626665145161 0.019302057102322582 0.11690848320722581 0.015370099805295469 0.032206634059548385 0.02011918090283871 0.10460180416703226 0.095335200428962721 0.12626554816961291 0.0095669995062053221 0.065389826893806471 0.042958784848451621 0.001285475096665323 0.0080217635259032267 0.00102638709358871
decision_type=2 2 2 2 2 2 2 2 2 2 2 2 2 2 2 2 2 2 2 2 2 2 2
left_child=1 2 3 4 5 -1 20 -8 -2 17 14 13 -13 -12 15 -11 22 18 19 -10 -5 -19 -3
right_child=8 16 -4 6 -6 -7 7 -9 9 10 11 12 -14 -15 -16 -17 -18 21 -20 -21 -22 -23 -24
leaf_value=0.0030971563762857441 0.054044195119644658 -0.039161773317581944 0.042943296255030496 -0.011836120088914978 -0.038697701849778547 0.047933236717953964 0.036331014181558624 -0.017505088118985632 0.069081946796438504 0.0042491849326529536 0.032015336141481408 0.069097794886838246 0.0099756055777504449 -0.025691393487674075 -0.042016065712780472 -0.012585940871781609 0.0032168848115647544 -0.032203156001861882 -0.049689344702677718 -0.0047576987336291655 -0.052659732978189239 -0.056866538442767602 -0.056790861819262829
leaf_weight=10.96507787238807 2.1571591841056934 2.8115021772682649 4.0684818476438513 1.946742065250876 3.5959455920383325 7.0348774362355462 5.2151835663244155 18.798271782696247 1.4594117617234572 139.76232963637449 4.9792901277542141 7.2447407022118551 5.5429035890847445 8.522284481674431 4.0337507585063568 32.779648548457772 2.888689361512661 2.4211946967989206 1.6552667133510111 1.4546450464986262 5.6081137298606336 2.9515040628612041 4.4039954403415322
leaf_count=101 29 20 30 26 25 52 40 110 16 885 32 37 35 59 30 257 23 37 30 26 62 21 30
internal_value=-4.08986e-05 -0.0059722 -0.000895152 -0.00424996 0.0107433 0.0206203 -0.0145068 -0.00581309 0.00181706 0.00128765 0.00250504 0.0188805 0.0434708 -0.00440954 6.7002e-05 0.00105084 -0.0347299 -0.0235528 0.00254942 0.0322225 -0.0421403 -0.045752 -0.0499217
internal_weight=282.301 67.3369 57.2327 53.1642 21.5959 18 31.5683 24.0135 214.964 212.807 202.865 26.2892 12.7876 13.5016 176.576 172.542 10.1042 9.94202 4.56932 2.91406 7.55486 5.3727 7.2155
internal_count=2013 519 446 416 178 153 238 150 1494 1465 1335 163 72 91 1172 1142 73 130 72 42 88 58 50
is_linear=0
shrinkage=0.05


Tree=166
num_leaves=28
num_cat=0
split_feature=40 30 44 54 27 104 78 16 11 13 37 28 12 63 95 53 53 131 86 123 69 39 22 115 36 75 100
split_gain=1.23399 2.20451 3.13067 2.64346 2.52186 2.18076 4.54416 5.3685 3.62384 3.09648 2.75693 3.30492 2.39675 2.25647 3.93045 2.95166 4.89569 4.04875 2.64836 2.55886 1.62687 1.30782 1.16461 0.925727 0.488858 0.226468 0.105399
threshold=0.10381457209587099 0.00074736925307661306 0.015615035314112903 0.0096759404987096804 0.052266024053096778 0.40147240459918981 0.0049525669310241946 0.12810906022787097 0.16884566843509677 0.077676579356193556 0.13124801218509677 0.0053910238202661285 0.085668448358774199 0.0031289858743548398 0.069246254861354842 0.020487883128225807 0.013641980011016132 0.02316167484968901 0.027652662247419361 0.0050016231834888467 0.063905056565999999 0.11396883055567743 0.05026307329535485 93.10278701782228 0.0786929987370968 0.0021025987807661299 63.520973205566413
decision_type=2 2 2 2 2 2 2 2 2 2 2 2 2 2 2 2 2 2 2 2 2 2 2 2 2 2 2
left_child=5 4 24 21 -2 6 8 12 10 13 11 -1 20 14 18 16 -15 -17 -7 -16 -8 -4 -11 -5 -3 -12 -24
right_child=1 2 3 23 -6 9 7 -9 -10 22 25 -13 -14 15 19 17 -18 -19 -20 -21 -22 -23 26 -25 -26 -27 -28
leaf_value=-0.026838859788685689 0.060638127206390148 -0.03195897176067436 0.0011535835859284075 -0.0040055630208056638 -0.02135485895320019 0.020010939605695444 -0.017716062336844529 0.03884056888095979 -0.030082631086539705 -0.0075059908794021194 0.045610657584249883 0.023942450878117614 0.01471261716563577 0.0015759723390107378 -0.02479145798451686 0.046300948019974059 -0.032834501160543109 0.001859492187978756 -0.034236439284198249 0.050926032298487592 -0.052804642568396336 0.057231603274201348 -0.042216883565624481 -0.043132982249914548 -0.057776356556907243 0.067698322027433297 -0.058092826031487667
leaf_weight=3.6070701768621793 2.0471089445054562 3.9853453040123012 2.0500535788014513 3.2625880679115653 1.7305866726674137 2.6413524127565386 8.6712985243648344 4.6158945932984343 3.4436249835416666 2.4132891355548045 1.9441076032817353 28.673076580278575 3.5890116896480313 134.51839538291097 1.718636842444538 8.2397594563663024 11.196851734071968 13.556894905865191 15.18048662226647 3.18120202049613 5.3362857494503251 2.1095390114933252 1.8834336628206072 2.8168259784579277 3.3960082717239857 2.8791889622807503 2.3496383503079414
leaf_count=24 26 26 20 25 14 22 50 31 25 18 28 296 22 894 23 57 69 73 95 28 31 22 30 15 19 18 12
internal_value=-4.27634e-05 -0.0115837 -0.0190147 -0.00112017 0.0230766 0.00090838 0.00902452 -0.00915315 0.0189826 -0.00167881 0.0235364 0.018268 -0.0217427 -0.000506743 -0.0152925 0.00149883 -0.00106815 0.0186596 -0.0261965 0.0243678 -0.0310833 0.0295936 -0.0352259 -0.0221348 -0.043837 0.0587955 -0.0510291
internal_weight=281.038 21.3981 17.6204 10.239 3.7777 259.639 62.7596 22.2125 40.5471 196.88 37.1034 32.2801 17.5966 190.234 22.7217 167.512 145.715 21.7967 17.8218 4.89984 14.0076 4.15959 6.64636 6.07941 7.38135 4.8233 4.23307
internal_count=2013 167 127 82 40 1846 525 134 391 1321 366 320 103 1261 168 1093 963 130 117 51 81 42 60 40 45 46 42
is_linear=0
shrinkage=0.05


Tree=167
num_leaves=13
num_cat=0
split_feature=104 92 37 115 21 75 41 41 126 12 126 78
split_gain=1.22773 1.8706 1.46807 1.65625 2.91393 1.96297 1.62612 6.22426 3.64411 1.10015 0.369678 0.00439808
threshold=-0.75156724452972401 0.16618502885103228 0.0023915816564112906 48.14287185668946 0.13023158162832263 0.052853953093290336 0.013362962286919357 0.015186543110758068 0.092656843364238753 0.019112722948193554 0.074009820818901076 0.001285475096665323
decision_type=2 2 2 2 2 2 2 2 2 2 2 2
left_child=9 2 10 4 5 -4 8 -8 -5 -1 -2 -11
right_child=1 -3 3 6 -6 -7 7 -9 -10 11 -12 -13
leaf_value=-0.010990051169047431 -0.052873096372118844 -0.039149320203827977 0.055711592166262772 0.001044985918302963 -0.03287794805844186 -0.0068966500394954198 0.045769007473278119 0.00011777397956752577 -0.025165264252885917 0.05272818838225804 -0.012526900591404898 0.05758688746487322
leaf_weight=0.94902872713282649 1.5778354015201324 3.0762055492959908 4.6047640671022219 40.783017275389284 1.8349694134667514 1.7194454399868844 7.7642249912023535 194.77869132580236 19.651463282527402 0.93488201498985268 0.88687613327056158 0.92818734981119633
leaf_count=18 37 27 51 367 23 18 46 1225 142 32 16 11
internal_value=-4.26334e-05 -0.000376727 5.92087e-05 0.000408408 0.0225942 0.0386895 -0.000279932 0.00186776 -0.00747779 0.0328282 -0.0383553 0.0551488
internal_weight=279.49 276.677 273.601 271.137 8.15918 6.32421 262.977 202.543 60.4345 2.8121 2.46471 1.86307
internal_count=2013 1952 1925 1872 92 69 1780 1271 509 61 53 43
is_linear=0
shrinkage=0.05


Tree=168
num_leaves=18
num_cat=0
split_feature=14 48 66 78 55 19 65 117 73 43 66 123 65 34 39 56 58
split_gain=1.25164 1.3853 1.41576 3.79473 3.28215 2.91966 2.05374 3.61837 3.80114 3.65214 2.78695 3.2496 2.92575 1.06132 0.262805 0.00804319 0.000440517
threshold=6.9754463766003041e-05 0.010373485274612905 0.20555644482374194 0.0049525669310241946 0.023447465151548389 0.077158402651548399 0.15753547847270968 823.28366088867199 0.0029197225812822585 0.033342635259032256 0.16658362746238711 0.0071321320720016965 0.062410315498709686 0.11312181130051614 0.046306999400258071 0.0017239317530766132 0.047452965751290328
decision_type=2 2 2 2 2 2 2 2 2 2 2 2 2 2 2 2 2
left_child=13 14 6 4 5 -4 10 8 -8 -9 12 -12 -3 15 -2 -1 -17
right_child=1 2 3 -5 -6 -7 7 9 -10 -11 11 -13 -14 -15 -16 16 -18
leaf_value=0.059729269676783138 0.01603592931876208 0.0026574513001507635 -0.0072229247598905094 -0.048750997904191039 -0.036709543583118974 0.044944975609546661 0.038165145201580181 0.038556096237520016 -0.0085593491985762552 0.00355254233251876 0.064636877394730077 -0.0033455149870602187 -0.010162480797767253 -0.009183276860430991 0.055387010591242597 0.053606298830194334 0.051729270762824367
leaf_weight=0.61168595449998919 0.63924788124859233 91.360732321627438 6.5743098082020897 5.5181564074009648 4.4629569239914408 4.5301439212635159 5.0122603066265574 14.728275144007059 33.081201194785535 15.083292340859769 3.301553606055676 3.759464617818594 86.776175562292337 0.98144788481295098 1.2617406537756322 0.67657327232882358 0.58100780146196485
leaf_count=8 19 736 46 37 27 35 60 92 199 104 23 18 528 10 30 17 24
internal_value=-4.08933e-05 -0.000381228 -0.000676134 -0.013124 -0.000495371 0.0140594 0.000360878 0.00779896 -0.00241144 0.0208459 -0.00236639 0.0284413 -0.00358755 0.0329203 0.0421544 0.0550265 0.0527391
internal_weight=278.94 276.09 274.189 21.0856 15.5674 11.1045 253.103 67.905 38.0935 29.8116 185.198 7.06102 178.137 2.85071 1.90099 1.86927 1.25758
internal_count=2013 1954 1905 145 108 81 1760 455 259 196 1305 41 1264 59 49 49 41
is_linear=0
shrinkage=0.05


Tree=169
num_leaves=22
num_cat=0
split_feature=61 70 38 14 109 101 60 125 42 10 131 58 30 106 3 63 61 29 21 119 32
split_gain=1.23487 3.13575 3.20324 4.20855 5.91062 3.11004 3.03205 3.2719 3.24948 3.62476 2.3432 1.98717 1.95216 3.3417 4.62984 4.60869 2.394 2.33376 1.56923 1.31413 0.63933
threshold=0.015425701159983875 0.014459103811532261 0.1035255901515484 0.017209422774612907 47.925838470458991 1.5824530720710757 0.020139110274612907 0.095000404864549651 0.019840162247419361 0.046825176104903228 0.020178962498903278 0.2211415767669678 0.015644930303096775 56.442190170288093 0.055753747001290328 0.043417170643806464 0.012854751665145161 0.00014947385352570566 0.1200573965907097 0.056864297017455108 0.053700972348451621
decision_type=2 2 2 2 2 2 2 2 2 2 2 2 2 2 2 2 2 2 2 2 2
left_child=6 -2 3 5 -5 10 11 8 -8 -10 -3 12 16 15 -15 -14 17 -1 -4 -6 -13
right_child=1 2 18 4 19 -7 7 -9 9 -11 -12 20 13 14 -16 -17 -18 -19 -20 -21 -22
leaf_value=0.023992646108847319 0.041346352809629554 0.073616863155002973 -0.056483848851065444 0.03510562246065746 -0.015726417580379005 -0.018330521708464904 -0.01873201248089219 0.056221334833075544 0.066647986403993317 -0.0050276857324873091 0.012119533883196813 0.061904905507655532 0.0049256189863004889 0.016311117288208537 -0.059458170507646048 0.050198767712745243 -0.048312993484376197 -0.0049459988314308895 -0.013326854765431165 -0.056447715936860224 0.014163406309859076
leaf_weight=7.3503555296920231 2.8232409786432973 3.0559229552745872 5.267156243324278 3.262408521026372 2.919972835108636 3.1876923963427544 6.0834336923435348 4.8166214730590573 3.5600277017802 3.4961810847744346 3.1410467475652695 1.6090360968373709 65.67750448314473 3.6962300483137351 4.4355209842324257 6.1474458519369355 3.0358609370887271 133.54747299500741 3.5099301785230637 6.1626129765063524 1.2429558113217352
leaf_count=77 23 19 25 26 20 28 37 30 33 30 21 27 490 28 20 42 18 935 23 44 17
internal_value=-3.83001e-05 -0.00906717 -0.0137327 -0.00343557 -0.0226211 0.0218019 0.00119151 0.0209694 0.0080471 0.0311344 0.0424458 -0.000374755 -0.000903051 0.00536113 -0.0250178 0.00880052 -0.00438287 -0.00343633 -0.0392255 -0.0433562 0.0410982
internal_weight=278.029 33.33 30.5067 21.7297 12.345 9.38466 244.699 17.9563 13.1396 7.05621 6.19697 226.742 223.89 79.9567 8.13175 71.825 143.934 140.898 8.77709 9.08259 2.85199
internal_count=2013 229 206 158 90 68 1784 130 100 63 40 1654 1610 580 48 532 1030 1012 48 64 44
is_linear=0
shrinkage=0.05


Tree=170
num_leaves=31
num_cat=0
split_feature=115 98 98 76 122 128 120 128 8 128 45 93 131 7 5 75 50 75 20 85 100 70 89 102 70 62 84 110 58 21
split_gain=1.2635 3.66669 3.71619 3.30084 4.95957 7.53194 3.64682 2.88453 3.91861 3.20939 3.12635 3.43596 3.87529 2.81559 2.75778 2.64461 2.49872 5.25896 4.83919 3.55775 3.43801 3.41885 2.47273 2.737 2.45903 2.83238 2.41801 2.3575 1.12751 0.693807
threshold=111.72847366333009 0.67229399085044872 0.48113797605037695 0.01312380423769355 0.010561236646026375 0.0091408980078995245 0.02916768100112677 0.0091003165580332297 0.079699456691741957 0.0086336336098611372 0.00102638709358871 0.081821985542774214 0.032251846045255668 0.054488200694322593 0.056720344349741943 0.019670759327709678 0.0719268172979355 0.0016043527284637096 0.095085300505161299 0.1288564279675484 41.914440155029304 0.10918566584587099 0.038932956755161292 55.213537216186531 0.038215480744838722 0.0042948818299919376 0.019720584154129032 1.7302405834198 0.027353715151548389 0.089933436363935484
decision_type=2 2 2 2 2 2 2 2 2 2 2 2 2 2 2 2 2 2 2 2 2 2 2 2 2 2 2 2 2 2
left_child=7 2 3 6 -5 -6 14 9 10 16 15 12 -12 -11 -2 -9 19 26 -19 21 -21 -1 23 -3 27 -26 -18 -10 -27 -15
right_child=1 22 -4 4 5 -7 -8 8 24 13 11 -13 -14 29 -16 -17 17 18 -20 20 -22 -23 -24 -25 25 28 -28 -29 -30 -31
leaf_value=0.0039818650967538135 -0.0055641319491494361 -0.049063379404099827 0.036521192281496327 -0.048201635556854458 0.064157376701078642 -0.017861146113673256 0.01412929771442251 0.024984935486900499 -0.0078786045311492504 0.0074314023880486524 0.055486811886622384 -0.018332587067867213 0.015560007693648648 -0.056177317060024372 -0.058831972289517143 -0.055436182748984798 -0.030362410224557535 -0.0029679180811329592 -0.038629674517620054 -0.0030281340733056147 0.046353990144043393 -0.027299019585974218 -0.054868092030147676 0.0063115822652836211 0.015892519455999357 -0.060655052121232247 0.04630834586874516 0.063490635825688049 -0.021486594034693024 -0.026465766743368264
leaf_weight=93.827556376811117 3.8999104630202073 3.4056419506669027 6.2867370638996354 2.781935224775224 6.0719860307872278 5.1930950926616788 4.7603786773979655 1.9081045445054794 2.7362923808395854 4.1176942866295567 11.975058402400469 3.415439056698232 12.339832299854605 4.5801015268079919 6.4457492846995592 2.2019461705349386 1.2674830593168724 26.301413024775684 14.902882590889929 5.7509765941649666 9.1043415237218124 9.6316646803170425 5.3964168317615977 6.4721579495817423 3.5788853457197529 3.197741786018014 5.4504429493099451 2.0049175769090652 4.3188146781176329 3.4410276710987091
leaf_count=743 29 31 37 20 31 31 33 16 22 25 105 28 66 26 25 24 13 191 106 44 59 65 26 38 25 14 69 19 29 23
internal_value=-3.85973e-05 -0.0071711 0.00165516 -0.00586356 0.0115835 0.0263476 -0.0220875 0.00156155 0.0124864 -0.00135849 0.0225958 0.0286276 0.0352239 -0.0261777 -0.0387521 -0.0181004 0.000453839 -0.00917814 -0.0158662 0.00435518 0.0272366 0.00106973 -0.0276501 -0.0127805 -0.00783897 -0.0207183 0.0318427 0.0223013 -0.0381499 -0.0434312
internal_weight=276.767 50.714 35.4398 29.1531 14.047 11.2651 15.106 226.053 47.677 178.376 31.8404 27.7303 24.3149 12.1388 10.3457 4.11005 166.237 47.9222 41.2043 118.315 14.8553 103.459 15.2742 9.8778 15.8367 11.0954 6.71793 4.74121 7.51656 8.02113
internal_count=2013 301 206 169 82 62 87 1712 348 1364 239 199 171 74 54 40 1290 379 297 911 103 808 95 69 109 68 82 41 43 49
is_linear=0
shrinkage=0.05


Tree=171
num_leaves=29
num_cat=0
split_feature=71 66 93 79 100 85 36 76 70 20 125 18 51 66 44 0 69 104 12 76 45 0 61 94 102 104 87 79
split_gain=1.26676 3.5152 3.09526 3.40162 3.67327 3.67677 3.07079 3.00535 2.34582 5.45653 3.21606 2.30098 4.12553 4.61292 4.13292 3.95539 2.88179 2.66192 3.49651 4.3388 3.76662 3.44552 3.21722 3.04586 2.53267 2.04167 1.3997 0.0967631
threshold=0.080217633396387114 0.007463727844879032 0.0083007812500000017 0.019760442897677425 51.592779159545906 0.093012593686580672 0.077507175505161299 0.0030791612807661299 0.087581712752580657 0.13556281477212909 0.061328219249844558 0.12924505770206454 0.025021922774612907 0.060566805303096778 0.0053013390861451634 0.099958147853612914 0.053840480744838722 0.37097154557704931 0.044593032449483878 0.0011260363971814515 0.0086794481612741965 0.010253906250000002 0.0013253347715362909 0.02792171481996775 79.071098327636733 0.79142513871192943 0.053491709753870971 0.0087990276515483874
decision_type=2 2 2 2 2 2 2 2 2 2 2 2 2 2 2 2 2 2 2 2 2 2 2 2 2 2 2 2
left_child=8 -2 -3 4 5 -4 -5 -6 11 10 -10 17 13 16 -15 24 -13 21 20 -20 -19 22 -1 -23 -14 -8 -12 -28
right_child=1 2 3 6 7 -7 25 -9 9 -11 26 12 15 14 -16 -17 -18 18 19 -21 -22 23 -24 -25 -26 -27 27 -29
leaf_value=0.026340725828990753 -0.039726084197880332 -0.03722134242011526 0.0012108804577399333 0.0016250536801473434 0.035277174828580365 0.071146921284130624 0.026364455616514917 -0.022675166484687537 0.008489924478967013 0.036324413181825353 -0.018893783353291005 0.014517533523155886 -0.049740721730744626 0.016159990167684761 0.073159575493080706 0.03292109710632736 -0.047290020758822313 -0.011412823256048997 0.034723987323787321 -0.031914372739745088 0.008115714310635503 0.0061558814958813848 -0.015168606981096311 0.038843370412354548 0.0068414203179559645 0.076548513344765867 -0.049733639272051239 -0.060756397008308351
leaf_weight=5.9481112286448505 3.487345401197671 2.845806907862424 4.1564525151625302 3.9198327902704468 2.8254311135970047 3.4303787779062986 3.5127234142273647 10.744559794664381 3.884943442419174 3.7259525461122385 3.7885692659765473 7.5413523789029586 5.6196964946575445 6.4247982399538142 6.297256201505661 3.5352467596530905 2.5147916693240404 53.035963425412774 2.7759847491979626 20.342204691376537 46.20178753696382 19.514666388742629 21.68982047168538 11.226545728743075 3.0516418572515249 4.7908961474895477 3.6412906870245916 4.393004298210144
leaf_count=77 29 24 37 27 33 21 20 62 30 26 27 67 46 50 43 20 24 403 23 132 288 153 154 110 23 22 24 18
internal_value=-4.11494e-05 0.00821853 0.012834 0.0171014 0.0049692 0.0328324 0.0381003 -0.0106088 -0.00143607 -0.0180743 -0.0309779 6.28389e-05 0.0118 0.0243692 0.0443741 -0.0116549 -0.000939 -0.00220912 -0.00640055 -0.0239126 -0.00232099 0.00657564 -0.00623516 0.0180932 -0.0298282 0.0553189 -0.0439469 -0.0557607
internal_weight=274.867 39.7134 36.2261 33.3803 21.1568 7.58683 12.2235 13.57 235.154 19.4338 15.7078 215.72 34.9848 22.7782 12.7221 12.2066 10.0561 180.735 122.356 23.1182 99.2378 58.3791 27.6379 30.7412 8.67134 8.30362 11.8229 8.03429
internal_count=2013 275 246 222 153 58 69 95 1738 125 99 1613 273 184 93 89 91 1340 846 155 691 494 231 263 69 42 69 42
is_linear=0
shrinkage=0.05


Tree=172
num_leaves=10
num_cat=0
split_feature=48 6 42 42 13 10 81 91 57
split_gain=1.29253 1.45991 1.4034 2.59962 1.75592 1.44624 0.481071 0.316697 0.00475528
threshold=0.012097416911274196 0.19992625713348391 6.9754463766003041e-05 0.00058793049538508068 0.00057796557666733872 0.021653778851032261 0.00033880739647429442 0.0093570630997419375 0.15728635340929034
decision_type=2 2 2 2 2 2 2 2 2
left_child=6 2 -2 7 -5 -6 -1 -4 -8
right_child=1 -3 3 4 5 -7 8 -9 -10
leaf_value=0.0013673581343059532 0.034627029916034356 -0.035808237255703437 -0.02147737920593043 0.052319443512684 -0.0069532523124235749 0.0019289328756147369 0.057318063649264922 -0.054041460407876878 0.051661274956921549
leaf_weight=0.60062286211177651 2.9004134181886903 2.8712185490876427 1.0989125501364463 1.6075497437268484 59.381245300173759 200.80657432903536 0.71567684179171898 2.3290527071803808 0.77255800273269415
leaf_count=15 34 22 21 36 436 1368 9 33 39
internal_value=-4.22515e-05 -0.000344257 3.55107e-05 -0.000342773 0.00022367 -9.81997e-05 0.039138 -0.0436023 0.0543816
internal_weight=273.084 270.995 268.124 265.223 261.795 260.188 2.08886 3.42797 1.48823
internal_count=2013 1950 1928 1894 1840 1804 63 54 48
is_linear=0
shrinkage=0.05


Tree=173
num_leaves=22
num_cat=0
split_feature=110 14 14 129 108 48 80 108 49 125 61 120 120 85 20 30 31 91 40 25 103
split_gain=1.20749 2.66397 4.37113 2.54562 2.2715 4.09124 2.61669 2.21958 2.41273 3.42526 3.88079 2.36653 3.07424 2.02857 1.62593 1.51618 1.06198 0.282441 0.00492345 0.000500536 0.000262809
threshold=-0.59144088625907887 0.021793288178741935 0.018185985274612907 0.016831019893288616 142.50714111328128 0.38973812758922582 0.081453282386064543 134.80939483642581 0.41328524053096777 0.065041393041610732 0.00050821108743548404 0.037273760885000236 0.033986689522862441 0.097247689962387099 0.028868382796645168 0.012426259461790325 0.058922592550516135 0.023517219349741939 0.014339524786919357 0.0071647798176854858 42.073308944702156
decision_type=2 2 2 2 2 2 2 2 2 2 2 2 2 2 2 2 2 2 2 2 2
left_child=1 2 3 -1 7 6 -6 8 11 -10 -11 12 -2 -13 -3 -9 18 19 20 -5 -16
right_child=4 14 -4 17 5 -7 -8 15 9 10 -12 13 -14 -15 16 -17 -18 -19 -20 -21 -22
leaf_value=0.04826954599947407 -0.0012087690969722691 0.021328896561336644 0.070503532795742424 -0.051251383599486611 -0.035160881789199717 0.052487495492902894 0.03077046160241851 -0.052750384006049672 0.049341541413043005 -0.045059971656275837 0.015951919456001717 -0.0039506198597726401 0.027466916286012923 -0.042385331884431721 -0.051364666253588244 -0.0013347350199336147 0.0014148034855328223 -0.019836525708162744 -0.054754687590289834 -0.052785285288044194 -0.052339732655516363
leaf_weight=1.0462220953777412 194.45418090280145 1.1178552713245151 2.0078959818929434 1.0005175340920693 3.440434165298937 5.726880207657814 2.674980316311121 3.3458897713571778 5.7258029524236944 3.1920271483249989 14.204674296081064 7.6655872166156751 9.8184385523200017 6.2176831783726811 1.9731634408235552 2.5090540871024132 1.0740564353764055 0.9970476459711789 2.3488754592835903 1.1353525817394254 1.0635276876855639
leaf_count=12 1364 18 19 25 30 34 18 30 39 23 75 57 67 35 56 17 19 17 27 15 16
internal_value=-4.03776e-05 -0.014471 0.00987204 -0.0192588 0.000726609 0.0221183 -0.00632146 -0.000298451 0.000439694 0.0157976 0.00475718 -0.0011881 0.000169538 -0.0211638 -0.0343472 -0.0307169 -0.0439821 -0.0418095 -0.0530358 -0.0520668 -0.0517062
internal_weight=272.74 13.7645 6.18704 4.17914 258.976 11.8423 6.11541 247.133 241.278 23.1225 17.3967 218.156 204.273 13.8833 7.57748 5.85494 6.45962 3.13292 5.38557 2.13587 3.03669
internal_count=2013 224 88 69 1789 82 48 1707 1660 137 98 1523 1431 92 136 47 118 57 99 40 72
is_linear=0
shrinkage=0.05


Tree=174
num_leaves=22
num_cat=0
split_feature=91 91 100 87 18 82 62 51 21 39 85 125 7 28 23 101 13 64 118 27 121
split_gain=1.20201 2.15233 2.34258 2.97884 3.25763 2.67443 3.73395 3.15734 2.17711 2.12444 2.10609 2.94 2.74678 2.65796 2.91893 2.59648 2.14244 1.91844 1.87631 2.02337 1.64751
threshold=0.0044543209951370963 0.013841278851032259 38.993888854980476 0.12199059501290323 0.06518056616187097 0.035226006060838706 0.011230468750000002 0.1169184483587742 0.089933436363935484 0.0051219705492258081 0.098074778914451613 0.083191301673650755 0.053740832954645164 0.0023616869002580647 0.030482701025903228 1.1816650629043581 0.005829480243846775 0.2133988365530968 0.13213213533163073 0.012057557236403229 0.086732003837823882
decision_type=2 2 2 2 2 2 2 2 2 2 2 2 2 2 2 2 2 2 2 2 2
left_child=9 10 18 5 8 6 -4 -7 -5 -1 12 15 13 -2 -15 -12 -13 -11 19 20 -3
right_child=1 2 3 4 -6 7 -8 -9 -10 17 11 16 -14 14 -16 -17 -18 -19 -20 -21 -22
leaf_value=-0.02386003395547932 0.028284424730156812 -0.052610823250383743 0.0040539750597779053 0.0055903160381043215 -0.010279523915837132 0.0071203866994272351 -0.019687303531521629 -0.018196581100290283 0.055271793942994266 0.0036765373581214727 0.059233966839639135 0.0083589032159629064 -0.053268680915360127 -0.039909487813380246 0.0091175541944989915 -0.0048649104733998506 -0.045294046398727007 0.059275453495770916 -0.057015770487943374 0.029418633439854455 0.010073544092129129
leaf_weight=2.1862921500578505 3.3096625870093765 2.7154110535047931 33.645382440648973 3.2175195785239321 4.8034755438566199 123.63397838082165 32.616688907146454 13.677525902632622 7.0080749532207847 2.9003114271908998 3.2671000938862544 3.7698267884552479 5.260837164707481 8.2562041096389276 4.8015430085360995 3.0592459868639708 3.6739527024328709 3.3362117065116763 2.8555397158488631 2.2984863477759063 1.7072548326104877
leaf_count=33 26 33 305 32 32 836 215 81 48 20 25 21 30 90 30 25 19 31 26 33 22
internal_value=-4.24512e-05 -0.000636626 0.00114298 0.00220335 0.0236847 0.000617469 -0.00763238 0.00459858 0.0396393 0.0185512 -0.012108 0.00317672 -0.0218394 -0.0117374 -0.0218815 0.0282375 -0.0181221 0.033419 -0.0230617 -0.00863596 -0.0284132
internal_weight=272.001 263.578 228.179 218.603 15.0291 203.574 66.2621 137.312 10.2256 8.42282 35.3984 13.7701 21.6282 16.3674 13.0577 6.32635 7.44378 6.23652 9.57669 6.72115 4.42267
internal_count=2013 1929 1663 1549 112 1437 520 917 80 84 266 90 176 146 120 50 40 51 114 88 55
is_linear=0
shrinkage=0.05


Tree=175
num_leaves=26
num_cat=0
split_feature=115 29 124 124 85 4 128 17 128 114 99 26 7 75 10 94 106 63 57 115 71 66 85 95 99
split_gain=1.18979 3.38423 3.50446 6.62333 3.52229 5.37389 2.53455 3.66536 2.92186 2.70584 3.15445 3.6306 2.67876 2.37262 3.11115 4.00646 2.78317 3.62864 2.56502 2.49472 2.07902 1.83847 1.26571 1.08321 0.685933
threshold=111.72847366333009 0.011210538912564518 0.020371722988784317 0.018677460961043838 0.084671955555677428 0.07369061186909677 0.0091003165580332297 0.006806042743846775 0.0086336336098611372 100.66106414794923 122.24808502197267 0.021195392124354843 0.054488200694322593 0.019670759327709678 0.0549366232007742 0.047931281849741943 39.955991744995124 0.088428732007741942 0.15310107916593554 59.222272872924812 0.018624441698193554 0.12958385795354846 0.047741949558258064 0.058753188699483878 89.530811309814467
decision_type=2 2 2 2 2 2 2 2 2 2 2 2 2 2 2 2 2 2 2 2 2 2 2 2 2
left_child=6 21 3 4 5 -3 8 20 13 10 11 -9 -10 16 15 -15 19 -18 -16 -1 -8 22 -2 -4 -14
right_child=1 2 23 -5 -6 -7 7 9 12 -11 -12 -13 24 14 18 -17 17 -19 -20 -21 -22 -23 -24 -25 -26
leaf_value=0.025271776929773278 -0.014723107632461683 -0.0048785025473082914 -0.0098299335974865801 0.068739859290294969 -0.040217834152760146 0.058023953845496357 0.012919315413525293 0.0044204374181411391 0.0077695448003179627 -0.017808946373907768 -0.02318425016531344 0.040562585587086648 -0.059716796679181811 0.0046985341964114156 -0.041920009522969752 -0.028648736380611241 0.016351953881314756 -0.015122569294633757 0.014586051911342365 -0.015175845990793342 -0.040182702334782605 0.0020349411075439683 -0.057190116147214469 -0.04581242566321532 -0.029630751523449905
leaf_weight=4.6282695936970439 2.5684084261301887 17.289148991927515 4.0051890723407251 3.8984303511679164 4.7207947783172122 4.2252134382724753 3.0217276569455853 10.616837718524041 4.0292121078819019 4.5947009008377782 3.3263111063279203 20.110223553143442 3.3113588588312268 47.097392743453383 9.3251201245002431 11.136831113137303 55.698391269426793 10.959009885787962 2.5596247650682917 21.620602745562792 4.7260492257773876 3.0084543060511342 5.5373242739588022 4.3776058852672577 4.4275821708142757
leaf_count=70 27 108 23 22 22 24 30 71 25 25 26 168 19 367 87 88 439 69 15 155 28 17 37 21 30
internal_value=-4.27767e-05 -0.00703915 -2.55383e-05 0.00792922 -0.00110698 0.00747493 0.00152707 0.0119158 -0.00123042 0.0182081 0.0230678 0.0280747 -0.0252912 0.000506431 -0.0064368 -0.00167887 0.00574668 0.0111773 -0.0297503 -0.00804402 -0.0194723 -0.0313449 -0.0437339 -0.0286205 -0.042504
internal_weight=270.82 49.6306 38.5164 30.1336 26.2352 21.5144 221.189 46.3959 174.793 38.6481 34.0534 30.7271 11.7682 163.025 70.119 58.2342 92.9063 66.6574 11.8847 26.2489 7.74778 11.1142 8.10573 8.38279 7.73894
internal_count=2013 301 220 176 154 132 1712 348 1364 290 265 239 74 1290 557 455 733 508 102 225 58 81 64 44 49
is_linear=0
shrinkage=0.05


Tree=176
num_leaves=22
num_cat=0
split_feature=80 32 74 124 125 103 103 44 14 84 125 25 90 82 66 52 128 66 50 120 105
split_gain=1.17168 2.58756 2.53589 2.78921 2.20894 2.46813 2.54279 3.02671 2.44127 2.38016 2.91026 2.05084 3.8797 2.97967 2.96394 3.03831 2.99377 2.76453 2.93102 0.522691 0.00977749
threshold=0.0019232302438467743 0.0089684310369193571 0.00040856187115423387 0.016546952538192276 0.10203108564019205 73.54272842407228 49.868810653686531 0.0018734056502580645 0.014897560700774195 0.0796695612370968 0.11115169152617456 0.042699696496129043 0.064492985606193556 0.11032166704535486 0.15266262739896777 0.042051976546645171 0.0082886940799653547 0.206841915845871 0.074188854545354857 0.012427968438714744 59.169513702392585
decision_type=2 2 2 2 2 2 2 2 2 2 2 2 2 2 2 2 2 2 2 2 2
left_child=2 -2 3 19 5 6 7 -4 -8 -6 -11 12 17 14 15 -13 -16 18 -3 -1 -21
right_child=1 11 4 -5 9 -7 8 -9 -10 10 -12 13 -14 -15 16 -17 -18 -19 -20 20 -22
leaf_value=0.013553305513732381 0.050109936174044349 0.0052164827390402705 -0.036028706321752563 -0.0074185589366173657 0.038746599595165417 0.026132824060245419 0.0007711874834364005 0.0074924201726091783 -0.031158588936149631 0.030147878051344182 -0.034624886049441882 0.0059640582131039802 -0.048271209350266964 0.055045574088175932 0.058612793572871316 -0.028158934642101827 0.0060189258470910193 -0.040887650274141929 -0.014367471300871277 0.058196244040710471 0.052765148972166644
leaf_weight=0.89394635520875265 2.7683222354389718 83.63440187368542 5.1203552265651551 4.6513225128874183 4.7904968629591149 3.9526933524757615 7.8359301798045626 18.176130531122908 25.362447472289205 3.0330986268818378 4.0493290387094021 46.252708742860705 4.4730220227502278 3.2480828096158794 4.9233743255026621 7.5945855891332021 6.0070759407244623 4.1401869263499966 24.762139303609729 2.3218856407329445 1.2885958263650534
leaf_count=15 35 592 76 37 31 28 53 151 169 18 26 332 36 25 47 40 44 26 167 26 39
internal_value=-4.4904e-05 0.00212747 -0.00505226 0.0197393 -0.00819086 -0.0120636 -0.0147361 -0.00207313 -0.0236221 0.0115262 -0.0068855 0.00140961 -0.00260399 0.00831331 0.00597006 0.00115137 0.0297086 -0.000788848 0.000742718 0.0477827 0.0562579
internal_weight=269.28 187.804 81.4762 9.15575 72.3205 60.4476 56.4949 23.2965 33.1984 11.8729 7.08243 185.036 117.01 68.0258 64.7777 53.8473 10.9305 112.537 108.397 4.50443 3.61048
internal_count=2013 1344 669 117 552 477 449 227 222 75 44 1309 821 488 463 372 91 785 759 80 65
is_linear=0
shrinkage=0.05


Tree=177
num_leaves=26
num_cat=0
split_feature=40 128 127 119 25 90 61 74 121 126 115 59 27 127 10 78 114 129 104 6 113 106 120 3 0
split_gain=1.19189 2.07496 1.93536 2.83113 1.89718 5.49727 4.02834 6.09784 4.77993 3.2142 4.42518 3.09568 3.09535 2.87591 2.84059 1.9766 1.88626 1.86178 1.84744 1.75186 1.66395 1.6023 1.21881 0.166923 0.0460271
threshold=0.10381457209587099 0.0058944078627973804 0.028011118993163112 0.080594107508659377 0.042699696496129043 0.057985888794064529 0.0036770568694919352 0.0051120056305080661 0.10573411360383035 0.089562535285949721 90.449314117431655 0.022371252998709682 0.016113281250000003 0.023790682666003708 0.023337851278483871 0.0018634407315403225 74.907836914062514 0.031156155280768875 0.61311903595924389 0.050631776452064521 0.047532655298709876 45.585798263549812 0.01112937228754163 0.095543686300516142 0.24654217809438708
decision_type=2 2 2 2 2 2 2 2 2 2 2 2 2 2 2 2 2 2 2 2 2 2 2 2 2
left_child=2 22 4 17 5 9 8 13 14 10 -1 -11 -9 -8 -6 -10 19 23 -7 -3 -21 -22 -2 -4 -20
right_child=1 16 3 -5 6 18 7 12 15 11 -12 -13 -14 -15 -16 -17 -18 -19 24 20 21 -23 -24 -25 -26
leaf_value=0.017254956073466745 -0.011272978955665248 -0.055668536343570288 0.049257308242279543 -0.0226605468641322 -0.028811086218831924 -0.0044603979179778479 0.050864854085763168 0.018084703755741723 0.0053440099100264754 -0.020698918409822742 -0.0060377601597413934 0.0056635448353952829 -0.019289722691369721 -0.012340924054440891 0.023825973414097347 -0.053548241734644245 0.013982802790792101 0.0037012548944181795 -0.054053467656409449 0.011618089511056584 0.0013676869316574288 -0.053637616760020324 0.046498432497274832 0.06903566237988587 -0.063025262246926575
leaf_weight=38.232635502703488 1.5906959166750341 3.9829756915569332 1.95646996097639 2.4009849643334746 2.7280237344093612 2.2553585385903698 6.2881025034002942 6.6300630103796712 2.5438627554103723 31.515257040504366 43.693991609849036 17.220778837800026 33.691383367404342 2.5213301908224821 42.397212720941752 3.2386688771657646 3.3587343357503405 2.2244472578167915 3.7753526549786329 3.4215088491328043 2.1422953410074115 3.4659280031919479 2.1427691434510052 2.3458971856161952 2.3006909638643265
leaf_count=325 13 22 23 16 23 21 66 32 27 221 299 111 191 25 341 37 23 13 47 33 26 22 28 20 8
internal_value=-4.37178e-05 -0.0117524 0.000905636 0.0237625 5.19396e-05 -0.0037271 0.00530255 -0.0049107 0.0151593 -0.0012162 0.00483223 -0.0113838 -0.0131442 0.0327749 0.0206438 -0.0276402 -0.0194231 0.0408399 -0.0431059 -0.0280456 -0.0158612 -0.032626 0.0218841 0.0600416 -0.0574506
internal_weight=268.065 20.1049 247.961 8.9278 239.033 138.994 100.039 49.1309 50.9078 130.663 81.9266 48.736 40.3214 8.80943 45.1252 5.78253 16.3714 6.52681 8.3314 13.0127 9.02973 5.60822 3.73347 4.30237 6.07604
internal_count=2013 167 1846 72 1774 1032 742 314 428 956 624 332 223 91 364 64 126 56 76 103 81 48 41 43 55
is_linear=0
shrinkage=0.05


Tree=178
num_leaves=20
num_cat=0
split_feature=53 35 11 122 130 115 38 13 69 86 0 114 86 75 81 19 83 40 109
split_gain=1.15566 1.19443 2.51229 2.7877 2.98571 1.95529 2.08789 2.13746 1.53715 4.73892 3.04267 3.44823 2.70345 2.49542 2.30006 1.25994 1.11145 0.700879 0.0809671
threshold=0.088797435164451613 0.16559710353612903 0.046815210953354842 0.013239590916782619 0.062464492395520217 49.354843139648445 0.0072843588422983893 0.018624441698193554 0.020926339551806453 0.093291614204645171 0.42130699753761297 62.772104263305671 0.14863679558038714 0.1303910240530968 0.2803132981061936 0.13851244002580645 0.12707269936800006 0.019013074226677421 46.165195465087898
decision_type=2 2 2 2 2 2 2 2 2 2 2 2 2 2 2 2 2 2 2
left_child=1 5 3 15 -5 6 7 -1 9 13 14 -12 -11 -7 -10 -3 17 -8 -17
right_child=-2 2 -4 4 -6 8 16 -9 10 12 11 -13 -14 -15 -16 18 -18 -19 -20
leaf_value=-0.045378773648281745 -0.031127731606467257 -0.0072876376803542343 0.022539769432285913 -0.032846342018385717 0.02271629170793418 -0.020573503953957524 0.079332152059742991 0.040496195718011246 0.0015573952661930555 0.045243237278247514 0.036193362134641117 -0.015780263707866414 -0.019505919533026765 0.033457223273355187 -0.027971101427315244 -0.043392394843779603 0.0016358126411632771 0.038434578326767666 -0.055377927454128929
leaf_weight=1.7259936467744394 2.9571670256555072 2.1940266927704268 4.5796178607270113 4.1966628739610297 5.704071830958128 30.336467223009095 1.7110015195794401 1.2489440524950621 167.89986559236422 5.5745459105819455 12.351066416129472 4.303199276328086 2.2679654927924275 2.2989328131079665 6.86433914117515 2.13509601354599 1.2966028545051811 2.7017822340130806 4.1438327394425869
leaf_count=33 28 18 38 28 31 306 10 16 1107 61 97 25 20 21 51 21 14 54 34
internal_value=-4.46178e-05 0.000304172 -0.0105936 -0.0188521 -0.000835258 0.00134391 0.0246368 -0.00932658 0.00047161 -0.00838086 0.00234358 0.0227642 0.0265185 -0.0167674 0.000397583 -0.039905 0.0423338 0.0542921 -0.0513023
internal_weight=266.491 263.534 22.9533 18.3737 9.90073 240.581 8.68432 2.97494 231.896 40.4779 191.418 16.6543 7.84251 32.6354 174.764 8.47296 5.70939 4.41278 6.27893
internal_count=2013 1985 170 132 59 1815 127 49 1688 408 1280 122 81 327 1158 73 78 64 55
is_linear=0
shrinkage=0.05


Tree=179
num_leaves=29
num_cat=0
split_feature=121 22 115 97 58 30 35 122 64 130 90 110 86 74 92 49 60 50 61 49 101 23 123 7 91 32 40 126
split_gain=1.13896 3.84072 3.55743 4.62686 4.01544 3.89782 2.37949 2.33046 2.22012 4.61206 3.40216 3.16965 3.95728 3.90929 2.9909 2.72583 4.57109 4.00079 5.73206 3.55023 2.66636 2.60325 2.50821 2.05942 1.30647 0.611185 0.400528 0.00337111
threshold=0.045146496966481216 0.11390903964638711 107.02283477783205 63.843698501586921 0.020856585353612903 0.018006616272032264 0.027323819696903232 0.0086133428849279898 0.16775948554277423 0.042133349925279624 0.0079619740135967749 1.1816102862358095 0.017109774053096775 0.00040856187115423387 0.10189134255051614 0.13721699267625811 0.0010064572561532261 0.0082708862610161322 0.0002690529363462702 0.15457589924335483 -0.0084332725964486582 0.010702327359467747 0.0096075804904103296 0.053740832954645164 0.049067283049225814 0.43868581950664526 0.013113839551806452 0.086843598634004607
decision_type=2 2 2 2 2 2 2 2 2 2 2 2 2 2 2 2 2 2 2 2 2 2 2 2 2 2 2 2
left_child=1 2 3 4 25 -4 -5 -6 9 24 21 12 -12 27 -15 17 22 23 -19 -18 -14 -10 -17 -11 -2 -1 -8 -13
right_child=8 -3 5 6 7 -7 26 -9 10 15 11 13 20 14 -16 16 19 18 -20 -21 -22 -23 -24 -25 -26 -27 -28 -29
leaf_value=-0.016467719821435547 -0.055411645909628007 -0.046393942593873361 -0.034164655595419022 0.0035372875936811954 -0.0096497979388137905 0.028433813625891691 0.03576844623849347 0.055262257570459272 -0.0034765669395264483 0.049595914441715377 0.051917305683419658 0.056898717548041183 0.0093279881936527403 0.00099141713870251787 -0.037687418653136663 -0.024173297664508004 0.058417482556808731 0.067994405385707418 -0.020264422514497001 0.012905170237516828 -0.025369772094352802 0.06793705011608267 0.035002913119227479 -8.8691279966357587e-05 -0.005188054811630493 -0.055872963313819926 0.063194320794731515 0.053550586926731536
leaf_weight=1.7430141046643308 4.1034482866525641 2.9287788933143011 6.5246969200670701 2.5326252654194823 2.4608568120747805 4.0182283949106932 1.6187173966318349 3.1560273226350546 2.4847915079444638 4.1909701684489828 1.9569027647376049 1.5425856150686734 6.4090488050132981 43.662928387057036 5.6440399358980349 11.962919203098862 4.6031554429791859 1.9716763182077581 27.472750891465694 61.971915495581925 40.681112045887858 2.6234857607632875 2.1058537922799578 4.1518024238757789 1.8918352201580999 2.259787286631763 7.4955071043223143 1.466570876073092
leaf_count=16 36 22 31 22 19 35 15 28 31 46 19 17 52 283 39 140 35 31 223 395 236 18 14 56 24 24 69 37
internal_value=-4.40174e-05 0.00839683 0.0134416 0.0252147 -0.000447214 -0.0103065 0.0464101 0.0268231 -0.00131393 0.0032214 -0.00661408 -0.00862053 -0.0177521 -5.95275e-05 -0.00343605 0.00538728 0.0105797 -0.00569425 -0.0143544 0.016052 -0.0206473 0.0331997 -0.0153156 0.0248702 -0.0395634 -0.038714 0.0583234 0.0552669
internal_weight=265.636 34.7382 31.8095 21.2665 9.61969 10.5429 11.6468 5.61688 230.898 124.426 106.471 101.363 49.0471 52.3161 49.307 118.431 80.6438 37.7872 29.4444 66.5751 47.0902 5.10828 14.0688 8.34277 5.99528 4.0028 9.11422 3.00916
internal_count=2013 281 259 193 87 66 106 47 1732 1000 732 683 307 376 322 940 584 356 254 430 288 49 154 102 60 40 84 54
is_linear=0
shrinkage=0.05


Tree=180
num_leaves=31
num_cat=0
split_feature=71 132 66 93 31 42 127 106 12 124 121 9 62 93 127 30 95 67 80 70 84 70 35 95 46 77 16 114 73 115
split_gain=1.13189 3.33092 3.17792 3.19177 3.06501 2.92613 2.18816 6.17563 5.17393 5.69006 3.91987 5.29426 3.46602 3.26197 4.3382 3.19843 5.79071 3.43322 3.41662 4.01882 3.31263 3.51251 2.91495 2.9822 2.88206 2.57176 2.73386 2.52719 2.05346 2.03101
threshold=0.080217633396387114 0.04656683653593064 0.007463727844879032 0.0083007812500000017 0.057397959753870971 0.05647122114896775 0.01910356339067221 47.589746475219734 0.023427534848451618 0.015451262239366772 0.059380326420068748 0.052824059501290328 0.012037627398967745 0.017319036647677425 0.017480318434536461 0.024005500599741939 0.020727041177451614 0.15171595662832263 0.076789703220129027 0.040198501199483878 0.13558274507522586 0.038524392992258079 0.11192601919174196 0.053093111142516143 0.0041155132930725822 0.070123169571161284 0.26167888939380651 65.090667724609389 0.0159937022253871 118.69483947753908
decision_type=2 2 2 2 2 2 2 2 2 2 2 2 2 2 2 2 2 2 2 2 2 2 2 2 2 2 2 2 2 2
left_child=6 -2 -3 -4 5 -5 7 10 13 27 11 12 -1 14 -9 16 20 22 -18 -20 24 -22 23 -17 -8 29 -27 -10 -15 -12
right_child=1 2 3 4 -6 -7 15 8 9 -11 25 -13 -14 28 -16 17 18 -19 19 -21 21 -23 -24 -25 -26 26 -28 -29 -30 -31
leaf_value=0.0051481649603550709 -0.052345214330398973 -0.037782059138122243 -0.036171624952677776 0.032647198493548489 -0.024946628666806286 -0.016597251744733168 -0.013581754243128828 0.0010604524423379652 0.03579384337913754 0.083508824605982523 -0.038337277999146206 0.053699034914637594 -0.044695349542432802 0.0098813092561231136 0.056494756766135024 0.032758220190016334 -0.033399307242723844 0.054911099699794047 0.041747048863189119 -0.024622801472297479 0.063352657307940027 -0.00076238250265708331 -0.025432082976939569 -0.0031714669216970216 0.012919124006049821 -0.023903576202291367 0.062994746811018854 -0.0066213608531687593 -0.038394547729069396 0.010971555287820661
leaf_weight=15.564870664384221 2.1605438785627475 2.9881121776998034 2.683832559734582 23.397435388527818 3.2735288552939883 3.4631006922572842 32.395333288703114 13.937590723857289 10.310927665792407 4.8150596134364596 15.74923280999065 4.5535534736700347 4.4950919207185498 3.4588783495128137 4.726094586774706 9.3011961816810125 29.774902553297579 3.4163297046907237 3.7006863863207382 5.9448366723954678 3.9325574720278365 4.6764474045485258 7.3577131489291778 15.234623802825807 15.014375713653861 2.0726532726548608 1.6067195441573856 5.325762089341878 6.0655319923534989 2.4075970388948909
leaf_count=106 13 27 24 147 30 34 224 121 91 31 135 42 31 28 33 79 240 41 31 35 32 32 45 120 99 36 17 35 40 14
internal_value=-4.27073e-05 0.00794514 0.0115831 0.0160778 0.0207313 0.0262982 -0.00138557 0.00438559 0.0168376 0.0359824 -0.00865354 0.00502741 -0.00602091 0.00294715 0.0150978 -0.00558276 -0.0103394 0.00727409 -0.0250212 0.00084124 -7.85719e-06 0.0285251 0.00217137 0.010449 -0.00518908 -0.0240745 0.0140434 0.0213475 -0.0208627 -0.0317989
internal_weight=263.805 37.9666 35.806 32.8179 30.1341 26.8605 225.839 95.0896 48.6398 20.4517 46.4497 24.6135 20.06 28.1881 18.6637 130.749 95.4391 35.3099 39.4204 9.64552 56.0187 8.609 31.8935 24.5358 47.4097 21.8362 3.67937 15.6367 9.52441 18.1568
internal_count=2013 275 262 235 211 181 1738 760 379 157 381 179 137 222 154 978 693 285 306 66 387 64 244 199 323 202 53 126 68 149
is_linear=0
shrinkage=0.05


Tree=181
num_leaves=22
num_cat=0
split_feature=110 133 126 127 115 108 48 80 108 49 125 61 120 120 85 30 117 42 57 69 73
split_gain=1.13888 2.39878 3.39782 3.73193 2.31749 2.03729 3.30231 2.33388 1.96158 2.06549 2.99204 3.30333 2.1939 2.6834 1.80913 1.37337 0.111315 0.109343 0.038645 0.00371832 0.000254094
threshold=-0.59144088625907887 0.25793360173702246 0.086985636502504363 0.017622352577745918 58.963539123535163 142.50714111328128 0.38973812758922582 0.081453282386064543 134.80939483642581 0.41328524053096777 0.065041393041610732 0.00050821108743548404 0.037273760885000236 0.033986689522862441 0.11172672361135484 0.012426259461790325 637.09811401367199 0.003258530050516129 0.0026207747869193558 0.030811543576419357 0.083824936300516142
decision_type=2 2 2 2 2 2 2 2 2 2 2 2 2 2 2 2 2 2 2 2 2
left_child=1 16 3 4 -3 8 7 -7 9 12 -11 -12 13 -2 -14 -10 -1 -4 -6 20 -18
right_child=5 2 17 -5 18 6 -8 -9 15 10 11 -13 14 -15 -16 -17 19 -19 -20 -21 -22
leaf_value=-0.030411712711431907 -0.0011106296679741863 0.036536799208668924 -0.033529677625115703 0.06176318608796727 -0.051615878448838685 -0.033490245952612151 0.048252390773284165 0.030003338797204737 -0.05174000542687205 0.046971061281352568 -0.043617987442425461 0.014725357333305353 -0.008143278337123392 0.026024205590761434 -0.0477130707767583 -0.0017378223252716225 -0.051043940316970328 -0.053262006287068203 -0.038110653380974968 -0.055139137895155101 -0.052255031831563326
leaf_weight=0.67071180371567551 186.58057352760807 1.3630496095865949 1.1530807521194222 2.8673836905509233 1.3451939802616837 3.245745759457348 5.7116108406335115 2.6120122186839581 3.1038982886821023 5.4851257596164968 2.9483815021812942 13.695932336151598 9.0471948292106372 9.5788724143058044 4.2433742061257353 2.4628937281668186 1.0827985028736296 1.7949093212373552 0.87376441527158011 1.1786835230886934 0.72178869880735863
leaf_count=18 1364 21 25 29 28 30 34 18 30 39 23 75 68 67 24 17 39 22 16 15 11
internal_value=-4.3708e-05 -0.0144408 -0.00107432 0.0192525 -0.0147771 0.000711781 0.0211997 -0.00517805 -0.000287739 0.000417306 0.0149447 0.00439039 -0.00111758 0.000214421 -0.020777 -0.0296177 -0.048817 -0.0455439 -0.0462979 -0.052955 -0.0515283
internal_weight=261.767 13.0514 9.39738 6.44939 3.58201 248.716 11.5694 5.85776 237.146 231.579 22.1294 16.6443 209.45 196.159 13.2906 5.56679 3.65398 2.94799 2.21896 2.98327 1.80459
internal_count=2013 224 141 94 65 1789 82 48 1707 1660 137 98 1523 1431 92 47 83 47 44 65 50
is_linear=0
shrinkage=0.05


Tree=182
num_leaves=16
num_cat=0
split_feature=104 92 130 57 77 132 38 86 132 60 3 41 48 12 78
split_gain=1.12666 1.60926 1.29264 2.72147 2.12841 1.72876 3.5326 3.82568 3.41392 3.96328 2.62142 2.2671 1.47743 0.936727 0.00298306
threshold=-0.75156724452972401 0.16618502885103228 0.098145443946123137 0.11432756856083871 0.003059231443330646 0.090069800615310683 0.064702246338129057 0.057527502998709686 0.082227498292922988 0.0089783961884677427 0.050721459090709693 0.088418766856193556 0.1476203724741936 0.019112722948193554 0.001285475096665323
decision_type=2 2 2 2 2 2 2 2 2 2 2 2 2 2 2
left_child=13 2 5 4 -4 8 7 -7 10 -10 -2 -8 -6 -1 -15
right_child=1 -3 3 -5 12 6 11 -9 9 -11 -12 -13 -14 14 -16
leaf_value=-0.0090840172015238911 0.0074751053364344212 -0.038054932118325051 0.035712484167231433 0.057939816059395494 0.017400356363481837 -0.013743761442467245 -0.02907478443621582 0.020646339046720044 0.0010521724529388723 0.037562971124156894 -0.0060375860537354642 0.014673300812749108 -0.040086604461625784 0.052457930074950435 0.056654709074238377
leaf_weight=0.87600756995379869 55.035058509558439 2.8026139740832141 2.8395125218667072 2.9493633087258786 1.7702210843563078 17.207203653175384 20.728333156555895 15.257467593066393 17.011165790259842 13.200598320923744 103.18421559035778 3.4549646424129596 3.0319059109315276 0.83028385601937749 0.86406232044100761
leaf_count=18 416 27 28 31 15 179 141 147 131 89 679 35 34 32 11
internal_value=-4.53672e-05 -0.000372934 4.01298e-05 0.0171424 0.00139626 -0.000698939 -0.00835788 0.0024186 0.00160357 0.017005 -0.00133733 -0.0228247 -0.018895 0.0328945 0.0545982
internal_weight=261.043 258.473 255.67 10.591 7.64164 245.079 56.648 32.4647 188.431 30.2118 158.219 24.1833 4.80213 2.57035 1.69435
internal_count=2013 1952 1925 108 77 1817 502 326 1315 220 1095 176 49 61 43
is_linear=0
shrinkage=0.05


Tree=183
num_leaves=31
num_cat=0
split_feature=115 29 21 20 9 107 128 133 22 22 64 64 112 70 104 128 101 94 55 42 69 75 26 66 7 32 84 124 104 115
split_gain=1.08539 3.21939 3.10125 2.86817 3.33093 2.45938 2.176 3.59563 4.59817 3.29724 4.45646 4.71359 2.65396 2.27126 2.25391 2.16697 2.44175 3.58972 3.06 2.56212 2.30666 2.24384 2.14893 2.11545 2.08459 2.04958 1.94726 1.7408 1.15436 0.572891
threshold=112.95904922485353 0.011210538912564518 0.063775509595870986 0.076062258332967772 0.051498724147677429 1.8529705405235293 0.0091003165580332297 0.2299529239535332 0.049107143655419357 0.081871811300516142 0.087023675441741957 0.063077963888645186 63.927709579467781 0.049695074558258064 1.2485106587409975 0.0086336336098611372 0.011469240766018631 0.057118941098451621 0.016511877998709682 0.034090002998709686 0.12573739886283877 0.01996970642358065 0.066515866667032256 0.12958385795354846 0.061084982007741935 0.092424664646387114 0.05186742544174195 0.014416443649679424 0.72616276144981395 88.247344970703139
decision_type=2 2 2 2 2 2 2 2 2 2 2 2 2 2 2 2 2 2 2 2 2 2 2 2 2 2 2 2 2 2
left_child=6 23 5 -4 -5 25 15 9 -9 12 11 -11 28 -12 22 16 18 20 21 -19 -18 -1 -10 -2 -17 -3 -20 -27 -8 -26
right_child=1 2 3 4 -6 -7 7 8 14 10 13 -13 -14 -15 -16 24 17 19 26 -21 -22 -23 -24 -25 29 27 -28 -29 -30 -31
leaf_value=0.037731293590317266 -0.049812582180689319 0.0013039635055043966 -0.039958280643489656 -0.026538041339488269 0.024827898091468039 -0.012716730150341297 0.070788035673216829 -0.014755088904519022 0.061088405507866698 -0.01934321204305808 -0.0050346364261229905 0.073276412238916719 -0.013510883234238819 -0.054511986009735905 0.0041101582130428221 0.0016441141099211459 0.0025668992646365385 -0.037890557224833372 -0.033845962423869828 0.0044722882568279396 -0.025978300665404963 -0.0065443986269156269 0.013978464471530019 0.0016198907643602022 -0.025191298887893211 0.02389058259843288 0.020238524123045984 0.076027816633948933 0.023738104863416629 -0.05519638344646971
leaf_weight=12.297220844542613 6.293383344775064 3.7320593446493131 6.6691484525799778 5.9834612458944303 6.6792943198233843 4.7705288827419272 2.3460620976984519 5.2437463952228454 9.4231936237774807 3.2617403441108754 3.7030861675739271 2.3731174394488335 3.1218106700107455 6.2080069333314896 3.5901023037731639 5.1188176274299604 112.98540335008875 11.049699399154635 4.1789517095312467 5.2721565645188084 7.5500366762280455 3.7293632477521887 3.2574811773374668 2.9300608392804861 2.9861173443496227 3.4817520007491112 2.7656682627275586 2.963881142437458 2.9340346623212099 3.404578267596662
leaf_count=150 57 31 31 29 39 26 16 38 102 33 24 13 21 29 20 33 868 102 38 44 57 30 32 16 25 30 19 18 24 18
internal_value=-4.39498e-05 -0.00725154 -0.000196171 -0.0134205 0.000556237 0.0169063 0.00140234 0.0111269 0.0259623 -0.00220105 -0.0158404 0.0196635 0.0230356 -0.0360257 0.0390847 -0.00117795 0.000330982 -0.00220095 0.0154156 -0.0242068 0.0007789 0.0274284 0.0489865 -0.0334738 -0.022132 0.0307914 -0.012307 0.0478647 0.0446434 -0.0411762
internal_weight=260.304 43.5036 34.2801 19.3319 12.6628 14.9482 216.8 45.4624 21.5145 23.9479 15.546 5.63486 8.40191 9.91109 16.2708 171.338 159.829 136.857 22.9712 16.3219 120.535 16.0266 12.6807 9.22344 11.5095 10.1777 6.94462 6.44563 5.2801 6.3907
internal_count=2013 277 204 99 68 105 1736 352 192 160 99 46 61 53 154 1384 1308 1071 237 146 925 180 134 73 76 79 57 48 40 43
is_linear=0
shrinkage=0.05


Tree=184
num_leaves=14
num_cat=0
split_feature=48 53 61 70 38 76 58 60 63 117 21 122 39
split_gain=1.2562 1.5431 1.19754 2.55842 2.60417 4.05307 2.53137 1.98918 3.97144 1.66533 1.3842 0.20249 0.202259
threshold=0.010373485274612905 0.088797435164451613 0.015425701159983875 0.014459103811532261 0.1035255901515484 0.0278519606217742 0.22875478118658069 0.020139110274612907 0.029874840751290325 1020.0009765625001 0.1200573965907097 0.010439493227750065 0.046306999400258071
decision_type=2 2 2 2 2 2 2 2 2 2 2 2 2
left_child=12 2 6 -4 5 -5 7 9 -9 -2 -6 -8 -1
right_child=1 -3 3 4 10 -7 11 8 -10 -11 -12 -13 -14
leaf_value=0.017673895342535561 -0.0012348189482331178 -0.03888763991164533 0.038362448738690789 0.008849506906147114 -0.055038959838043966 -0.043445530607452341 0.034419041461839682 -0.017231833326237171 0.035077409656618423 0.031556403241121286 -0.012342453116941531 0.061682201005735016 0.054414187182958908
leaf_weight=0.55235341982915898 200.80187868559733 2.5686321407556525 2.5829279422760036 15.039804960601037 4.7401556707918635 4.9162818435579529 1.2657008217647665 5.4566158335655954 10.830766504164783 3.948028251528739 3.1662109233438969 1.4744914462789891 1.1639891115482894
leaf_count=21 1512 24 23 99 25 56 25 41 73 34 21 25 34
internal_value=-4.30744e-05 -0.000328028 6.15728e-05 -0.00924213 -0.0136552 -0.00403364 0.00132736 0.000735258 0.0175527 -0.000602532 -0.0379406 0.0490893 0.0425904
internal_weight=258.508 256.791 254.223 30.4454 27.8625 19.9561 223.777 221.037 16.2874 204.75 7.90637 2.74019 1.71634
internal_count=2013 1958 1934 224 201 155 1710 1660 114 1546 46 50 55
is_linear=0
shrinkage=0.05


Tree=185
num_leaves=28
num_cat=0
split_feature=5 52 115 130 125 97 42 87 31 78 110 75 0 8 40 74 75 10 21 96 48 56 50 96 55 118 45
split_gain=1.08885 2.68947 2.33987 2.82091 3.15879 2.54733 4.6707 3.86122 3.04408 3.71777 2.68219 2.81193 2.60773 2.3013 2.24806 2.62561 3.58782 4.4849 2.5086 2.41762 2.26368 5.061 2.83397 0.881479 0.56098 0.481702 0.317009
threshold=0.064961336553096785 0.09956951811909677 112.69572830200197 0.065548654645681395 0.092504668980836882 69.847251892089858 0.030602280050516132 0.056321747601032264 0.029715402051806453 0.0042450572364032277 2.5402178764343266 0.086734693497419371 0.0027104592882096772 0.048877950757741935 0.10030692070722581 0.020677216351032261 0.012585698161274196 0.037448182702064521 0.047064334154129035 85.747585296630874 0.43622449040412908 0.0048628826625645169 0.0065868145320564517 97.453971862792983 0.014957350213080646 0.11764467135071756 0.015266262460500004
decision_type=2 2 2 2 2 2 2 2 2 2 2 2 2 2 2 2 2 2 2 2 2 2 2 2 2 2 2
left_child=1 14 5 4 23 8 7 -7 10 12 11 -2 -10 -9 15 16 17 -1 -16 -18 22 -22 -17 -4 -12 -8 -20
right_child=2 -3 3 -5 -6 6 25 13 9 -11 24 -13 -14 -15 18 20 19 -19 26 -21 21 -23 -24 -25 -26 -27 -28
leaf_value=-0.018761296639312385 0.0020070107528998311 0.044015303714440131 -0.027334663060210637 0.020585940264594496 0.00076398870521205277 -0.026365162043308094 0.046336656272845667 0.065473668074711874 -0.015570831450374203 -0.051604444916575204 0.059244731666381827 0.042142988849251252 0.042407978277177863 0.0050538644172823119 0.0067341676698856176 0.030369087087337973 0.051515199725732423 0.014355106040439269 -0.057685305799409482 0.0013605108168574477 -0.018646889178070464 0.031041584788132428 -0.023381753498181522 -0.060336907206516015 0.02190136997571912 0.076399365044272693 -0.034886980631943974
leaf_weight=19.282976602669805 80.236727268435061 2.8897122386842957 3.8351214965805429 4.7925985548645249 7.1897137239575377 5.1893766419962066 2.5283456910401574 2.818229153752327 7.1260912753641588 5.3562869653105727 2.6167326795402905 4.6149091497063628 2.6645489516668022 3.5754238218069077 3.3368211043998581 2.6761360000818994 6.1881952341645938 21.76131609082222 3.2953340224921703 3.9278110680170357 12.195412112865599 8.8388626286759955 29.312124218326062 4.2828611526638269 1.6334686120972035 2.8171964082866907 2.8378848787397146
leaf_count=142 579 19 21 33 35 35 22 17 58 39 38 41 40 26 31 22 53 199 20 38 140 53 230 21 16 19 26
internal_value=-4.19057e-05 -0.00361949 0.00290931 -0.01289 -0.0233708 0.00553002 0.0235199 0.0056782 0.00260872 -0.0181139 0.00613147 0.00418993 0.000208257 0.031686 -0.00483064 -0.00271051 0.00537022 -0.00120328 -0.0281548 0.0320413 -0.0105074 0.00223282 -0.018885 -0.0447459 0.0448927 0.0621802 -0.0471364
internal_weight=257.82 116.543 141.278 20.1003 15.3077 121.177 16.9286 11.583 104.249 15.1469 89.1018 84.8516 9.79064 6.39365 113.653 104.183 51.1603 41.0443 9.47004 10.116 53.0225 21.0343 31.9883 8.11798 4.2502 5.34554 6.13322
internal_count=2013 973 1040 110 77 930 119 78 811 137 674 620 98 43 954 877 432 341 77 91 445 193 252 42 54 41 46
is_linear=0
shrinkage=0.05


Tree=186
num_leaves=31
num_cat=0
split_feature=71 66 55 51 58 61 39 127 106 12 124 121 9 5 127 101 85 61 27 70 93 28 44 13 72 74 77 16 0 88
split_gain=1.10195 2.93773 2.61882 3.52592 2.21701 2.19732 2.13279 1.89931 5.45258 4.39426 4.79143 3.52253 4.77129 3.21799 2.99382 4.39261 3.53096 3.5292 3.76038 3.25774 2.87512 3.82317 2.65087 3.51655 2.46259 2.34829 2.29641 2.32412 2.21095 2.18548
threshold=0.080217633396387114 0.007463727844879032 0.00018933355022454637 0.07504583522677423 0.0066565689630806455 0.00062779017025604855 0.040278220549225814 0.01910356339067221 47.589746475219734 0.023427534848451618 0.015451262239366772 0.059380326420068748 0.052824059501290328 0.061862245202064521 0.020828261040151123 0.011469240766018631 0.11654974520206453 0.001285475096665323 0.032356105744838722 0.089714203029871001 0.017319036647677425 0.011220503598451616 0.032665017992258079 0.0052116548176854858 0.068857621401548399 0.024463887326419357 0.070123169571161284 0.26167888939380651 0.38633011281490331 0.084253426641225829
decision_type=2 2 2 2 2 2 2 2 2 2 2 2 2 2 2 2 2 2 2 2 2 2 2 2 2 2 2 2 2 2
left_child=7 -2 4 5 -3 -4 -7 8 11 20 25 12 13 -1 15 -9 17 18 -16 -19 21 -10 23 -18 29 -11 -13 -28 -22 -17
right_child=1 2 3 -5 -6 6 -8 14 9 10 -12 26 -14 -15 16 24 22 19 -20 -21 28 -23 -24 -25 -26 -27 27 -29 -30 -31
leaf_value=-0.018912974612789207 -0.038521086298847151 0.010044028095243199 -0.042917374384263351 0.043102909728597261 0.063331759273228136 -0.020524429152003532 0.015514494869650409 0.022018704529745834 0.00087637345369140232 0.036654318162728905 0.077606847824413489 -0.030893212331406201 0.051793155736710429 0.02541860616080098 -0.010877693510341527 -0.041549579890281088 0.04995182408113874 -0.0088967796502095655 0.031365048272360321 -0.052512312223285285 -0.036061531490879414 0.052838290965095305 0.056810317787929859 -0.003895041419608428 0.014899154291956943 -0.0031380661680047114 -0.023133800291510062 0.058048658043529183 0.016874641415167174 -0.0023294446334970846
leaf_weight=13.911664118058985 3.108681544661521 3.7700743842869988 3.1315622841939392 4.8290694812312713 4.0472713909111917 6.4253876451402929 11.369392965920268 5.360107432119551 13.62819631863386 8.8898201454430836 4.7414813200011841 17.397949319798503 4.3858228474855414 5.8002677462063721 9.9743136935867387 17.574523197487004 4.0055057471618118 50.681366902776062 11.165900277672334 4.6763097820803514 6.4133004322648031 4.7820629365742198 3.552553351968526 12.476011948660014 2.9671511873602858 6.3601730130612841 1.972634450066834 1.5939866937696932 2.8486177157610655 4.4516954503487787
leaf_count=98 29 28 25 35 28 50 80 48 122 82 31 149 42 39 90 125 31 358 119 29 41 32 39 82 23 44 36 17 27 34
internal_value=-4.25859e-05 0.00797949 0.0122852 0.00459171 0.0376327 -0.00429533 0.00250146 -0.0013825 0.00405683 0.015846 0.0337075 -0.0084129 0.00462613 -0.00586834 -0.00535749 -0.0190539 -0.00105078 -0.00594452 0.0114342 -0.0125812 0.00294214 0.0143735 0.0176354 0.00919137 -0.0278624 0.0200585 -0.0234006 0.0131481 -0.0197804 -0.0336228
internal_weight=256.293 36.6814 33.5728 25.7554 7.81735 20.9263 17.7948 219.611 92.726 47.6637 19.9915 45.0623 24.0978 19.7119 126.885 30.3535 96.532 76.4979 21.1402 55.3577 27.6722 18.4103 20.0341 16.4815 24.9934 15.25 20.9646 3.56662 9.26192 22.0262
internal_count=2013 275 246 190 56 155 130 1738 760 379 157 381 179 137 978 230 748 596 209 387 222 154 152 113 182 126 202 53 68 159
is_linear=0
shrinkage=0.05


Tree=187
num_leaves=10
num_cat=0
split_feature=48 37 13 42 42 132 14 81 57
split_gain=1.10555 1.21957 1.49435 1.432 1.82686 1.45045 0.423266 0.398251 0.00302917
threshold=0.012097416911274196 0.0023915816564112906 0.00035873724846169358 6.9754463766003041e-05 0.00058793049538508068 0.039647756144404418 0.027064732275903228 0.00033880739647429442 0.15728635340929034
decision_type=2 2 2 2 2 2 2 2 2
left_child=7 6 -3 -4 -5 -6 -2 -1 -9
right_child=1 2 3 4 5 -7 -8 8 -10
leaf_value=0.0022819015856397492 -0.052653537233587171 0.049645963621622463 0.040566330545073699 -0.045214053959292899 0.018689685835316806 -0.0010055495651888015 -0.0094459122029932185 0.056345654181147398 0.051492194406849823
leaf_weight=0.52866856125183304 1.4610232971608632 1.507677886635064 2.1270332029089323 2.2770337774418286 9.7362748775631172 234.42752790963277 0.92607530765235413 0.61794688203372039 0.6701052924618125
leaf_count=15 39 38 20 30 84 1721 18 9 39
internal_value=-4.21739e-05 -0.000321846 1.76808e-05 -0.000283337 -0.000635911 -0.000220182 -0.0358911 0.0388228 0.0538207
internal_weight=254.279 252.463 250.076 248.568 246.441 244.164 2.3871 1.81672 1.28805
internal_count=2013 1950 1893 1855 1835 1805 57 63 48
is_linear=0
shrinkage=0.05


Tree=188
num_leaves=25
num_cat=0
split_feature=133 48 64 86 104 84 84 26 22 35 100 126 64 126 67 95 35 20 14 127 31 28 55 78
split_gain=1.07586 2.53546 2.67067 2.24395 2.11678 1.85483 3.32033 3.18749 3.8813 3.37254 3.0243 2.60348 3.92757 2.6959 2.22508 1.5522 1.47624 1.47181 1.28152 1.0741 0.700354 0.0836053 0.0762113 0.00636925
threshold=0.19543868303298953 0.045639349147677429 0.0494260210543871 0.1259267404675484 0.22511682659387591 0.11307198554277421 0.10904615744948389 0.021065847948193554 0.026108099147677425 0.14805883169174197 47.164850234985359 0.10677907615900041 0.43531768023967748 0.10100641101598741 0.074009485542774214 0.011648995336145164 0.16559710353612903 0.097257651388645186 0.029625717550516132 0.018291940912604335 0.019341915845870975 0.038105867803096778 0.051528619602322585 0.0031090560369193558
decision_type=2 2 2 2 2 2 2 2 2 2 2 2 2 2 2 2 2 2 2 2 2 2 2 2
left_child=3 2 17 4 18 6 11 8 -7 14 -10 13 -13 -3 -9 -6 -11 -2 -1 -4 21 -17 23 -21
right_child=1 5 19 -5 15 7 -8 9 10 16 -12 12 -14 -15 -16 20 -18 -19 -20 22 -22 -23 -24 -25
leaf_value=-0.016694451187731166 0.023181340732074986 -0.00011620534551352845 -0.0015135878808678399 0.027942654500382875 -0.0028520077105430152 0.047420983218185109 -0.049827698139404457 0.035838059985717485 0.0012847168572653102 0.078326266373915182 -0.045625100536594958 -0.019506908198583913 0.033552534897267977 0.026582362648108218 -0.014477679161027199 -0.046379073028742793 0.032719245054623682 -0.037634294947157164 0.032058509335762653 0.052563054793367293 -0.025130114723662073 -0.059680568782643044 0.068727014246680138 0.057246780086232386
leaf_weight=2.5812153993174496 2.2078693741932494 139.328340531094 0.85399641236290325 3.1902390653267494 4.0396570432931176 3.1233325414359596 3.5740769151598206 3.7345583252608794 10.865553466603158 3.065283488482236 5.0248159533366552 30.806362573057413 3.9329541116021565 10.143504334613679 5.337697368580848 2.2509929500520212 4.2129917591810226 1.8107960750348864 2.8210853040218353 1.4218446095474067 4.0976013557519764 2.4860060885548592 1.5352813908830283 1.4828274492174385
leaf_count=19 33 1063 17 24 30 28 27 28 77 16 41 200 49 78 36 30 29 25 25 56 38 12 14 18
internal_value=-4.01379e-05 0.000948868 0.0265102 -0.01075 -0.0175039 -0.000117875 -0.0020961 0.0103866 -0.00353361 0.0265741 -0.013549 -0.00117001 -0.0134999 0.00169562 0.0062346 -0.0285267 0.0519269 -0.00422196 0.00876438 0.0498392 -0.0402665 -0.0533598 0.0597166 0.0549541
internal_weight=253.929 232.462 9.31262 21.4668 18.2766 223.149 187.785 35.3642 19.0137 16.3505 15.8904 184.211 34.7393 149.472 9.07226 12.8743 7.27828 4.01867 5.4023 5.29395 8.8346 4.737 4.43995 2.90467
internal_count=2013 1835 163 178 154 1672 1417 255 146 109 118 1390 249 1141 64 110 45 58 44 105 80 42 88 74
is_linear=0
shrinkage=0.05


Tree=189
num_leaves=14
num_cat=0
split_feature=25 90 90 1 89 43 42 57 129 72 82 117 42
split_gain=1.08339 1.76338 3.08912 2.46902 1.78996 1.69428 2.33345 2.49436 1.80663 2.33242 1.27484 0.637464 0.556112
threshold=0.0027004943694919352 0.0079619740135967749 0.010104432236403229 0.24375198781490329 0.0073042886797338733 0.0021025987807661299 6.9754463766003041e-05 2.9894769795646429e-05 0.030861943028867248 0.043118223547935493 0.10831871628761293 868.23556518554699 0.0024015465751290326
decision_type=2 2 2 2 2 2 2 2 2 2 2 2 2
left_child=10 3 11 4 -2 6 -4 -8 9 -7 -1 -3 -6
right_child=1 2 5 -5 12 8 7 -9 -10 -11 -12 -13 -14
leaf_value=-0.053223834500301215 -0.0010744259445055469 -0.055113796466774556 0.03830623321711505 -0.01922047161198245 0.06979791369023812 -0.0016605614953277047 0.039623004585948224 -0.024952661735389507 -0.028149730898638876 0.0093197197988668587 0.01289989807773724 -0.018932902552039985 0.036384038635258659
leaf_weight=2.0045479638501997 2.2089148219674808 2.8301536319777361 1.9585900669917489 2.7632030909880996 2.4772137850522995 133.80320683703758 1.643685489892962 16.577710578683764 4.984424974769353 75.740605809027329 1.1454419409856198 2.1363974437117577 2.5038388315588236
leaf_count=34 27 29 23 23 19 1050 24 175 30 523 16 17 23
internal_value=-3.93354e-05 0.000328371 -0.000528008 0.0209502 0.0363883 0.000297725 -0.0135532 -0.0191275 0.00160064 0.00230831 -0.029179 -0.0395503 0.0530017
internal_weight=252.778 249.628 239.675 9.95317 7.18997 234.708 20.18 18.2214 214.528 209.544 3.14999 4.96655 4.98105
internal_count=2013 1963 1871 92 69 1825 222 199 1603 1573 50 46 42
is_linear=0
shrinkage=0.05


Tree=190
num_leaves=20
num_cat=0
split_feature=110 14 14 108 48 80 108 49 125 58 49 120 129 20 77 31 10 40 133
split_gain=1.07567 2.14292 3.42328 1.79211 2.73624 2.05797 1.71225 1.89085 2.50901 3.08362 1.99501 2.03977 1.66288 1.33846 1.33798 0.891572 0.259186 0.00300165 0.000192571
threshold=-0.59144088625907887 0.021793288178741935 0.018185985274612907 142.50714111328128 0.38973812758922582 0.081453282386064543 134.80939483642581 0.41328524053096777 0.065041393041610732 0.032814493402838714 0.38270288705825811 0.037273760885000236 0.017013635486364368 0.028868382796645168 0.053292412310838706 0.058922592550516135 0.028499681502580646 0.014339524786919357 0.33854800462722784
decision_type=2 2 2 2 2 2 2 2 2 2 2 2 2 2 2 2 2 2 2
left_child=1 2 12 6 5 -5 7 10 -9 -10 11 -2 -1 -3 -8 17 -14 18 -15
right_child=3 13 -4 4 -6 -7 14 8 9 -11 -12 -13 16 15 -16 -17 -18 -19 -20
leaf_value=0.033935987970807845 0.001127144467439812 0.018046462958597836 0.060788569656552952 -0.03280061197295555 0.044669347874653542 0.028338749955985728 -0.0040011561323742874 0.044536758481464024 -0.0080266307832402555 0.042603307255457024 -0.029045330184315744 -0.019826608418111662 -0.051686083398290499 -0.051121199920441229 -0.054481088277308999 0.00033235621484070579 -0.019049365419990139 -0.054022096327684579 -0.052008182926561564
leaf_weight=1.0286709647625669 183.62915468635038 1.0499764075502751 1.9990461161360142 2.9996851738542301 5.663048230111599 2.5433795154094696 2.7088169492781153 5.2653852710500386 11.934122520033268 4.0205260291695586 6.1824946235865346 12.39861579518765 1.8047779984772208 1.6233365628868344 2.546801071614027 0.96155639458447684 0.91762922145426262 2.0242960322648287 0.98215669952332962
leaf_count=13 1399 18 19 30 34 18 21 39 76 22 34 90 39 55 26 19 17 27 17
internal_value=-3.90428e-05 -0.0144043 0.00794173 0.000702983 0.0202255 -0.00474743 -0.000253664 0.000409889 0.0146088 0.00473197 -0.00108016 -0.000198165 -0.0202217 -0.0337517 -0.028463 -0.0434787 -0.0406854 -0.0525777 -0.0514556
internal_weight=252.283 12.3914 5.75012 239.892 11.2061 5.54306 228.686 223.43 21.22 15.9546 202.21 196.028 3.75108 6.64132 5.25562 5.59135 2.72241 4.62979 2.60549
internal_count=2013 224 88 1789 82 48 1707 1660 137 98 1523 1489 69 136 47 118 56 99 72
is_linear=0
shrinkage=0.05


Tree=191
num_leaves=31
num_cat=0
split_feature=48 95 75 73 65 51 35 73 4 29 53 53 18 43 122 112 30 95 13 114 57 74 64 29 15 66 113 15 79 0
split_gain=1.05947 3.17748 3.40791 3.31797 3.65872 2.5943 4.4264 5.62658 2.88092 2.89798 3.88443 3.37985 2.83922 2.83304 2.6343 3.72492 2.51365 2.46895 3.02945 2.99164 2.4075 2.74085 3.51448 2.70053 2.8038 2.29413 2.12492 1.83209 1.8016 1.77986
threshold=0.11058075726032258 0.0347775835543871 0.0011957908282056453 0.02256058715283871 0.18506855517625811 0.018734056502580646 0.076072223484516158 0.044772401452064521 0.038942921906709678 0.033691406250000007 0.0027802137192338709 0.0054308834951370963 0.032306281849741943 0.025101642124354843 0.010338040534406902 55.46846008300782 0.022749920375645164 1.0000000180025095e-35 0.013602120336145164 70.34793853759767 0.12470105290412904 0.0073840084951370963 0.10831871628761293 0.007782605243846775 0.01738879177719355 0.18744020909070971 0.61791163682937633 0.0020029495935887103 0.054418446496129043 0.0050621810369193563
decision_type=2 2 2 2 2 2 2 2 2 2 2 2 2 2 2 2 2 2 2 2 2 2 2 2 2 2 2 2 2 2
left_child=1 3 -3 4 27 8 7 14 17 10 12 -12 -10 -11 15 -7 -16 -2 -19 -20 21 26 -23 -22 -25 -6 -8 -1 -5 -4
right_child=5 2 29 28 25 6 20 -9 9 13 11 -13 -14 -15 16 -17 -18 18 19 -21 23 22 -24 24 -26 -27 -28 -29 -30 -31
leaf_value=0.022081916317967978 0.064198949761368695 0.039052255788008701 -0.037331559226947295 0.05480157483413764 0.048729331363972124 -0.042427350728138989 0.036391179853345085 0.054271106475134001 0.032368719625499628 -0.0076003474265330731 0.043255380738193364 0.0052052842056708086 -0.0056754038265257045 0.046991489069919332 -0.028829289276336739 0.028578271128030398 0.0097814757478546718 -0.040784234688667362 0.0084418903974719968 -0.040157347342718835 -0.029725068635783017 -0.0079821148955253676 -0.042903539501990322 0.053202117125743721 -0.0073654506379054524 -0.010536982701913292 -0.022186167740826105 -0.03469497262306688 0.0033172973040025014 -0.0013542902834654828
leaf_weight=1.9035727276932464 1.0299647971987749 2.9804756902158287 7.1024469053372723 7.0423793112859112 4.9673631289042532 2.2739848569035557 3.0031971633434287 5.0286595961078993 5.3497050860896698 3.3844626359641534 10.007613569498064 14.001291094347833 58.88301674509421 7.9795742342248559 11.629249301739039 9.837118440307675 6.6119712088257065 7.7496054889634278 13.223523217020558 4.1636192644946268 4.4299165364354831 11.317720248363914 19.825229816138744 3.4040402323007584 4.3557454533874989 2.4323867305647582 3.1955272424966097 5.6027421350590885 2.2395955491811037 6.6624643476679921
leaf_count=36 11 60 54 74 58 20 23 39 52 21 64 98 446 66 63 90 48 77 131 41 28 87 103 24 27 26 22 42 19 63
internal_value=-3.99822e-05 0.00732073 -0.00942194 0.0189117 0.00429851 -0.00147008 -0.00822267 0.00528452 0.00308878 0.00696739 0.0039068 0.0210657 -0.00250685 0.0307328 -0.0028314 0.0152462 -0.0148339 -0.0116754 -0.0147843 -0.00319595 -0.0178711 -0.0241692 -0.0302127 0.00142256 0.0192042 0.0292478 0.00619376 -0.0202966 0.0423792 -0.0199179
internal_weight=251.618 40.9334 16.7454 24.188 14.9061 210.685 84.9124 35.381 125.772 99.6057 88.2416 24.0089 64.2327 11.364 30.3523 12.1111 18.2412 26.1667 25.1367 17.3871 49.5314 37.3417 31.143 12.1897 7.75979 7.39975 6.19872 7.50631 9.28197 13.7649
internal_count=2013 432 177 255 162 1581 574 260 1007 747 660 162 498 87 221 110 111 260 249 172 314 235 190 79 51 84 45 78 93 117
is_linear=0
shrinkage=0.05


Tree=192
num_leaves=31
num_cat=0
split_feature=69 49 13 127 121 121 93 69 48 16 10 111 52 8 126 38 125 37 118 65 52 111 58 120 68 69 62 123 59 123
split_gain=1.03283 4.23372 3.25559 2.52989 2.49845 3.44717 2.36432 2.06189 3.36808 4.21219 3.04152 4.52505 4.10066 2.89805 2.22836 2.15999 3.14226 2.49225 3.25914 3.87273 2.32852 2.01734 1.95277 1.90945 1.72959 1.61502 1.5113 1.45421 1.31622 1.13968
threshold=0.022241708822548393 0.10225008055567743 0.0069654814433306464 0.025211022235453132 0.067983523011207594 0.056975895538926132 0.013073979411274196 0.0438456628471613 0.55544483661651622 0.42716637253761297 0.021653778851032261 76.909099578857436 0.00078722895705141138 0.032156808301806457 0.081456456333398833 0.0650908797979355 0.098175879567861571 0.045360330492258079 0.12044477090239526 0.16081393510103228 0.026307397522032264 147.47659301757815 0.088767535984516158 0.015897654928267006 0.052026866003870971 0.005141900386661292 0.0037667411379516129 0.0038044800749048595 0.0077427455689758071 0.0055291778407990941
decision_type=2 2 2 2 2 2 2 2 2 2 2 2 2 2 2 2 2 2 2 2 2 2 2 2 2 2 2 2 2 2
left_child=1 2 27 25 5 6 -4 15 9 10 12 -12 -9 -11 -10 17 22 20 28 -20 23 -6 24 -2 -17 26 -3 -1 -19 -27
right_child=7 3 4 -5 21 -7 -8 8 14 13 11 -13 -14 -15 -16 16 -18 18 19 -21 -22 -23 -24 -25 -26 29 -28 -29 -30 -31
leaf_value=-0.048706231622793264 0.021328936275911703 -0.051765000610068751 -0.026740421977405639 0.034532997353302668 0.053569907255386656 -0.036232501424158708 0.036648193084573816 0.038252181920955808 -0.055584954519441482 0.0042911892672311243 0.050970311983059506 -0.00011916768375149945 -0.024398256901506502 0.075334126474982721 -0.0069812273830590138 -0.0068146915873448181 0.030494241381696641 0.072127287831844869 -0.022113527639497001 0.043904132202715856 0.042435145835484196 -0.0086442082635523523 0.019071901129194983 -0.011031456759644512 -0.044280172669698428 -0.047694513671766386 0.022556115524785814 -0.0038021911682398347 0.033100960148212413 -0.016672871869046604
leaf_weight=3.0438365228474167 6.6009524040855529 0.96763752819970905 1.9425739180296675 1.6290661129169155 5.7561785243451586 3.866820625960826 6.0602121818810701 2.95392081094906 4.6125256381928903 2.7055832277983418 4.5400107540190211 95.568612471688539 22.553233107551932 3.0579734779894352 4.8252050615847111 6.5766370780766028 4.9314678721129885 4.1256869614589977 4.7687944043427688 4.1586998756974936 3.6037338245660058 1.6842408643569795 3.272015909664332 14.732493889983742 5.7947461046278477 9.6076020025648159 2.3336879508569837 4.4228684306144714 4.5356802325695753 4.2794821469578883
leaf_count=34 61 26 18 22 70 38 58 24 38 21 25 693 168 21 32 40 31 25 28 29 35 26 32 126 35 97 35 39 37 49
internal_value=-3.98094e-05 -0.00684299 0.00592957 -0.025018 0.0167708 0.00253134 0.0212614 0.00148132 -0.0018843 0.000188244 -0.00172947 0.00219778 -0.0171429 0.0419845 -0.0307354 0.0089921 -0.00430745 0.0154267 0.0298393 0.00863952 0.00526104 0.0394869 -0.0152784 -0.00101857 -0.0243635 -0.0306621 0.000772168 -0.0221075 0.0516905 -0.0381348
internal_weight=249.512 45.5942 26.7767 18.8175 19.31 11.8696 8.00279 203.918 140.817 131.379 125.616 100.109 25.5072 5.76356 9.43773 63.1009 20.5749 42.526 17.5889 8.92749 24.9372 7.44042 15.6434 21.3334 12.3714 17.1884 3.30133 7.4667 8.66137 13.8871
internal_count=2013 512 283 229 210 114 76 1501 1022 952 910 718 192 42 70 479 138 341 119 57 222 96 107 187 75 207 61 73 62 146
is_linear=0
shrinkage=0.05


Tree=193
num_leaves=27
num_cat=0
split_feature=57 97 52 61 71 60 85 59 106 53 51 22 66 2 80 18 106 8 4 64 51 66 42 25 117 21
split_gain=1.05537 1.77399 1.8227 1.26028 2.46826 2.92213 2.68385 2.3333 3.12465 2.7947 2.39338 2.31179 2.05078 1.93907 3.04491 2.5118 4.13574 2.48204 2.17108 1.18927 1.07381 0.829409 0.772919 0.692249 0.0603266 0.0371232
threshold=0.37960380315780645 66.100559234619155 0.0096360808238387125 0.015425701159983875 0.025560028851032261 0.051568478345870979 0.11792490631341936 0.032306281849741943 48.069105148315437 0.011330117937177421 0.0027403540443629031 0.081871811300516142 0.11938974633812906 0.14818837493658069 0.077935669571161284 0.11430763825774194 54.032697677612312 0.013432716950774195 0.10292769595980646 0.254852905869484 0.0039560745935887107 0.206841915845871 0.04900749400258065 0.065120775252580657 816.61361694335949 0.063087929040193572
decision_type=2 2 2 2 2 2 2 2 2 2 2 2 2 2 2 2 2 2 2 2 2 2 2 2 2 2
left_child=3 2 21 7 11 6 23 13 22 10 -10 12 -5 15 18 17 -17 -1 -15 -11 -7 24 -9 -6 25 -2
right_child=1 -3 -4 4 5 20 -8 8 9 19 -12 -13 -14 14 -16 16 -18 -19 -20 -21 -22 -23 -24 -25 -26 -27
leaf_value=-0.040906434627508814 0.036077831045471076 -0.031025411401319886 -0.013284981857129488 -0.0074166408688949 -0.051086140333757607 -0.012221326687160044 0.013021386394087446 0.066027120891293492 -0.017551902021350388 -0.047135405307897851 0.023207987106065128 -0.01636978261609905 0.056974841876327897 -0.050440145494640071 0.014134592975421826 0.0049668422679718079 0.055242965529660383 -0.0016416849720297243 -0.0054231641092650929 -0.002698979730709 0.031748887746762329 0.0030488898184179167 0.026784537291746454 -0.021410380599151124 0.061830845256094419 0.053184943825605492
leaf_weight=4.15587010141462 0.41435464960522805 1.5122368852607904 1.8287641019560394 1.9924744199961439 8.4153915503993648 2.7958342619240275 2.5241615753620854 2.8753414927050462 4.5541972322389546 2.8624430857598773 17.216783037874848 4.4729985632002354 3.2591062746942043 6.7510561682283896 5.0678033055737606 25.159595069475476 4.8845673869363955 127.60203486657701 4.4396539349108934 3.1767451800405979 2.7584932390600443 0.92299528513103712 2.2262576823122799 2.5638793110847464 2.0143732517026365 1.3514815000817177
leaf_count=63 17 16 22 21 68 23 19 29 33 16 128 27 27 61 35 189 38 957 43 26 17 17 27 21 23 50
internal_value=-3.99327e-05 0.0177742 0.0290719 -0.000637628 -0.0104522 -0.0209114 -0.0334682 0.000701339 0.012932 0.0063335 0.0146816 0.0100454 0.0325444 -0.00155931 -0.0180195 9.46685e-05 0.0131407 -0.00288016 -0.0325807 -0.0237609 0.00961598 0.0455417 0.0489023 -0.0441563 0.055917 0.0491707
internal_weight=247.799 8.04421 6.53197 239.755 28.7823 19.0578 13.5034 210.972 32.9118 27.8102 21.771 9.72458 5.25158 178.061 16.2585 161.802 30.0442 131.758 11.1907 6.03919 5.55433 4.7032 5.1016 10.9793 3.78021 1.76584
internal_count=2013 145 129 1868 223 148 108 1645 259 203 161 75 48 1386 139 1247 227 1020 104 42 40 107 56 89 90 67
is_linear=0
shrinkage=0.05


Tree=194
num_leaves=13
num_cat=0
split_feature=103 125 118 100 100 15 18 34 109 112 133 99
split_gain=1.05866 1.95765 2.16235 1.23332 1.88051 1.79474 2.54496 2.86822 2.61122 2.03143 2.18242 0.140862
threshold=82.330219268798842 0.081699945032596602 0.08802045509219171 80.761455535888686 77.952781677246108 0.051548548042774207 0.061931999400258071 0.067721620202064528 29.947326660156254 81.565704345703139 0.25199863314628607 104.62807083129884
decision_type=2 2 2 2 2 2 2 2 2 2 2 2
left_child=3 2 -2 4 5 9 8 -8 -7 10 -1 -4
right_child=1 -3 11 -5 -6 6 7 -9 -10 -11 -12 -13
leaf_value=0.0083244285897167477 -0.01285029828100299 -0.026811960697533267 0.040854821925431502 -0.023280026561934342 0.034251043865578708 0.017827114618577198 0.044184984066669437 -0.0044715157123425362 -0.028194621428864614 0.042067422365905771 -0.0033022550730730711 0.060951367338315444
leaf_weight=65.213531767483801 1.759348228573798 1.8006680421531198 1.3302275612950327 5.8561955094337454 3.9288989771157494 3.6523731583729413 3.3903997689485577 28.398819188820198 19.742961740586907 3.0848221592605105 105.91052842815407 2.5309968255460262
leaf_count=500 16 17 22 36 34 51 40 247 149 21 851 29
internal_value=-3.99834e-05 0.0185584 0.0330937 -0.000617055 -4.8233e-05 -0.000635688 -0.00849359 0.000717822 -0.0210099 0.00185348 0.00112855 0.0540279
internal_weight=246.6 7.42124 5.62057 239.179 233.322 229.393 55.1846 31.7892 23.3953 174.209 171.124 3.86122
internal_count=2013 84 67 1929 1893 1859 487 287 200 1372 1351 51
is_linear=0
shrinkage=0.05


Tree=195
num_leaves=27
num_cat=0
split_feature=133 48 51 86 91 48 21 84 26 35 22 100 126 101 55 125 71 125 64 51 46 30 95 63 114 28
split_gain=1.00948 2.2945 2.33305 2.003 1.87243 1.90908 2.0736 1.59884 2.7465 2.95169 2.84505 2.95043 2.52473 5.98274 3.10015 2.69916 2.53614 2.38486 1.43857 1.2066 1.09376 0.995514 0.883006 0.256351 0.0656934 0.0127773
threshold=0.19543868303298953 0.045639349147677429 0.015086894389241936 0.1259267404675484 0.05465760454535485 0.11310188099741937 0.080257494002580657 0.11353037133812906 0.021065847948193554 0.14972297102212909 0.026108099147677425 47.164850234985359 0.11332278326153757 -0.11080668494105338 0.0591916460543871 0.093529343605041518 0.011360012926161291 0.087736386805772795 0.042500399053096778 0.060257893055677421 0.013064014725387098 0.006128427805379034 0.047622369602322585 0.012944435700774195 90.52710342407228 0.0057696907315403232
decision_type=2 2 2 2 2 2 2 2 2 2 2 2 2 2 2 2 2 2 2 2 2 2 2 2 2 2
left_child=3 2 20 4 19 -6 -7 12 10 17 -9 -12 14 23 15 -3 -15 -10 -4 -1 -2 -11 -16 -14 25 -20
right_child=1 7 18 -5 5 6 -8 8 9 21 11 -13 13 16 22 -17 -18 -19 24 -21 -22 -23 -24 -25 -26 -27
leaf_value=-0.012620031772188912 -0.038140753525834056 -0.00091391636647200419 0.0028674254426663821 0.026215133200459647 0.025891463329069522 0.019331024782736517 -0.042240356699692581 0.042632890611181695 0.033092768377765466 0.067414539280583538 0.0029362037842223091 -0.044708597364025132 0.03379381894634529 0.015217819758991566 -0.013055961029253816 0.018167508689980998 -0.033127523759124498 -0.018816544364551255 0.062373752239973858 -0.05199743009557696 0.023205080845268584 0.028799481922144533 -0.051464342784128848 0.062965124870537167 0.070457512270854547 0.054289725818295012
leaf_weight=3.4018224892206552 1.6070245695300385 130.70075791026466 1.5459304712712763 3.1335891028866163 3.6904436529148352 2.144449601881206 3.7739329754840583 2.8254192266613272 4.2870281548239273 3.7398121207952491 10.337172508239744 4.7389464136213055 1.4342940468341141 3.1805284954607513 2.6648272164165965 21.595162831246853 18.443052187561989 4.5727731287479401 0.59565110690891776 4.5439577475190163 1.3262413330376146 3.014376912266016 3.4129013232886791 1.5857787318527696 0.98260515183210362 2.7245895829983056
leaf_count=32 20 1049 20 24 33 26 35 27 35 21 76 41 23 32 23 148 111 28 7 28 35 21 19 18 7 74
internal_value=-3.80557e-05 0.000932485 0.0259868 -0.0106082 -0.0171814 -0.00233191 -0.0199308 -8.36572e-05 0.00995635 0.0252822 -0.00341109 -0.0120402 -0.00192226 -0.0168097 0.000394296 0.00179178 -0.0260166 0.00630103 0.0442375 -0.0351388 -0.010404 0.0501807 -0.0346239 0.0491111 0.0591009 0.05574
internal_weight=246.003 225.315 8.78204 20.6882 17.5546 9.60883 5.91838 216.533 33.5155 15.614 17.9015 15.0761 183.017 24.6437 158.374 152.296 21.6236 8.8598 5.84878 7.94578 2.93327 6.75419 6.07773 3.02007 4.30285 3.32024
internal_count=2013 1835 163 178 154 94 61 1672 249 105 144 117 1423 184 1239 1197 143 63 108 60 55 42 42 41 88 81
is_linear=0
shrinkage=0.05


Tree=196
num_leaves=31
num_cat=0
split_feature=50 7 20 10 76 50 20 120 72 36 9 87 126 61 5 115 1 125 86 6 74 8 109 54 53 88 52 99 76 48
split_gain=1.01562 3.4812 3.3626 3.77466 1.83366 1.7423 3.0553 3.79204 3.69739 3.21218 2.79067 2.59944 2.98503 2.48991 2.37249 4.25727 2.83878 2.59496 2.35046 3.12566 2.31788 3.48532 3.46937 2.30705 1.56564 1.52822 1.26256 1.19264 0.433456 0.307411
threshold=0.16072424501180652 0.047722019255161292 0.10565808042883874 0.055096061900258071 0.003238600213080645 0.075544085353612914 0.08568837866187097 0.033073613420128829 0.0088089923374354857 0.049326371401548393 0.048459421843290336 0.016302614472806457 0.054571462795138366 0.00076729909051209699 0.083097498863935484 111.18459320068361 0.026436942629516128 0.092504668980836882 0.047134088352322585 0.058165259659290321 0.026018414646387104 0.025380659848451618 69.76676177978517 0.0025211255997419362 0.0060287786182016143 0.012844786513596775 0.0015844228328205647 79.026596069335952 0.013701769988983871 0.60883688926696788
decision_type=2 2 2 2 2 2 2 2 2 2 2 2 2 2 2 2 2 2 2 2 2 2 2 2 2 2 2 2 2 2
left_child=5 24 3 28 -4 11 9 8 -8 13 -9 12 29 -7 20 16 -16 -17 -11 -20 22 -22 -13 -10 -2 26 -14 -15 -3 -1
right_child=1 2 4 -5 -6 6 7 10 23 18 -12 14 25 27 15 17 -18 -19 19 -21 21 -23 -24 -25 -26 -27 -28 -29 -30 -31
leaf_value=-0.0098356721213129356 -0.047862485188063721 0.05898699287570737 0.029971952108245804 0.010430795524874886 -0.02790902829828338 0.018223195742991284 0.024841407125102587 0.05613170381118443 -0.001292470142578897 0.047582113569572815 -0.017475039257014595 -0.0032977408179985543 0.047476311669628818 -0.058905421924927238 -0.00018310707996356643 -0.044964529285856016 0.023654371525665775 0.0071208179601503323 -0.031907258266817562 0.016685914752610723 -0.047215352297506806 -0.007451437100963073 0.030980775586504646 -0.050075452131315458 0.010398530110441924 0.074087983936051843 -0.0047763289889592381 -0.016201740622333562 0.09035574276915144 -0.052279818200299102
leaf_weight=0.8321411432698349 3.0397293753922012 2.1456237686797959 2.165690957568585 4.6264105294831097 3.7163958083838224 2.617591888643803 2.4346181480214062 2.3391149817034593 2.9614367918111411 3.8636542130261686 2.8647636147215962 48.858186211902648 2.7357145121786743 3.5829865485429764 21.607165115419775 5.5345264766365272 29.598656480200589 4.2106324192136526 4.4141087401658323 13.221257935743777 6.4950271463021627 36.360473812324926 8.6952035175636393 13.344811445102094 1.8579257666133342 2.4419588651508093 2.0020729661919177 3.0073164021596313 2.2625249996781349 0.87536392547190189
leaf_count=17 38 29 30 37 26 35 32 16 31 37 24 397 24 28 191 32 218 25 26 88 74 285 66 83 18 17 25 30 11 23
internal_value=-3.80112e-05 0.0108141 0.022823 0.041978 -0.00659817 -0.000994112 -0.00876152 -0.0221493 -0.0326343 0.00167804 0.0156108 0.00149933 0.0278253 -0.0230324 4.93722e-05 0.007831 0.0135957 -0.0224598 0.0122614 0.00452311 -0.00467429 -0.0134779 0.00188108 -0.0412158 -0.0257612 0.0419568 0.0253956 -0.0394187 0.0750873 -0.0315949
internal_weight=244.713 19.8143 14.9166 9.03456 5.88209 224.899 54.6517 23.9447 18.7409 30.7069 5.20388 170.247 8.88725 9.20789 161.36 60.951 51.2058 9.74516 21.499 17.6354 100.409 42.8555 57.5534 16.3062 4.89766 7.17975 4.73779 6.5903 4.40815 1.70751
internal_count=2013 189 133 77 56 1824 430 186 146 244 40 1394 106 93 1288 466 409 57 151 114 822 359 463 114 56 66 49 58 40 40
is_linear=0
shrinkage=0.05


Tree=197
num_leaves=25
num_cat=0
split_feature=69 49 13 127 121 121 93 132 125 33 32 71 127 48 86 49 21 94 72 123 8 103 63 56
split_gain=1.02005 3.74804 2.93273 2.23002 2.22813 3.12179 2.112 1.98061 2.27762 2.57866 2.57141 2.40171 2.59227 1.81784 1.5898 1.54201 2.73571 1.38649 1.37658 1.35367 1.24279 1.12035 0.328142 0.273967
threshold=0.022241708822548393 0.10225008055567743 0.0069654814433306464 0.025211022235453132 0.067983523011207594 0.056975895538926132 0.013073979411274196 0.039647756144404418 0.043624704703688628 0.4207290261983872 0.21351841837167743 0.0095463963225483912 0.01910356339067221 0.75422513484954845 0.054318796843290336 0.249880425632 0.044284120202064521 0.021892936900258068 0.01009446755051613 0.0038044800749048595 0.078772719949483885 44.570682525634773 0.009088010527193548 0.011061065364629032
decision_type=2 2 2 2 2 2 2 2 2 2 2 2 2 2 2 2 2 2 2 2 2 2 2 2
left_child=1 2 19 15 5 6 -4 14 10 11 -9 21 -13 17 -2 20 -17 -6 -18 -1 22 -10 -3 -11
right_child=7 3 4 -5 13 -7 -8 8 9 23 -12 12 -14 -15 -16 16 18 -19 -20 -21 -22 -23 -24 -25
leaf_value=-0.047871189597257315 0.048634861247494582 -0.032762552331690585 -0.025522943364064739 0.032467813574050909 0.052070145986780905 -0.035158759112394168 0.034929008574859019 0.010695743593127943 -0.0071988621747049938 -0.025833234044922146 -0.046999102776881838 0.010088430634616341 -0.0028123216147899004 0.069665987595369447 -0.0047025372458725173 0.035028164939261523 0.018891702526618252 -0.0046391020894503681 -0.049374390900984298 -0.0040423067820745465 -0.0087777190909253556 0.045775415448696011 -0.056732925134122238 -0.055993559769884932
leaf_weight=2.9404406552203026 3.9101416934281579 1.8656182796694389 1.9128115121275202 1.5762826367281366 1.7902465281076718 3.7893882198259234 5.9053660146892071 3.1070750297512841 1.2794104446656991 1.2880382933653884 5.1032266030088067 58.319879465037957 117.17760554910637 2.7268273420631886 2.1737280441448092 2.1744288769550613 0.95342329423874606 2.7085037177894264 3.2754512398969382 4.3946359367109835 2.217852754984051 4.5389766381122172 6.0832328544929624 1.8124717604368923
leaf_count=34 39 22 18 22 22 38 58 35 17 28 34 423 833 29 18 23 23 45 47 39 28 59 64 15
internal_value=-4.03882e-05 -0.00689989 0.00520905 -0.0243618 0.0156553 0.00208638 0.0201387 0.00148935 0.000602215 0.0017494 -0.0251653 0.00252255 0.00147475 0.0374531 0.0295777 -0.0297679 -0.0105485 0.017928 -0.0339834 -0.0216122 -0.0418729 0.0341269 -0.051107 -0.0434641
internal_weight=243.025 44.3145 26.1682 18.1463 18.8331 11.6076 7.81818 198.711 192.627 184.416 8.2103 181.316 175.497 7.22558 6.08387 16.57 6.4033 4.49875 4.22887 7.33508 10.1667 5.81839 7.94885 3.10051
internal_count=2013 512 283 229 210 114 76 1501 1444 1375 69 1332 1256 96 57 207 93 67 70 73 114 76 86 43
is_linear=0
shrinkage=0.05


Tree=198
num_leaves=24
num_cat=0
split_feature=110 133 126 127 115 110 52 120 22 58 122 131 86 14 101 124 82 5 117 42 133 69 73
split_gain=1.0243 1.95646 2.71625 2.93644 1.66573 1.60465 2.3177 1.41273 3.32722 3.31984 3.82803 2.65027 2.43871 2.7308 2.33642 2.94828 2.09006 0.684718 0.10477 0.0867708 0.0399563 0.00241517 0.000151688
threshold=-0.59144088625907887 0.25793360173702246 0.086985636502504363 0.017622352577745918 58.963539123535163 -0.40110798180103296 0.0012456154217943551 0.014862835872918369 0.13338050246238711 0.016751036979258064 0.0087452316656708735 0.018393393605947498 0.07173748686909677 0.0041155132930725822 1.7992371916770937 0.011291697155684234 0.11344068869948389 0.034398917108774192 644.90829467773449 0.003258530050516129 0.35661675035953527 0.030811543576419357 0.083824936300516142
decision_type=2 2 2 2 2 2 2 2 2 2 2 2 2 2 2 2 2 2 2 2 2 2 2
left_child=1 18 3 4 -3 6 -2 8 9 16 -11 12 13 -9 15 -13 -7 -16 -1 -4 -6 22 -20
right_child=5 2 19 -5 20 7 -8 11 -10 10 -12 14 -14 -15 17 -17 -18 -19 21 -21 -22 -23 -24
leaf_value=-0.029969701624360481 0.058186562786702527 0.029638714026749266 -0.033993137866208244 0.05374956992386213 -0.051673368077620845 0.0028502826507361763 -0.001641800852672248 0.01165956287709629 -0.028388541027212295 0.0040031994320528343 0.041046310723658073 0.026994477284905272 0.011636667296336712 -0.038618892666531401 -0.0099740569488219952 -0.00070916105086727993 -0.043812133398494706 -0.053306131136896952 -0.050905202360075036 -0.052633258800758566 -0.036988185235575989 -0.054471161505069698 -0.051923858488628662
leaf_weight=0.64229614986106698 2.9258674876764408 1.1905206940136834 1.0683722859248521 2.8064551688730717 1.1325597222894428 10.981616889592258 3.6234797928482294 3.4194913208484712 5.6535702571272841 14.00149558694102 13.896105250343679 10.308550532674415 5.0799947418272486 12.846564799547194 1.423454265110194 140.4415116275195 3.0707844626158467 2.5355981276370585 0.90030558826401852 1.5021644625812767 0.78372976090759028 1.0141247203573582 0.61517177801579237
leaf_count=20 20 21 25 29 25 98 36 30 34 129 120 107 37 81 19 1014 28 36 38 22 19 14 11
internal_value=-4.07015e-05 -0.0145014 -0.00197574 0.0166776 -0.0168103 0.000691461 0.025086 -2.28798e-05 0.0076192 0.0124719 0.0224548 -0.00208922 -0.0186047 -0.0280492 0.000189502 0.00118526 -0.00734657 -0.0377263 -0.0480035 -0.044886 -0.0456674 -0.0525825 -0.0513187
internal_weight=241.864 11.6557 8.4838 5.91327 3.10681 230.208 6.54935 223.659 47.6036 41.95 27.8976 176.055 21.3461 16.2661 154.709 150.75 14.0524 3.95905 3.1719 2.57054 1.91629 2.5296 1.51548
internal_count=2013 224 141 94 65 1789 56 1733 409 375 249 1324 148 111 1176 1121 126 55 83 47 44 63 49
is_linear=0
shrinkage=0.05


Tree=199
num_leaves=16
num_cat=0
split_feature=37 13 115 35 48 124 16 16 48 18 75 25 48 81 81
split_gain=1.0162 1.3874 1.12904 1.95994 1.25578 2.78782 2.68467 3.6635 2.47635 2.1364 1.04385 0.393081 0.204332 0.0226653 0.000115445
threshold=0.0023915816564112906 0.00035873724846169358 48.14287185668946 0.15371891111135486 0.55544483661651622 0.01934705022722483 0.38757573068141943 0.48303969204425817 0.50908800959587108 0.037268813699483878 0.032037228345870979 0.021454480476677421 0.64539819955825817 0.062350526452064521 0.050552057102322585
decision_type=2 2 2 2 2 2 2 2 2 2 2 2 2 2 2
left_child=11 13 3 10 6 9 8 -8 -4 -6 12 14 -3 -2 -1
right_child=1 2 4 -5 5 -7 7 -9 -10 -11 -12 -13 -14 -15 -16
leaf_value=-0.051752478436320616 0.043103820284879329 0.042752528854111294 -0.0020658271485021933 -0.026739358625987641 0.0068326436716832934 0.044003360977966012 0.036590405132361913 -0.010227761161675361 0.029910003655900061 -0.02177623023627866 0.011457023171855443 -0.0080482306896598119 0.07012178319046769 0.055741287140373769 -0.050813730654925095
leaf_weight=0.62688412703573637 0.6956715176347632 1.3550551792141043 172.39738400978968 1.6903843027539549 9.2332185227423924 2.2685373821295789 11.339579215273263 6.6163464672863475 6.2753254831768563 22.252838265849277 2.428468625061214 0.8783551154192536 1.372841492295265 0.72409008909016848 0.68577509419992566
leaf_count=14 30 38 1307 20 78 26 95 65 48 199 27 20 8 11 27
internal_value=-4.17737e-05 0.000269424 -2.55019e-05 0.0199834 -0.000620146 -0.00952974 0.000909334 0.019339 -0.000942775 -0.0133867 0.0353003 -0.0339381 0.0565264 0.049549 -0.051262
internal_weight=240.841 238.65 237.23 6.84675 230.383 33.7546 196.629 17.9559 178.673 31.4861 5.15637 2.19101 2.7279 1.41976 1.31266
internal_count=2013 1952 1911 93 1818 303 1515 160 1355 277 73 61 46 41 41
is_linear=0
shrinkage=0.05


end of trees

feature_importances:
Column_48=92
Column_104=89
Column_75=82
Column_122=77
Column_78=76
Column_57=75
Column_121=75
Column_76=74
Column_15=69
Column_115=69
Column_120=68
Column_126=64
Column_14=62
Column_117=61
Column_101=56
Column_110=55
Column_125=55
Column_58=52
Column_129=51
Column_63=50
Column_74=49
Column_127=49
Column_133=49
Column_40=48
Column_132=48
Column_10=47
Column_77=46
Column_5=45
Column_124=45
Column_0=44
Column_71=44
Column_43=42
Column_64=42
Column_80=42
Column_49=40
Column_100=40
Column_50=39
Column_53=39
Column_30=38
Column_73=37
Column_12=36
Column_25=36
Column_38=35
Column_52=35
Column_70=35
Column_92=35
Column_114=35
Column_45=34
Column_61=34
Column_72=34
Column_41=33
Column_42=33
Column_69=33
Column_128=33
Column_8=32
Column_28=32
Column_37=32
Column_6=31
Column_13=31
Column_19=31
Column_66=31
Column_81=31
Column_86=31
Column_108=31
Column_109=31
Column_130=31
Column_131=31
Column_3=30
Column_9=30
Column_103=30
Column_123=30
Column_35=29
Column_39=29
Column_95=29
Column_20=28
Column_29=28
Column_56=28
Column_60=28
Column_85=28
Column_16=27
Column_21=27
Column_51=27
Column_62=27
Column_79=27
Column_91=27
Column_18=26
Column_46=26
Column_90=26
Column_31=25
Column_55=25
Column_118=25
Column_84=24
Column_106=24
Column_11=23
Column_65=23
Column_102=23
Column_22=22
Column_59=22
Column_67=22
Column_82=22
Column_105=22
Column_32=21
Column_34=21
Column_44=20
Column_54=20
Column_107=20
Column_113=20
Column_1=19
Column_93=19
Column_26=18
Column_94=18
Column_119=18
Column_7=17
Column_97=17
Column_99=17
Column_24=16
Column_87=16
Column_2=15
Column_23=15
Column_27=15
Column_33=15
Column_89=15
Column_111=14
Column_68=13
Column_96=13
Column_112=13
Column_4=12
Column_17=11
Column_83=11
Column_88=11
Column_36=10
Column_98=10
Column_47=8

parameters:
[boosting: gbdt]
[objective: binary]
[metric: binary_logloss]
[tree_learner: serial]
[device_type: cpu]
[data_sample_strategy: bagging]
[data: ]
[valid: ]
[num_iterations: 200]
[learning_rate: 0.05]
[num_leaves: 31]
[num_threads: 2]
[seed: 42]
[deterministic: 0]
[force_col_wise: 0]
[force_row_wise: 0]
[histogram_pool_size: -1]
[max_depth: 6]
[min_data_in_leaf: 20]
[min_sum_hessian_in_leaf: 0.001]
[bagging_fraction: 1]
[pos_bagging_fraction: 1]
[neg_bagging_fraction: 1]
[bagging_freq: 0]
[bagging_seed: 400]
[bagging_by_query: 0]
[feature_fraction: 1]
[feature_fraction_bynode: 1]
[feature_fraction_seed: 30056]
[extra_trees: 0]
[extra_seed: 12879]
[early_stopping_round: 0]
[early_stopping_min_delta: 0]
[first_metric_only: 0]
[max_delta_step: 0]
[lambda_l1: 0]
[lambda_l2: 0]
[linear_lambda: 0]
[min_gain_to_split: 0]
[drop_rate: 0.1]
[max_drop: 50]
[skip_drop: 0.5]
[xgboost_dart_mode: 0]
[uniform_drop: 0]
[drop_seed: 17869]
[top_rate: 0.2]
[other_rate: 0.1]
[min_data_per_group: 100]
[max_cat_threshold: 32]
[cat_l2: 10]
[cat_smooth: 10]
[max_cat_to_onehot: 4]
[top_k: 20]
[monotone_constraints: ]
[monotone_constraints_method: basic]
[monotone_penalty: 0]
[feature_contri: ]
[forcedsplits_filename: ]
[refit_decay_rate: 0.9]
[cegb_tradeoff: 1]
[cegb_penalty_split: 0]
[cegb_penalty_feature_lazy: ]
[cegb_penalty_feature_coupled: ]
[path_smooth: 0]
[interaction_constraints: ]
[verbosity: -1]
[saved_feature_importance_type: 0]
[use_quantized_grad: 0]
[num_grad_quant_bins: 4]
[quant_train_renew_leaf: 0]
[stochastic_rounding: 1]
[linear_tree: 0]
[max_bin: 255]
[max_bin_by_feature: ]
[min_data_in_bin: 3]
[bin_construct_sample_cnt: 200000]
[data_random_seed: 175]
[is_enable_sparse: 1]
[enable_bundle: 1]
[use_missing: 1]
[zero_as_missing: 0]
[feature_pre_filter: 1]
[pre_partition: 0]
[two_round: 0]
[header: 0]
[label_column: ]
[weight_column: ]
[group_column: ]
[ignore_column: ]
[categorical_feature: ]
[forcedbins_filename: ]
[precise_float_parser: 0]
[parser_config_file: ]
[objective_seed: 16083]
[num_class: 1]
[is_unbalance: 0]
[scale_pos_weight: 1]
[sigmoid: 1]
[boost_from_average: 1]
[reg_sqrt: 0]
[alpha: 0.9]
[fair_c: 1]
[poisson_max_delta_step: 0.7]
[tweedie_variance_power: 1.5]
[lambdarank_truncation_level: 30]
[lambdarank_norm: 1]
[label_gain: ]
[lambdarank_position_bias_regularization: 0]
[eval_at: ]
[multi_error_top_k: 1]
[auc_mu_weights: ]
[num_machines: 1]
[local_listen_port: 12400]
[time_out: 120]
[machine_list_filename: ]
[machines: ]
[gpu_platform_id: -1]
[gpu_device_id: -1]
[gpu_use_dp: 0]
[num_gpu: 1]

end of parameters

pandas_categorical:null
